seed,name,month,test_start_date,test_end_date,accuracy,daily_delta_corr,daily_direction_accuracy_moving,f1,mae_daily,mae_obs,mean_ll_daily,mean_ll_obs,precision,recall,rmse_daily,rmse_obs,wasserstein
7,2025_may_01_07,may,2025-05-01,2025-05-07,0.10495626822157435,0.15170991935656533,1.0,0.1899736147757256,6.581211566925049,0.3278023302555084,-5.9859209060668945,-0.6222473382949829,0.10495626822157435,1.0,9.06190013885498,0.8259866833686829,0.2419267077057613
7,2025_may_08_14,may,2025-05-08,2025-05-14,0.1661807580174927,0.5472566893475805,0.6666666666666666,0.285,15.859586715698242,0.6195188760757446,-15.499871253967285,-2.3624868392944336,0.1661807580174927,1.0,17.858964920043945,1.5896644592285156,0.4406796241772152
7,2025_may_15_21,may,2025-05-15,2025-05-21,0.09912536443148688,0.5327821126845961,0.6666666666666666,0.18037135278514588,6.367368221282959,0.5124154686927795,-5.064890384674072,-1.0386266708374023,0.09912536443148688,1.0,8.778424263000488,1.2413924932479858,0.43710596677783836
7,2025_may_22_28,may,2025-05-22,2025-05-28,0.15451895043731778,0.8511728968419259,0.8,0.2676767676767677,10.575093269348145,0.555295467376709,-6.135228633880615,-1.0193465948104858,0.15451895043731778,1.0,12.331551551818848,1.1984254121780396,0.4264134186808166
7,2025_november_01_07,november,2025-11-01,2025-11-07,0.15160349854227406,0.6857240258805188,0.75,0.2595419847328244,4.579331874847412,0.42622140049934387,-2.7254369258880615,-0.8384286165237427,0.14912280701754385,1.0,6.293063640594482,0.8460725545883179,0.2735632410293044
7,2025_november_08_14,november,2025-11-08,2025-11-14,0.1282798833819242,0.10905725201086613,0.5,0.227390180878553,6.168313026428223,0.3379458487033844,-4.978627681732178,-0.6754569411277771,0.1282798833819242,1.0,8.407649040222168,0.7416647672653198,0.21958687856493656
7,2025_november_15_21,november,2025-11-15,2025-11-21,0.09912536443148688,0.6121675578405192,1.0,0.18037135278514588,9.399637222290039,0.4585643708705902,-5.770010948181152,-0.8907501101493835,0.09912536443148688,1.0,11.415639877319336,1.1575568914413452,0.3576607780909068
7,2025_november_22_28,november,2025-11-22,2025-11-28,0.11078717201166181,0.46521920046536636,0.6666666666666666,0.19947506561679793,10.64947509765625,0.6664344072341919,-5.6556501388549805,-1.0304352045059204,0.11078717201166181,1.0,12.540458679199219,1.3463646173477173,0.44277067152369654
3,2025_may_01_07,may,2025-05-01,2025-05-07,0.10495626822157435,0.40398386939392006,1.0,0.1899736147757256,6.008908748626709,0.2890077829360962,-9.09752368927002,-0.8651226162910461,0.10495626822157435,1.0,8.526655197143555,0.8664467930793762,0.14909539851712128
3,2025_may_08_14,may,2025-05-08,2025-05-14,0.1661807580174927,0.7328008745235408,0.8333333333333334,0.285,11.909673690795898,0.586887538433075,-8.53708267211914,-1.6221781969070435,0.1661807580174927,1.0,13.489166259765625,1.4731035232543945,0.45259905776005493
3,2025_may_15_21,may,2025-05-15,2025-05-21,0.09912536443148688,0.6320883133406349,0.6666666666666666,0.18037135278514588,6.468150615692139,0.45834723114967346,-22.0906982421875,-1.3076157569885254,0.09912536443148688,1.0,8.9734468460083,1.3092106580734253,0.36508211780425204
3,2025_may_22_28,may,2025-05-22,2025-05-28,0.15451895043731778,0.8405318601667662,0.6,0.2676767676767677,10.939287185668945,0.55278080701828,-6.278618812561035,-0.9634706377983093,0.15451895043731778,1.0,13.528779029846191,1.2198632955551147,0.31191982825978387
3,2025_november_01_07,november,2025-11-01,2025-11-07,0.14868804664723032,0.8602797678053841,0.75,0.25888324873096447,6.010689735412598,0.42657408118247986,-3.287243604660034,-0.8767059445381165,0.14868804664723032,1.0,8.446234703063965,0.8946489095687866,0.1699202445617516
3,2025_november_08_14,november,2025-11-08,2025-11-14,0.1282798833819242,0.48309965754002093,0.5,0.227390180878553,4.99098539352417,0.4155768156051636,-6.979579925537109,-1.3849525451660156,0.1282798833819242,1.0,7.345102310180664,0.8039600253105164,0.26119455097562255
3,2025_november_15_21,november,2025-11-15,2025-11-21,0.09912536443148688,0.7870691943309049,1.0,0.18037135278514588,7.089295864105225,0.4441910982131958,-3.9393017292022705,-0.9344895482063293,0.09912536443148688,1.0,9.14939022064209,1.1142388582229614,0.33197074112821084
3,2025_november_22_28,november,2025-11-22,2025-11-28,0.11078717201166181,0.6251507703398785,0.8333333333333334,0.19947506561679793,7.5830769538879395,0.5455620288848877,-4.475916862487793,-1.2642109394073486,0.11078717201166181,1.0,9.209005355834961,1.2910549640655518,0.37392361391520246
4,2025_may_01_07,may,2025-05-01,2025-05-07,0.27988338192419826,0.40532994089820024,1.0,0.21587301587301588,6.2389750480651855,0.35411715507507324,-10.894729614257812,-1.6341567039489746,0.12186379928315412,0.9444444444444444,8.273551940917969,0.9116359949111938,0.1848715620185008
4,2025_may_08_14,may,2025-05-08,2025-05-14,0.24489795918367346,0.6672536634801738,0.5,0.2981029810298103,11.17989444732666,0.6071586012840271,-8.483240127563477,-2.0529747009277344,0.1762820512820513,0.9649122807017544,13.105100631713867,1.510844349861145,0.42609909984585603
4,2025_may_15_21,may,2025-05-15,2025-05-21,0.10495626822157435,0.5307719232854761,0.8333333333333334,0.1725067385444744,6.94219446182251,0.5297195911407471,-5.203244686126709,-1.295359492301941,0.09495548961424333,0.9411764705882353,9.031402587890625,1.3046528100967407,0.43910565015077185
4,2025_may_22_28,may,2025-05-22,2025-05-28,0.15451895043731778,0.9166778027353012,0.8,0.2676767676767677,8.484259605407715,0.5932418704032898,-5.398608684539795,-1.1516276597976685,0.15451895043731778,1.0,11.44180679321289,1.2127238512039185,0.47438577977347385
4,2025_november_01_07,november,2025-11-01,2025-11-07,0.43440233236151604,0.521615325688301,0.25,0.34459459459459457,5.460318565368652,0.4580833613872528,-3.011181116104126,-1.2983590364456177,0.20816326530612245,1.0,7.8078694343566895,0.9228300452232361,0.24218313301523675
4,2025_november_08_14,november,2025-11-08,2025-11-14,0.1282798833819242,0.3794631421617607,0.5,0.227390180878553,5.163749694824219,0.36705878376960754,-8.48127269744873,-0.8418521881103516,0.1282798833819242,1.0,7.454751968383789,0.7697142362594604,0.23454372605565
4,2025_november_15_21,november,2025-11-15,2025-11-21,0.09912536443148688,0.36921712643499666,0.8,0.18037135278514588,9.437110900878906,0.4047183692455292,-6.987900257110596,-1.0491331815719604,0.09912536443148688,1.0,13.36361312866211,1.1503435373306274,0.3243035129424581
4,2025_november_22_28,november,2025-11-22,2025-11-28,0.3236151603498542,0.4817944850675994,0.6666666666666666,0.23684210526315788,9.506329536437988,0.5393111109733582,-18.067441940307617,-1.7060251235961914,0.13533834586466165,0.9473684210526315,12.558222770690918,1.3148566484451294,0.4063647129423664
6,2025_may_01_07,may,2025-05-01,2025-05-07,0.2886297376093295,0.22801309694842983,0.75,0.21794871794871795,6.245928764343262,0.3305923342704773,-10.64011287689209,-1.3351961374282837,0.12318840579710146,0.9444444444444444,9.372807502746582,0.8295605778694153,0.26642206761520393
6,2025_may_08_14,may,2025-05-08,2025-05-14,0.21574344023323616,0.8685664519425662,0.8333333333333334,0.2976501305483028,12.300989151000977,0.5993226170539856,-9.661558151245117,-2.5182623863220215,0.17484662576687116,1.0,13.338557243347168,1.4973926544189453,0.4377598596279008
6,2025_may_15_21,may,2025-05-15,2025-05-21,0.27113702623906705,0.6125758114503456,0.6666666666666666,0.2088607594936709,7.275907039642334,0.5498546957969666,-5.569967746734619,-1.973020315170288,0.11702127659574468,0.9705882352941176,9.03562068939209,1.3099303245544434,0.39044061629879445
6,2025_may_22_28,may,2025-05-22,2025-05-28,0.1661807580174927,0.977079635397408,0.4,0.26666666666666666,7.638134956359863,0.5712668895721436,-4.328672885894775,-1.1526894569396973,0.1543026706231454,0.9811320754716981,9.6050386428833,1.2237786054611206,0.503145640432887
6,2025_november_01_07,november,2025-11-01,2025-11-07,0.43440233236151604,0.6063242200752308,0.5,0.34459459459459457,4.292893409729004,0.41190963983535767,-2.413551092147827,-1.1648890972137451,0.20816326530612245,1.0,5.48229455947876,0.8104805946350098,0.3268976723836695
6,2025_november_08_14,november,2025-11-08,2025-11-14,0.2303206997084548,0.27448320135673865,0.5,0.24137931034482765,6.28863525390625,0.36246007680892944,-12.698843955993652,-2.2073116302490234,0.13815789473684212,0.9545454545454546,8.038054466247559,0.7722361087799072,0.23840264920022863
6,2025_november_15_21,november,2025-11-15,2025-11-21,0.27405247813411077,0.6997828506668121,0.8,0.21451104100946372,7.308654308319092,0.4656524360179901,-3.9174346923828125,-1.5023658275604248,0.12014134275618374,1.0,9.550284385681152,1.2084555625915527,0.33098167361605574
6,2025_november_22_28,november,2025-11-22,2025-11-28,0.2886297376093295,0.6786130605733721,0.6666666666666666,0.2278481012658228,8.43337345123291,0.5084971189498901,-18.07810401916504,-1.8538702726364136,0.12949640287769784,0.9473684210526315,12.41761302947998,1.3138220310211182,0.4090034103770021
1,2025_may_01_07,may,2025-05-01,2025-05-07,0.10495626822157435,0.49564469278304524,0.75,0.1899736147757256,5.933028221130371,0.29734325408935547,-7.5034966468811035,-0.5595134496688843,0.10495626822157435,1.0,7.7673563957214355,0.786094069480896,0.2160578219717981
1,2025_may_08_14,may,2025-05-08,2025-05-14,0.1661807580174927,0.807532188989971,0.8333333333333334,0.285,11.11065673828125,0.5707109570503235,-14.816990852355957,-1.2943614721298218,0.1661807580174927,1.0,12.776924133300781,1.4444910287857056,0.4448184943397853
1,2025_may_15_21,may,2025-05-15,2025-05-21,0.09912536443148688,0.7639049890625231,0.6666666666666666,0.18037135278514588,5.451811790466309,0.459318071603775,-4.465449810028076,-0.701107382774353,0.09912536443148688,1.0,6.449851989746094,1.1868842840194702,0.37521845026656664
1,2025_may_22_28,may,2025-05-22,2025-05-28,0.15451895043731778,0.9054890465575949,0.6,0.2676767676767677,8.111763954162598,0.5154367089271545,-6.508230686187744,-0.9077656269073486,0.15451895043731778,1.0,9.21406078338623,1.1895229816436768,0.4386389072875477
1,2025_november_01_07,november,2025-11-01,2025-11-07,0.43440233236151604,0.5043342749877656,0.5,0.34459459459459457,6.119097709655762,0.4201878011226654,-3.235980749130249,-1.4464126825332642,0.20816326530612245,1.0,7.6880669593811035,0.8529207706451416,0.2900273681678692
1,2025_november_08_14,november,2025-11-08,2025-11-14,0.1282798833819242,0.634451338874328,0.6666666666666666,0.227390180878553,4.8980607986450195,0.38641557097435,-4.15634822845459,-1.3099043369293213,0.1282798833819242,1.0,6.694695472717285,0.7909234166145325,0.2890578813901871
1,2025_november_15_21,november,2025-11-15,2025-11-21,0.1749271137026239,0.7231941330437522,1.0,0.19373219373219372,8.367863655090332,0.3667043447494507,-6.923356056213379,-0.978963315486908,0.10725552050473186,1.0,13.236368179321289,1.1244436502456665,0.2798976947838918
1,2025_november_22_28,november,2025-11-22,2025-11-28,0.11078717201166181,0.21236681496210943,0.5,0.19947506561679793,12.84522533416748,0.564757764339447,-12.283098220825195,-1.270249843597412,0.11078717201166181,1.0,18.361740112304688,1.5731303691864014,0.18750342392760214
10,2025_may_01_07,may,2025-05-01,2025-05-07,0.20116618075801748,0.499360410845966,1.0,0.19883040935672514,8.116263389587402,0.26034441590309143,-12.508793830871582,-0.9523887634277344,0.1111111111111111,0.9444444444444444,11.269253730773926,0.8018824458122253,0.22428690513028737
10,2025_may_08_14,may,2025-05-08,2025-05-14,0.17201166180758018,0.6804169049952398,0.6666666666666666,0.28643216080402006,10.987794876098633,0.6202195882797241,-8.698378562927246,-1.9311167001724243,0.16715542521994134,1.0,12.922334671020508,1.489128589630127,0.5068233678240027
10,2025_may_15_21,may,2025-05-15,2025-05-21,0.09912536443148688,0.554145004427566,0.6666666666666666,0.18037135278514588,7.069957256317139,0.4854469299316406,-5.23762845993042,-0.7869114279747009,0.09912536443148688,1.0,8.892599105834961,1.2254242897033691,0.4516631589731554
10,2025_may_22_28,may,2025-05-22,2025-05-28,0.15451895043731778,0.9461050884294484,0.6,0.2676767676767677,9.882528305053711,0.5434636473655701,-6.46171236038208,-1.1139496564865112,0.15451895043731778,1.0,11.340226173400879,1.2017182111740112,0.3863316326723307
10,2025_november_01_07,november,2025-11-01,2025-11-07,0.43440233236151604,0.8665698255983577,0.5,0.34459459459459457,5.715476036071777,0.4349656105041504,-3.0918116569519043,-1.3458707332611084,0.20816326530612245,1.0,8.05992317199707,0.8987061977386475,0.21687119550964606
10,2025_november_08_14,november,2025-11-08,2025-11-14,0.1836734693877551,0.32360695943358503,0.5,0.2391304347826087,5.790464878082275,0.3514798581600189,-6.209343910217285,-2.4414219856262207,0.13580246913580246,1.0,7.87659215927124,0.7824905514717102,0.21341778864864286
10,2025_november_15_21,november,2025-11-15,2025-11-21,0.10204081632653061,0.546412799034385,1.0,0.18085106382978725,8.235638618469238,0.43704700469970703,-4.944403648376465,-1.1307399272918701,0.09941520467836257,1.0,11.57943058013916,1.1654106378555298,0.365106633145183
10,2025_november_22_28,november,2025-11-22,2025-11-28,0.1749271137026239,0.40087946171746924,0.6666666666666666,0.2116991643454039,9.942631721496582,0.5479283332824707,-13.458296775817871,-1.6517506837844849,0.11838006230529595,1.0,13.772674560546875,1.4489772319793701,0.21358713944268964
8,2025_may_01_07,may,2025-05-01,2025-05-07,0.26822157434402333,0.46975523738304,0.75,0.21316614420062696,5.755941867828369,0.3174971044063568,-9.794937133789062,-0.747787356376648,0.12014134275618374,0.9444444444444444,8.11923599243164,0.814024031162262,0.22147135372088894
8,2025_may_08_14,may,2025-05-08,2025-05-14,0.24489795918367346,0.8347486933481466,0.8333333333333334,0.28650137741046827,11.769502639770508,0.5566661357879639,-37.99790573120117,-1.721863865852356,0.16993464052287582,0.9122807017543859,13.397360801696777,1.466712236404419,0.43525185805271815
8,2025_may_15_21,may,2025-05-15,2025-05-21,0.20408163265306123,0.7397876370072851,0.5,0.19469026548672566,5.191252708435059,0.4924033582210541,-6.764817237854004,-1.1423091888427734,0.10819672131147541,0.9705882352941176,6.491196155548096,1.2400639057159424,0.40437154046103563
8,2025_may_22_28,may,2025-05-22,2025-05-28,0.15451895043731778,0.9118190234810447,0.6,0.2676767676767677,10.14515495300293,0.5368751287460327,-12.311544418334961,-1.0191773176193237,0.15451895043731778,1.0,12.524951934814453,1.1798895597457886,0.4070082094505513
8,2025_november_01_07,november,2025-11-01,2025-11-07,0.43440233236151604,0.6713462876967028,0.5,0.34459459459459457,3.848706007003784,0.4154248535633087,-2.507999897003174,-0.8078559637069702,0.20816326530612245,1.0,5.645063877105713,0.8228362202644348,0.304310733937343
8,2025_november_08_14,november,2025-11-08,2025-11-14,0.1282798833819242,0.24284516815020504,0.5,0.227390180878553,6.5395731925964355,0.3637133538722992,-7.402626991271973,-1.9739922285079956,0.1282798833819242,1.0,8.221481323242188,0.761300265789032,0.26847546386610505
8,2025_november_15_21,november,2025-11-15,2025-11-21,0.10204081632653061,0.24328820974140533,0.8,0.18085106382978725,9.64393138885498,0.4582898020744324,-5.793098449707031,-1.1079654693603516,0.09941520467836257,1.0,12.677972793579102,1.1851307153701782,0.36482503224474194
8,2025_november_22_28,november,2025-11-22,2025-11-28,0.11078717201166181,0.7986677988618616,0.6666666666666666,0.19947506561679793,9.064065933227539,0.5123363733291626,-6.362589359283447,-1.2712640762329102,0.11078717201166181,1.0,12.096109390258789,1.2852870225906372,0.45518938850335783
5,2025_may_01_07,may,2025-05-01,2025-05-07,0.10495626822157435,0.25402129183555705,0.75,0.1899736147757256,6.214354038238525,0.30337652564048767,-5.02074670791626,-0.5519139766693115,0.10495626822157435,1.0,9.748165130615234,0.8150689005851746,0.20085426584405797
5,2025_may_08_14,may,2025-05-08,2025-05-14,0.1661807580174927,0.6484340651084642,0.6666666666666666,0.285,16.43437957763672,0.5306075215339661,-19.74380111694336,-1.3376526832580566,0.1661807580174927,1.0,18.392908096313477,1.4810724258422852,0.42324311144216875
5,2025_may_15_21,may,2025-05-15,2025-05-21,0.09912536443148688,0.6880032008059995,0.6666666666666666,0.18037135278514588,7.026691436767578,0.5000712871551514,-5.1695427894592285,-0.8221603035926819,0.09912536443148688,1.0,8.455667495727539,1.248000144958496,0.42214456897275277
5,2025_may_22_28,may,2025-05-22,2025-05-28,0.15451895043731778,0.8932082309691161,0.6,0.2676767676767677,8.797745704650879,0.551959216594696,-5.568961143493652,-0.8555005788803101,0.15451895043731778,1.0,10.479124069213867,1.1990982294082642,0.3979370978403953
5,2025_november_01_07,november,2025-11-01,2025-11-07,0.14868804664723032,0.6413515115533777,0.5,0.25888324873096447,3.593611001968384,0.4167691469192505,-2.660640001296997,-1.5378859043121338,0.14868804664723032,1.0,5.446384429931641,0.8447691798210144,0.29133238447290843
5,2025_november_08_14,november,2025-11-08,2025-11-14,0.1282798833819242,0.011058528133318167,0.3333333333333333,0.227390180878553,7.0152788162231445,0.3785869777202606,-8.407445907592773,-0.932938277721405,0.1282798833819242,1.0,8.97601318359375,0.7890859246253967,0.28881856065652345
5,2025_november_15_21,november,2025-11-15,2025-11-21,0.09912536443148688,0.5964031905722048,1.0,0.18037135278514588,9.095856666564941,0.4726523458957672,-4.717260837554932,-0.7856349349021912,0.09912536443148688,1.0,11.37005615234375,1.1055731773376465,0.36853394293558117
5,2025_november_22_28,november,2025-11-22,2025-11-28,0.11078717201166181,0.6649403033769072,0.6666666666666666,0.19947506561679793,6.2525529861450195,0.526866614818573,-4.545434474945068,-1.2434226274490356,0.11078717201166181,1.0,8.592671394348145,1.334591031074524,0.2686211215877356
2,2025_may_01_07,may,2025-05-01,2025-05-07,0.10495626822157435,0.04304521630296915,0.75,0.1899736147757256,6.810276031494141,0.29705810546875,-6.895923137664795,-0.6619463562965393,0.10495626822157435,1.0,10.036653518676758,0.8284690380096436,0.23025701549493593
2,2025_may_08_14,may,2025-05-08,2025-05-14,0.1661807580174927,0.9475692346285064,0.8333333333333334,0.285,14.304206848144531,0.5255815386772156,-41.632232666015625,-1.5387760400772095,0.1661807580174927,1.0,15.889322280883789,1.459073781967163,0.4332623014930378
2,2025_may_15_21,may,2025-05-15,2025-05-21,0.09912536443148688,0.34795730537456504,0.8333333333333334,0.18037135278514588,10.837504386901855,0.4958956837654114,-20.618417739868164,-1.1392508745193481,0.09912536443148688,1.0,12.934494018554688,1.2814942598342896,0.3866546102313762
2,2025_may_22_28,may,2025-05-22,2025-05-28,0.15451895043731778,0.9154556088612706,0.6,0.2676767676767677,8.054798126220703,0.6196780204772949,-12.965242385864258,-1.1465368270874023,0.15451895043731778,1.0,11.476994514465332,1.2026400566101074,0.4924169681195769
2,2025_november_01_07,november,2025-11-01,2025-11-07,0.43440233236151604,0.8388256013690005,0.75,0.34459459459459457,4.210151195526123,0.4086284935474396,-2.9282963275909424,-0.7536366581916809,0.20816326530612245,1.0,6.458854675292969,0.835856556892395,0.2511562409168708
2,2025_november_08_14,november,2025-11-08,2025-11-14,0.1282798833819242,0.599961640730499,0.6666666666666666,0.227390180878553,5.791017055511475,0.37750017642974854,-9.18680477142334,-1.1147345304489136,0.1282798833819242,1.0,7.117836952209473,0.7548559308052063,0.2611173825407793
2,2025_november_15_21,november,2025-11-15,2025-11-21,0.09912536443148688,0.6453096312482732,1.0,0.18037135278514588,7.879652976989746,0.4442378580570221,-4.323594093322754,-0.8454721570014954,0.09912536443148688,1.0,10.25612735748291,1.1444851160049438,0.348425142475998
2,2025_november_22_28,november,2025-11-22,2025-11-28,0.11078717201166181,0.3843898697537338,0.5,0.19947506561679793,10.606725692749023,0.542166531085968,-6.080830097198486,-1.1205224990844727,0.11078717201166181,1.0,12.60009765625,1.2636008262634277,0.38033393356587075
9,2025_may_01_07,may,2025-05-01,2025-05-07,0.10787172011661808,0.03265457509872146,0.5,0.1904761904761905,7.669918060302734,0.3576290011405945,-12.032821655273438,-0.8160765171051025,0.10526315789473684,1.0,11.767208099365234,0.8825221061706543,0.21839824917867331
9,2025_may_08_14,may,2025-05-08,2025-05-14,0.1661807580174927,0.8656655339483569,0.8333333333333334,0.285,10.287185668945312,0.6014566421508789,-6.080079078674316,-1.191078782081604,0.1661807580174927,1.0,11.429604530334473,1.5028693675994873,0.3998625235667337
9,2025_may_15_21,may,2025-05-15,2025-05-21,0.09912536443148688,0.6616391898211517,0.6666666666666666,0.18037135278514588,5.179625511169434,0.5706040859222412,-5.109661102294922,-1.175289273262024,0.09912536443148688,1.0,6.112353801727295,1.3379920721054077,0.4868537601339087
9,2025_may_22_28,may,2025-05-22,2025-05-28,0.15451895043731778,0.9690116591982731,0.8,0.2676767676767677,7.218594074249268,0.6024284958839417,-4.339896202087402,-1.0281612873077393,0.15451895043731778,1.0,9.02735424041748,1.2413684129714966,0.4705513072028366
9,2025_november_01_07,november,2025-11-01,2025-11-07,0.2915451895043732,0.7102531457919322,0.75,0.29565217391304344,3.974543333053589,0.42836064100265503,-2.4066126346588135,-0.8276960849761963,0.17346938775510204,1.0,5.391830921173096,0.8419338464736938,0.3406667180066326
9,2025_november_08_14,november,2025-11-08,2025-11-14,0.1282798833819242,0.6737359773664434,0.5,0.227390180878553,4.359629154205322,0.44172045588493347,-3.877807855606079,-1.209662914276123,0.1282798833819242,1.0,6.17169189453125,0.8108789920806885,0.3241382581909734
9,2025_november_15_21,november,2025-11-15,2025-11-21,0.09912536443148688,0.4466131199425092,0.8,0.18037135278514588,9.07762336730957,0.5070461630821228,-4.876597881317139,-1.123202919960022,0.09912536443148688,1.0,10.948909759521484,1.199631690979004,0.3790401295844938
9,2025_november_22_28,november,2025-11-22,2025-11-28,0.11078717201166181,0.47749505742391524,0.6666666666666666,0.19947506561679793,8.357294082641602,0.5435431003570557,-5.85436487197876,-1.4448692798614502,0.11078717201166181,1.0,11.840319633483887,1.3124773502349854,0.3919459087626337
