month,metric,mean,std,n_windows
may,accuracy,0.13119533527696792,0.029516700774513974,4
may,daily_delta_corr,0.5343861771963928,0.32896650103880337,4
may,daily_direction_accuracy_moving,0.6708333333333333,0.05319643889501544,4
may,f1,0.23075543380940977,0.04611770332558308,4
may,mae_daily,7.691002130508423,0.38665686410683947,4
may,mae_obs,0.33611004799604416,0.048705000639686996,4
may,mean_ll_daily,-5.433811664581299,0.878353796556872,4
may,mean_ll_obs,-0.49169523268938065,0.05037156543593375,4
may,precision,0.13119533527696792,0.029516700774513974,4
may,recall,1.0,0.0,4
may,rmse_daily,9.653000950813293,1.1139847913494738,4
may,rmse_obs,0.9230741113424301,0.1372289201857646,4
may,wasserstein,0.19967197762986993,0.06391011031238374,4
november,accuracy,0.1217201166180758,0.01871063797812454,4
november,daily_delta_corr,0.4690724414073709,0.35252595841364054,4
november,daily_direction_accuracy_moving,0.5666666666666667,0.18104634152000362,4
november,f1,0.2165299620028653,0.029622878666664312,4
november,mae_daily,6.08390885591507,2.407941998080384,4
november,mae_obs,0.30691999197006226,0.044885027673360764,4
november,mean_ll_daily,-4.28226363658905,1.582305457140653,4
november,mean_ll_obs,-0.502720944583416,0.05784637024630006,4
november,precision,0.1217201166180758,0.01871063797812454,4
november,recall,1.0,0.0,4
november,rmse_daily,8.498409628868103,2.9017883143011525,4
november,rmse_obs,0.7925752401351929,0.16407827367013597,4
november,wasserstein,0.16374808424491816,0.03406431119012975,4
