date,x,y,observed,predicted,lon_mean,lon_std,lat_mean,lat_std
2025-05-08,-1.290851,-2.43128,0,0.0,13.397958755493164,0.17918026447296143,45.63052749633789,0.062255967408418655
2025-05-08,-1.0583107,-2.43128,0,0.0,13.397958755493164,0.17918026447296143,45.63052749633789,0.062255967408418655
2025-05-08,-1.290851,-1.7620314,0,0.0,13.397958755493164,0.17918026447296143,45.63052749633789,0.062255967408418655
2025-05-08,-1.0583107,-1.7620314,0,0.0,13.397958755493164,0.17918026447296143,45.63052749633789,0.062255967408418655
2025-05-08,-0.82576525,-1.7620314,0,0.0,13.397958755493164,0.17918026447296143,45.63052749633789,0.062255967408418655
2025-05-08,-1.290851,-1.0927217,0,0.0,13.397958755493164,0.17918026447296143,45.63052749633789,0.062255967408418655
2025-05-08,-1.0583107,-1.0927217,0,0.0,13.397958755493164,0.17918026447296143,45.63052749633789,0.062255967408418655
2025-05-08,-0.82576525,-1.0927217,0,0.0,13.397958755493164,0.17918026447296143,45.63052749633789,0.062255967408418655
2025-05-08,-0.5932197,-1.0927217,0,0.0,13.397958755493164,0.17918026447296143,45.63052749633789,0.062255967408418655
2025-05-08,-0.3606795,-1.0927217,0,0.0,13.397958755493164,0.17918026447296143,45.63052749633789,0.062255967408418655
2025-05-08,-1.290851,-0.42341205,3,0.60787934620868,13.397958755493164,0.17918026447296143,45.63052749633789,0.062255967408418655
2025-05-08,-1.0583107,-0.42341205,0,0.6870402749671024,13.397958755493164,0.17918026447296143,45.63052749633789,0.062255967408418655
2025-05-08,-0.82576525,-0.42341205,0,0.14315548141325476,13.397958755493164,0.17918026447296143,45.63052749633789,0.062255967408418655
2025-05-08,-0.5932197,-0.42341205,0,0.0,13.397958755493164,0.17918026447296143,45.63052749633789,0.062255967408418655
2025-05-08,-0.3606795,-0.42341205,0,0.0,13.397958755493164,0.17918026447296143,45.63052749633789,0.062255967408418655
2025-05-08,-0.12813397,-0.42341205,0,0.0,13.397958755493164,0.17918026447296143,45.63052749633789,0.062255967408418655
2025-05-08,0.104411565,-0.42341205,0,0.6192734956076014,13.397958755493164,0.17918026447296143,45.63052749633789,0.062255967408418655
2025-05-08,0.33695176,-0.42341205,2,0.8035745695410378,13.397958755493164,0.17918026447296143,45.63052749633789,0.062255967408418655
2025-05-08,0.5694973,-0.42341205,1,0.0,13.397958755493164,0.17918026447296143,45.63052749633789,0.062255967408418655
2025-05-08,1.7322143,-0.42341205,0,0.0,13.397958755493164,0.17918026447296143,45.63052749633789,0.062255967408418655
2025-05-08,-1.290851,0.24583635,2,0.5827979604017409,13.397958755493164,0.17918026447296143,45.63052749633789,0.062255967408418655
2025-05-08,-1.0583107,0.24583635,5,1.8066362137252021,13.397958755493164,0.17918026447296143,45.63052749633789,0.062255967408418655
2025-05-08,-0.82576525,0.24583635,3,5.331031192131682,13.397958755493164,0.17918026447296143,45.63052749633789,0.062255967408418655
2025-05-08,-0.5932197,0.24583635,8,1.9343808452315927,13.397958755493164,0.17918026447296143,45.63052749633789,0.062255967408418655
2025-05-08,-0.3606795,0.24583635,2,2.452336993790219,13.397958755493164,0.17918026447296143,45.63052749633789,0.062255967408418655
2025-05-08,-0.12813397,0.24583635,0,0.0,13.397958755493164,0.17918026447296143,45.63052749633789,0.062255967408418655
2025-05-08,0.104411565,0.24583635,0,0.0,13.397958755493164,0.17918026447296143,45.63052749633789,0.062255967408418655
2025-05-08,0.33695176,0.24583635,0,0.22943975460212976,13.397958755493164,0.17918026447296143,45.63052749633789,0.062255967408418655
2025-05-08,0.5694973,0.24583635,1,1.101269021250958,13.397958755493164,0.17918026447296143,45.63052749633789,0.062255967408418655
2025-05-08,0.80204284,0.24583635,2,1.2266781476789745,13.397958755493164,0.17918026447296143,45.63052749633789,0.062255967408418655
2025-05-08,1.0345831,0.24583635,3,0.9292885703530337,13.397958755493164,0.17918026447296143,45.63052749633789,0.062255967408418655
2025-05-08,1.2671286,0.24583635,0,0.0,13.397958755493164,0.17918026447296143,45.63052749633789,0.062255967408418655
2025-05-08,1.4996741,0.24583635,0,0.0,13.397958755493164,0.17918026447296143,45.63052749633789,0.062255967408418655
2025-05-08,1.7322143,0.24583635,0,0.0,13.397958755493164,0.17918026447296143,45.63052749633789,0.062255967408418655
2025-05-08,-1.290851,0.91514605,0,0.2084630666864246,13.397958755493164,0.17918026447296143,45.63052749633789,0.062255967408418655
2025-05-08,-1.0583107,0.91514605,0,0.0773882777114794,13.397958755493164,0.17918026447296143,45.63052749633789,0.062255967408418655
2025-05-08,-0.82576525,0.91514605,0,0.07151064138170315,13.397958755493164,0.17918026447296143,45.63052749633789,0.062255967408418655
2025-05-08,-0.5932197,0.91514605,0,0.0419823615569721,13.397958755493164,0.17918026447296143,45.63052749633789,0.062255967408418655
2025-05-08,0.33695176,0.91514605,0,0.0,13.397958755493164,0.17918026447296143,45.63052749633789,0.062255967408418655
2025-05-08,0.5694973,0.91514605,0,0.0,13.397958755493164,0.17918026447296143,45.63052749633789,0.062255967408418655
2025-05-08,0.80204284,0.91514605,0,0.2325958433890778,13.397958755493164,0.17918026447296143,45.63052749633789,0.062255967408418655
2025-05-08,1.0345831,0.91514605,0,0.33905333278438293,13.397958755493164,0.17918026447296143,45.63052749633789,0.062255967408418655
2025-05-08,1.2671286,0.91514605,0,0.0,13.397958755493164,0.17918026447296143,45.63052749633789,0.062255967408418655
2025-05-08,1.4996741,0.91514605,0,0.0,13.397958755493164,0.17918026447296143,45.63052749633789,0.062255967408418655
2025-05-08,1.7322143,0.91514605,0,0.0,13.397958755493164,0.17918026447296143,45.63052749633789,0.062255967408418655
2025-05-08,0.80204284,1.5844557,0,0.0,13.397958755493164,0.17918026447296143,45.63052749633789,0.062255967408418655
2025-05-08,1.0345831,1.5844557,0,0.0,13.397958755493164,0.17918026447296143,45.63052749633789,0.062255967408418655
2025-05-08,1.2671286,1.5844557,0,0.0,13.397958755493164,0.17918026447296143,45.63052749633789,0.062255967408418655
2025-05-08,1.4996741,1.5844557,0,0.0,13.397958755493164,0.17918026447296143,45.63052749633789,0.062255967408418655
2025-05-09,-1.290851,-2.43128,0,0.0,13.397958755493164,0.17918026447296143,45.63052749633789,0.062255967408418655
2025-05-09,-1.0583107,-2.43128,0,0.0,13.397958755493164,0.17918026447296143,45.63052749633789,0.062255967408418655
2025-05-09,-1.290851,-1.7620314,0,0.0,13.397958755493164,0.17918026447296143,45.63052749633789,0.062255967408418655
2025-05-09,-1.0583107,-1.7620314,0,0.0,13.397958755493164,0.17918026447296143,45.63052749633789,0.062255967408418655
2025-05-09,-0.82576525,-1.7620314,0,0.0,13.397958755493164,0.17918026447296143,45.63052749633789,0.062255967408418655
2025-05-09,-1.290851,-1.0927217,0,0.0,13.397958755493164,0.17918026447296143,45.63052749633789,0.062255967408418655
2025-05-09,-1.0583107,-1.0927217,0,0.0,13.397958755493164,0.17918026447296143,45.63052749633789,0.062255967408418655
2025-05-09,-0.82576525,-1.0927217,0,0.0,13.397958755493164,0.17918026447296143,45.63052749633789,0.062255967408418655
2025-05-09,-0.5932197,-1.0927217,0,0.0,13.397958755493164,0.17918026447296143,45.63052749633789,0.062255967408418655
2025-05-09,-0.3606795,-1.0927217,0,0.0,13.397958755493164,0.17918026447296143,45.63052749633789,0.062255967408418655
2025-05-09,-1.290851,-0.42341205,3,0.7986059749166693,13.397958755493164,0.17918026447296143,45.63052749633789,0.062255967408418655
2025-05-09,-1.0583107,-0.42341205,0,0.3911614472662674,13.397958755493164,0.17918026447296143,45.63052749633789,0.062255967408418655
2025-05-09,-0.82576525,-0.42341205,0,0.0,13.397958755493164,0.17918026447296143,45.63052749633789,0.062255967408418655
2025-05-09,-0.5932197,-0.42341205,0,0.0,13.397958755493164,0.17918026447296143,45.63052749633789,0.062255967408418655
2025-05-09,-0.3606795,-0.42341205,0,0.0,13.397958755493164,0.17918026447296143,45.63052749633789,0.062255967408418655
2025-05-09,-0.12813397,-0.42341205,1,0.0,13.397958755493164,0.17918026447296143,45.63052749633789,0.062255967408418655
2025-05-09,0.104411565,-0.42341205,0,0.0,13.397958755493164,0.17918026447296143,45.63052749633789,0.062255967408418655
2025-05-09,0.33695176,-0.42341205,1,0.7509337558634889,13.397958755493164,0.17918026447296143,45.63052749633789,0.062255967408418655
2025-05-09,0.5694973,-0.42341205,1,1.106989228970511,13.397958755493164,0.17918026447296143,45.63052749633789,0.062255967408418655
2025-05-09,1.7322143,-0.42341205,0,0.0,13.397958755493164,0.17918026447296143,45.63052749633789,0.062255967408418655
2025-05-09,-1.290851,0.24583635,1,0.7722175981462099,13.397958755493164,0.17918026447296143,45.63052749633789,0.062255967408418655
2025-05-09,-1.0583107,0.24583635,5,1.89965463957577,13.397958755493164,0.17918026447296143,45.63052749633789,0.062255967408418655
2025-05-09,-0.82576525,0.24583635,5,1.2635209763143052,13.397958755493164,0.17918026447296143,45.63052749633789,0.062255967408418655
2025-05-09,-0.5932197,0.24583635,3,3.659902157982814,13.397958755493164,0.17918026447296143,45.63052749633789,0.062255967408418655
2025-05-09,-0.3606795,0.24583635,4,1.01574369617639,13.397958755493164,0.17918026447296143,45.63052749633789,0.062255967408418655
2025-05-09,-0.12813397,0.24583635,0,0.0,13.397958755493164,0.17918026447296143,45.63052749633789,0.062255967408418655
2025-05-09,0.104411565,0.24583635,0,0.0,13.397958755493164,0.17918026447296143,45.63052749633789,0.062255967408418655
2025-05-09,0.33695176,0.24583635,0,0.22263518411241842,13.397958755493164,0.17918026447296143,45.63052749633789,0.062255967408418655
2025-05-09,0.5694973,0.24583635,1,0.7022298602235586,13.397958755493164,0.17918026447296143,45.63052749633789,0.062255967408418655
2025-05-09,0.80204284,0.24583635,0,0.9432798083822783,13.397958755493164,0.17918026447296143,45.63052749633789,0.062255967408418655
2025-05-09,1.0345831,0.24583635,1,1.754857143257726,13.397958755493164,0.17918026447296143,45.63052749633789,0.062255967408418655
2025-05-09,1.2671286,0.24583635,2,0.0,13.397958755493164,0.17918026447296143,45.63052749633789,0.062255967408418655
2025-05-09,1.4996741,0.24583635,0,0.0,13.397958755493164,0.17918026447296143,45.63052749633789,0.062255967408418655
2025-05-09,1.7322143,0.24583635,0,0.0,13.397958755493164,0.17918026447296143,45.63052749633789,0.062255967408418655
2025-05-09,-1.290851,0.91514605,0,0.14832788702988617,13.397958755493164,0.17918026447296143,45.63052749633789,0.062255967408418655
2025-05-09,-1.0583107,0.91514605,0,0.07899760926127455,13.397958755493164,0.17918026447296143,45.63052749633789,0.062255967408418655
2025-05-09,-0.82576525,0.91514605,0,0.07627234482787451,13.397958755493164,0.17918026447296143,45.63052749633789,0.062255967408418655
2025-05-09,-0.5932197,0.91514605,0,0.0,13.397958755493164,0.17918026447296143,45.63052749633789,0.062255967408418655
2025-05-09,0.33695176,0.91514605,0,0.0,13.397958755493164,0.17918026447296143,45.63052749633789,0.062255967408418655
2025-05-09,0.5694973,0.91514605,0,0.0,13.397958755493164,0.17918026447296143,45.63052749633789,0.062255967408418655
2025-05-09,0.80204284,0.91514605,0,0.0,13.397958755493164,0.17918026447296143,45.63052749633789,0.062255967408418655
2025-05-09,1.0345831,0.91514605,0,0.0,13.397958755493164,0.17918026447296143,45.63052749633789,0.062255967408418655
2025-05-09,1.2671286,0.91514605,0,0.0,13.397958755493164,0.17918026447296143,45.63052749633789,0.062255967408418655
2025-05-09,1.4996741,0.91514605,0,0.0,13.397958755493164,0.17918026447296143,45.63052749633789,0.062255967408418655
2025-05-09,1.7322143,0.91514605,0,0.0,13.397958755493164,0.17918026447296143,45.63052749633789,0.062255967408418655
2025-05-09,0.80204284,1.5844557,0,0.0,13.397958755493164,0.17918026447296143,45.63052749633789,0.062255967408418655
2025-05-09,1.0345831,1.5844557,0,0.0,13.397958755493164,0.17918026447296143,45.63052749633789,0.062255967408418655
2025-05-09,1.2671286,1.5844557,0,0.0,13.397958755493164,0.17918026447296143,45.63052749633789,0.062255967408418655
2025-05-09,1.4996741,1.5844557,0,0.0,13.397958755493164,0.17918026447296143,45.63052749633789,0.062255967408418655
2025-05-10,-1.290851,-2.43128,0,0.0,13.397958755493164,0.17918026447296143,45.63052749633789,0.062255967408418655
2025-05-10,-1.0583107,-2.43128,0,0.0,13.397958755493164,0.17918026447296143,45.63052749633789,0.062255967408418655
2025-05-10,-1.290851,-1.7620314,0,0.0,13.397958755493164,0.17918026447296143,45.63052749633789,0.062255967408418655
2025-05-10,-1.0583107,-1.7620314,0,0.0,13.397958755493164,0.17918026447296143,45.63052749633789,0.062255967408418655
2025-05-10,-0.82576525,-1.7620314,0,0.0,13.397958755493164,0.17918026447296143,45.63052749633789,0.062255967408418655
2025-05-10,-1.290851,-1.0927217,0,0.0,13.397958755493164,0.17918026447296143,45.63052749633789,0.062255967408418655
2025-05-10,-1.0583107,-1.0927217,0,0.0,13.397958755493164,0.17918026447296143,45.63052749633789,0.062255967408418655
2025-05-10,-0.82576525,-1.0927217,0,0.0,13.397958755493164,0.17918026447296143,45.63052749633789,0.062255967408418655
2025-05-10,-0.5932197,-1.0927217,0,0.0,13.397958755493164,0.17918026447296143,45.63052749633789,0.062255967408418655
2025-05-10,-0.3606795,-1.0927217,0,0.0,13.397958755493164,0.17918026447296143,45.63052749633789,0.062255967408418655
2025-05-10,-1.290851,-0.42341205,0,0.0,13.397958755493164,0.17918026447296143,45.63052749633789,0.062255967408418655
2025-05-10,-1.0583107,-0.42341205,0,0.0,13.397958755493164,0.17918026447296143,45.63052749633789,0.062255967408418655
2025-05-10,-0.82576525,-0.42341205,0,0.0,13.397958755493164,0.17918026447296143,45.63052749633789,0.062255967408418655
2025-05-10,-0.5932197,-0.42341205,0,0.0,13.397958755493164,0.17918026447296143,45.63052749633789,0.062255967408418655
2025-05-10,-0.3606795,-0.42341205,0,0.0,13.397958755493164,0.17918026447296143,45.63052749633789,0.062255967408418655
2025-05-10,-0.12813397,-0.42341205,0,0.0,13.397958755493164,0.17918026447296143,45.63052749633789,0.062255967408418655
2025-05-10,0.104411565,-0.42341205,0,0.0,13.397958755493164,0.17918026447296143,45.63052749633789,0.062255967408418655
2025-05-10,0.33695176,-0.42341205,0,0.0,13.397958755493164,0.17918026447296143,45.63052749633789,0.062255967408418655
2025-05-10,0.5694973,-0.42341205,0,0.0,13.397958755493164,0.17918026447296143,45.63052749633789,0.062255967408418655
2025-05-10,1.7322143,-0.42341205,0,0.0,13.397958755493164,0.17918026447296143,45.63052749633789,0.062255967408418655
2025-05-10,-1.290851,0.24583635,0,0.8548196649293761,13.397958755493164,0.17918026447296143,45.63052749633789,0.062255967408418655
2025-05-10,-1.0583107,0.24583635,0,0.0,13.397958755493164,0.17918026447296143,45.63052749633789,0.062255967408418655
2025-05-10,-0.82576525,0.24583635,0,0.0,13.397958755493164,0.17918026447296143,45.63052749633789,0.062255967408418655
2025-05-10,-0.5932197,0.24583635,0,0.0,13.397958755493164,0.17918026447296143,45.63052749633789,0.062255967408418655
2025-05-10,-0.3606795,0.24583635,0,0.0,13.397958755493164,0.17918026447296143,45.63052749633789,0.062255967408418655
2025-05-10,-0.12813397,0.24583635,0,0.0,13.397958755493164,0.17918026447296143,45.63052749633789,0.062255967408418655
2025-05-10,0.104411565,0.24583635,0,0.0,13.397958755493164,0.17918026447296143,45.63052749633789,0.062255967408418655
2025-05-10,0.33695176,0.24583635,0,0.0,13.397958755493164,0.17918026447296143,45.63052749633789,0.062255967408418655
2025-05-10,0.5694973,0.24583635,0,0.0,13.397958755493164,0.17918026447296143,45.63052749633789,0.062255967408418655
2025-05-10,0.80204284,0.24583635,0,0.0,13.397958755493164,0.17918026447296143,45.63052749633789,0.062255967408418655
2025-05-10,1.0345831,0.24583635,0,0.0,13.397958755493164,0.17918026447296143,45.63052749633789,0.062255967408418655
2025-05-10,1.2671286,0.24583635,0,0.0,13.397958755493164,0.17918026447296143,45.63052749633789,0.062255967408418655
2025-05-10,1.4996741,0.24583635,0,0.0,13.397958755493164,0.17918026447296143,45.63052749633789,0.062255967408418655
2025-05-10,1.7322143,0.24583635,0,0.0,13.397958755493164,0.17918026447296143,45.63052749633789,0.062255967408418655
2025-05-10,-1.290851,0.91514605,0,0.1887830375168747,13.397958755493164,0.17918026447296143,45.63052749633789,0.062255967408418655
2025-05-10,-1.0583107,0.91514605,0,0.09039427216688907,13.397958755493164,0.17918026447296143,45.63052749633789,0.062255967408418655
2025-05-10,-0.82576525,0.91514605,0,0.07307262042761434,13.397958755493164,0.17918026447296143,45.63052749633789,0.062255967408418655
2025-05-10,-0.5932197,0.91514605,0,0.04211255968267434,13.397958755493164,0.17918026447296143,45.63052749633789,0.062255967408418655
2025-05-10,0.33695176,0.91514605,0,0.0,13.397958755493164,0.17918026447296143,45.63052749633789,0.062255967408418655
2025-05-10,0.5694973,0.91514605,0,0.0,13.397958755493164,0.17918026447296143,45.63052749633789,0.062255967408418655
2025-05-10,0.80204284,0.91514605,0,0.0,13.397958755493164,0.17918026447296143,45.63052749633789,0.062255967408418655
2025-05-10,1.0345831,0.91514605,0,0.0,13.397958755493164,0.17918026447296143,45.63052749633789,0.062255967408418655
2025-05-10,1.2671286,0.91514605,0,0.0,13.397958755493164,0.17918026447296143,45.63052749633789,0.062255967408418655
2025-05-10,1.4996741,0.91514605,0,0.0,13.397958755493164,0.17918026447296143,45.63052749633789,0.062255967408418655
2025-05-10,1.7322143,0.91514605,0,0.0,13.397958755493164,0.17918026447296143,45.63052749633789,0.062255967408418655
2025-05-10,0.80204284,1.5844557,0,0.0,13.397958755493164,0.17918026447296143,45.63052749633789,0.062255967408418655
2025-05-10,1.0345831,1.5844557,0,0.0,13.397958755493164,0.17918026447296143,45.63052749633789,0.062255967408418655
2025-05-10,1.2671286,1.5844557,0,0.0,13.397958755493164,0.17918026447296143,45.63052749633789,0.062255967408418655
2025-05-10,1.4996741,1.5844557,0,0.0,13.397958755493164,0.17918026447296143,45.63052749633789,0.062255967408418655
2025-05-11,-1.290851,-2.43128,0,0.0,13.397958755493164,0.17918026447296143,45.63052749633789,0.062255967408418655
2025-05-11,-1.0583107,-2.43128,0,0.0,13.397958755493164,0.17918026447296143,45.63052749633789,0.062255967408418655
2025-05-11,-1.290851,-1.7620314,0,0.0,13.397958755493164,0.17918026447296143,45.63052749633789,0.062255967408418655
2025-05-11,-1.0583107,-1.7620314,0,0.0,13.397958755493164,0.17918026447296143,45.63052749633789,0.062255967408418655
2025-05-11,-0.82576525,-1.7620314,0,0.0,13.397958755493164,0.17918026447296143,45.63052749633789,0.062255967408418655
2025-05-11,-1.290851,-1.0927217,0,0.0,13.397958755493164,0.17918026447296143,45.63052749633789,0.062255967408418655
2025-05-11,-1.0583107,-1.0927217,0,0.0,13.397958755493164,0.17918026447296143,45.63052749633789,0.062255967408418655
2025-05-11,-0.82576525,-1.0927217,0,0.0,13.397958755493164,0.17918026447296143,45.63052749633789,0.062255967408418655
2025-05-11,-0.5932197,-1.0927217,0,0.0,13.397958755493164,0.17918026447296143,45.63052749633789,0.062255967408418655
2025-05-11,-0.3606795,-1.0927217,0,0.0,13.397958755493164,0.17918026447296143,45.63052749633789,0.062255967408418655
2025-05-11,-1.290851,-0.42341205,0,0.0,13.397958755493164,0.17918026447296143,45.63052749633789,0.062255967408418655
2025-05-11,-1.0583107,-0.42341205,0,0.0,13.397958755493164,0.17918026447296143,45.63052749633789,0.062255967408418655
2025-05-11,-0.82576525,-0.42341205,0,0.0,13.397958755493164,0.17918026447296143,45.63052749633789,0.062255967408418655
2025-05-11,-0.5932197,-0.42341205,0,0.0,13.397958755493164,0.17918026447296143,45.63052749633789,0.062255967408418655
2025-05-11,-0.3606795,-0.42341205,0,0.0,13.397958755493164,0.17918026447296143,45.63052749633789,0.062255967408418655
2025-05-11,-0.12813397,-0.42341205,0,0.0,13.397958755493164,0.17918026447296143,45.63052749633789,0.062255967408418655
2025-05-11,0.104411565,-0.42341205,0,0.0,13.397958755493164,0.17918026447296143,45.63052749633789,0.062255967408418655
2025-05-11,0.33695176,-0.42341205,0,0.0,13.397958755493164,0.17918026447296143,45.63052749633789,0.062255967408418655
2025-05-11,0.5694973,-0.42341205,0,0.0,13.397958755493164,0.17918026447296143,45.63052749633789,0.062255967408418655
2025-05-11,1.7322143,-0.42341205,0,0.0,13.397958755493164,0.17918026447296143,45.63052749633789,0.062255967408418655
2025-05-11,-1.290851,0.24583635,2,0.21231923186335883,13.397958755493164,0.17918026447296143,45.63052749633789,0.062255967408418655
2025-05-11,-1.0583107,0.24583635,2,0.34204309174301917,13.397958755493164,0.17918026447296143,45.63052749633789,0.062255967408418655
2025-05-11,-0.82576525,0.24583635,3,0.0,13.397958755493164,0.17918026447296143,45.63052749633789,0.062255967408418655
2025-05-11,-0.5932197,0.24583635,2,0.0,13.397958755493164,0.17918026447296143,45.63052749633789,0.062255967408418655
2025-05-11,-0.3606795,0.24583635,1,0.0,13.397958755493164,0.17918026447296143,45.63052749633789,0.062255967408418655
2025-05-11,-0.12813397,0.24583635,0,0.0,13.397958755493164,0.17918026447296143,45.63052749633789,0.062255967408418655
2025-05-11,0.104411565,0.24583635,1,0.0,13.397958755493164,0.17918026447296143,45.63052749633789,0.062255967408418655
2025-05-11,0.33695176,0.24583635,0,0.0,13.397958755493164,0.17918026447296143,45.63052749633789,0.062255967408418655
2025-05-11,0.5694973,0.24583635,0,0.0,13.397958755493164,0.17918026447296143,45.63052749633789,0.062255967408418655
2025-05-11,0.80204284,0.24583635,0,0.0,13.397958755493164,0.17918026447296143,45.63052749633789,0.062255967408418655
2025-05-11,1.0345831,0.24583635,0,0.0,13.397958755493164,0.17918026447296143,45.63052749633789,0.062255967408418655
2025-05-11,1.2671286,0.24583635,0,0.0,13.397958755493164,0.17918026447296143,45.63052749633789,0.062255967408418655
2025-05-11,1.4996741,0.24583635,0,0.0,13.397958755493164,0.17918026447296143,45.63052749633789,0.062255967408418655
2025-05-11,1.7322143,0.24583635,0,0.0,13.397958755493164,0.17918026447296143,45.63052749633789,0.062255967408418655
2025-05-11,-1.290851,0.91514605,0,0.08999786191912626,13.397958755493164,0.17918026447296143,45.63052749633789,0.062255967408418655
2025-05-11,-1.0583107,0.91514605,0,0.047942327610517414,13.397958755493164,0.17918026447296143,45.63052749633789,0.062255967408418655
2025-05-11,-0.82576525,0.91514605,0,0.03791320126420969,13.397958755493164,0.17918026447296143,45.63052749633789,0.062255967408418655
2025-05-11,-0.5932197,0.91514605,0,0.02213209998333711,13.397958755493164,0.17918026447296143,45.63052749633789,0.062255967408418655
2025-05-11,0.33695176,0.91514605,0,0.0,13.397958755493164,0.17918026447296143,45.63052749633789,0.062255967408418655
2025-05-11,0.5694973,0.91514605,0,0.0,13.397958755493164,0.17918026447296143,45.63052749633789,0.062255967408418655
2025-05-11,0.80204284,0.91514605,0,0.0,13.397958755493164,0.17918026447296143,45.63052749633789,0.062255967408418655
2025-05-11,1.0345831,0.91514605,0,0.0,13.397958755493164,0.17918026447296143,45.63052749633789,0.062255967408418655
2025-05-11,1.2671286,0.91514605,0,0.0,13.397958755493164,0.17918026447296143,45.63052749633789,0.062255967408418655
2025-05-11,1.4996741,0.91514605,0,0.0,13.397958755493164,0.17918026447296143,45.63052749633789,0.062255967408418655
2025-05-11,1.7322143,0.91514605,0,0.0,13.397958755493164,0.17918026447296143,45.63052749633789,0.062255967408418655
2025-05-11,0.80204284,1.5844557,0,0.0,13.397958755493164,0.17918026447296143,45.63052749633789,0.062255967408418655
2025-05-11,1.0345831,1.5844557,0,0.0,13.397958755493164,0.17918026447296143,45.63052749633789,0.062255967408418655
2025-05-11,1.2671286,1.5844557,0,0.0,13.397958755493164,0.17918026447296143,45.63052749633789,0.062255967408418655
2025-05-11,1.4996741,1.5844557,0,0.0,13.397958755493164,0.17918026447296143,45.63052749633789,0.062255967408418655
2025-05-12,-1.290851,-2.43128,0,0.0,13.397958755493164,0.17918026447296143,45.63052749633789,0.062255967408418655
2025-05-12,-1.0583107,-2.43128,0,0.0,13.397958755493164,0.17918026447296143,45.63052749633789,0.062255967408418655
2025-05-12,-1.290851,-1.7620314,0,0.0,13.397958755493164,0.17918026447296143,45.63052749633789,0.062255967408418655
2025-05-12,-1.0583107,-1.7620314,0,0.0,13.397958755493164,0.17918026447296143,45.63052749633789,0.062255967408418655
2025-05-12,-0.82576525,-1.7620314,0,0.0,13.397958755493164,0.17918026447296143,45.63052749633789,0.062255967408418655
2025-05-12,-1.290851,-1.0927217,1,0.0,13.397958755493164,0.17918026447296143,45.63052749633789,0.062255967408418655
2025-05-12,-1.0583107,-1.0927217,0,0.0,13.397958755493164,0.17918026447296143,45.63052749633789,0.062255967408418655
2025-05-12,-0.82576525,-1.0927217,0,0.0,13.397958755493164,0.17918026447296143,45.63052749633789,0.062255967408418655
2025-05-12,-0.5932197,-1.0927217,0,0.0,13.397958755493164,0.17918026447296143,45.63052749633789,0.062255967408418655
2025-05-12,-0.3606795,-1.0927217,0,0.0,13.397958755493164,0.17918026447296143,45.63052749633789,0.062255967408418655
2025-05-12,-1.290851,-0.42341205,2,0.3327755499497325,13.397958755493164,0.17918026447296143,45.63052749633789,0.062255967408418655
2025-05-12,-1.0583107,-0.42341205,0,0.2494403517318788,13.397958755493164,0.17918026447296143,45.63052749633789,0.062255967408418655
2025-05-12,-0.82576525,-0.42341205,2,0.10195194066652219,13.397958755493164,0.17918026447296143,45.63052749633789,0.062255967408418655
2025-05-12,-0.5932197,-0.42341205,0,0.04828939129419025,13.397958755493164,0.17918026447296143,45.63052749633789,0.062255967408418655
2025-05-12,-0.3606795,-0.42341205,0,0.0,13.397958755493164,0.17918026447296143,45.63052749633789,0.062255967408418655
2025-05-12,-0.12813397,-0.42341205,0,0.0,13.397958755493164,0.17918026447296143,45.63052749633789,0.062255967408418655
2025-05-12,0.104411565,-0.42341205,0,0.37601108831190094,13.397958755493164,0.17918026447296143,45.63052749633789,0.062255967408418655
2025-05-12,0.33695176,-0.42341205,0,0.2913213139976779,13.397958755493164,0.17918026447296143,45.63052749633789,0.062255967408418655
2025-05-12,0.5694973,-0.42341205,0,0.4579618375529682,13.397958755493164,0.17918026447296143,45.63052749633789,0.062255967408418655
2025-05-12,1.7322143,-0.42341205,0,0.0,13.397958755493164,0.17918026447296143,45.63052749633789,0.062255967408418655
2025-05-12,-1.290851,0.24583635,1,0.9759293680951935,13.397958755493164,0.17918026447296143,45.63052749633789,0.062255967408418655
2025-05-12,-1.0583107,0.24583635,6,2.2228568909024897,13.397958755493164,0.17918026447296143,45.63052749633789,0.062255967408418655
2025-05-12,-0.82576525,0.24583635,7,3.5163589877906816,13.397958755493164,0.17918026447296143,45.63052749633789,0.062255967408418655
2025-05-12,-0.5932197,0.24583635,7,2.167260205285898,13.397958755493164,0.17918026447296143,45.63052749633789,0.062255967408418655
2025-05-12,-0.3606795,0.24583635,5,0.9288738456994384,13.397958755493164,0.17918026447296143,45.63052749633789,0.062255967408418655
2025-05-12,-0.12813397,0.24583635,1,0.12407396437991601,13.397958755493164,0.17918026447296143,45.63052749633789,0.062255967408418655
2025-05-12,0.104411565,0.24583635,0,0.07649134135026857,13.397958755493164,0.17918026447296143,45.63052749633789,0.062255967408418655
2025-05-12,0.33695176,0.24583635,0,0.18224877548975182,13.397958755493164,0.17918026447296143,45.63052749633789,0.062255967408418655
2025-05-12,0.5694973,0.24583635,0,0.4705322710088696,13.397958755493164,0.17918026447296143,45.63052749633789,0.062255967408418655
2025-05-12,0.80204284,0.24583635,0,0.5252084124148299,13.397958755493164,0.17918026447296143,45.63052749633789,0.062255967408418655
2025-05-12,1.0345831,0.24583635,0,0.5990432122122257,13.397958755493164,0.17918026447296143,45.63052749633789,0.062255967408418655
2025-05-12,1.2671286,0.24583635,0,0.0,13.397958755493164,0.17918026447296143,45.63052749633789,0.062255967408418655
2025-05-12,1.4996741,0.24583635,0,0.0,13.397958755493164,0.17918026447296143,45.63052749633789,0.062255967408418655
2025-05-12,1.7322143,0.24583635,0,0.0,13.397958755493164,0.17918026447296143,45.63052749633789,0.062255967408418655
2025-05-12,-1.290851,0.91514605,0,0.22270596994330688,13.397958755493164,0.17918026447296143,45.63052749633789,0.062255967408418655
2025-05-12,-1.0583107,0.91514605,0,0.1323586169440447,13.397958755493164,0.17918026447296143,45.63052749633789,0.062255967408418655
2025-05-12,-0.82576525,0.91514605,0,0.1116467993806072,13.397958755493164,0.17918026447296143,45.63052749633789,0.062255967408418655
2025-05-12,-0.5932197,0.91514605,0,0.06755100290919709,13.397958755493164,0.17918026447296143,45.63052749633789,0.062255967408418655
2025-05-12,0.33695176,0.91514605,0,0.0,13.397958755493164,0.17918026447296143,45.63052749633789,0.062255967408418655
2025-05-12,0.5694973,0.91514605,0,0.0,13.397958755493164,0.17918026447296143,45.63052749633789,0.062255967408418655
2025-05-12,0.80204284,0.91514605,0,0.0,13.397958755493164,0.17918026447296143,45.63052749633789,0.062255967408418655
2025-05-12,1.0345831,0.91514605,0,0.0,13.397958755493164,0.17918026447296143,45.63052749633789,0.062255967408418655
2025-05-12,1.2671286,0.91514605,0,0.0,13.397958755493164,0.17918026447296143,45.63052749633789,0.062255967408418655
2025-05-12,1.4996741,0.91514605,0,0.0,13.397958755493164,0.17918026447296143,45.63052749633789,0.062255967408418655
2025-05-12,1.7322143,0.91514605,0,0.0,13.397958755493164,0.17918026447296143,45.63052749633789,0.062255967408418655
2025-05-12,0.80204284,1.5844557,0,0.0,13.397958755493164,0.17918026447296143,45.63052749633789,0.062255967408418655
2025-05-12,1.0345831,1.5844557,0,0.0,13.397958755493164,0.17918026447296143,45.63052749633789,0.062255967408418655
2025-05-12,1.2671286,1.5844557,0,0.0,13.397958755493164,0.17918026447296143,45.63052749633789,0.062255967408418655
2025-05-12,1.4996741,1.5844557,0,0.0,13.397958755493164,0.17918026447296143,45.63052749633789,0.062255967408418655
2025-05-13,-1.290851,-2.43128,0,0.0,13.397958755493164,0.17918026447296143,45.63052749633789,0.062255967408418655
2025-05-13,-1.0583107,-2.43128,0,0.0,13.397958755493164,0.17918026447296143,45.63052749633789,0.062255967408418655
2025-05-13,-1.290851,-1.7620314,0,0.0,13.397958755493164,0.17918026447296143,45.63052749633789,0.062255967408418655
2025-05-13,-1.0583107,-1.7620314,0,0.0,13.397958755493164,0.17918026447296143,45.63052749633789,0.062255967408418655
2025-05-13,-0.82576525,-1.7620314,0,0.0,13.397958755493164,0.17918026447296143,45.63052749633789,0.062255967408418655
2025-05-13,-1.290851,-1.0927217,0,0.07429818989028214,13.397958755493164,0.17918026447296143,45.63052749633789,0.062255967408418655
2025-05-13,-1.0583107,-1.0927217,0,0.0,13.397958755493164,0.17918026447296143,45.63052749633789,0.062255967408418655
2025-05-13,-0.82576525,-1.0927217,0,0.0,13.397958755493164,0.17918026447296143,45.63052749633789,0.062255967408418655
2025-05-13,-0.5932197,-1.0927217,0,0.0,13.397958755493164,0.17918026447296143,45.63052749633789,0.062255967408418655
2025-05-13,-0.3606795,-1.0927217,0,0.0,13.397958755493164,0.17918026447296143,45.63052749633789,0.062255967408418655
2025-05-13,-1.290851,-0.42341205,1,0.622689774838761,13.397958755493164,0.17918026447296143,45.63052749633789,0.062255967408418655
2025-05-13,-1.0583107,-0.42341205,0,0.24466034552465998,13.397958755493164,0.17918026447296143,45.63052749633789,0.062255967408418655
2025-05-13,-0.82576525,-0.42341205,1,0.1823679451325536,13.397958755493164,0.17918026447296143,45.63052749633789,0.062255967408418655
2025-05-13,-0.5932197,-0.42341205,0,0.058193869487715405,13.397958755493164,0.17918026447296143,45.63052749633789,0.062255967408418655
2025-05-13,-0.3606795,-0.42341205,0,0.0,13.397958755493164,0.17918026447296143,45.63052749633789,0.062255967408418655
2025-05-13,-0.12813397,-0.42341205,0,0.0,13.397958755493164,0.17918026447296143,45.63052749633789,0.062255967408418655
2025-05-13,0.104411565,-0.42341205,0,0.6641173642038285,13.397958755493164,0.17918026447296143,45.63052749633789,0.062255967408418655
2025-05-13,0.33695176,-0.42341205,0,0.632051445389471,13.397958755493164,0.17918026447296143,45.63052749633789,0.062255967408418655
2025-05-13,0.5694973,-0.42341205,0,0.6696256059999923,13.397958755493164,0.17918026447296143,45.63052749633789,0.062255967408418655
2025-05-13,1.7322143,-0.42341205,0,0.0,13.397958755493164,0.17918026447296143,45.63052749633789,0.062255967408418655
2025-05-13,-1.290851,0.24583635,1,0.6722073897349709,13.397958755493164,0.17918026447296143,45.63052749633789,0.062255967408418655
2025-05-13,-1.0583107,0.24583635,11,4.635023210017081,13.397958755493164,0.17918026447296143,45.63052749633789,0.062255967408418655
2025-05-13,-0.82576525,0.24583635,14,6.079684204159792,13.397958755493164,0.17918026447296143,45.63052749633789,0.062255967408418655
2025-05-13,-0.5932197,0.24583635,4,6.504725974872135,13.397958755493164,0.17918026447296143,45.63052749633789,0.062255967408418655
2025-05-13,-0.3606795,0.24583635,6,2.8005808449358915,13.397958755493164,0.17918026447296143,45.63052749633789,0.062255967408418655
2025-05-13,-0.12813397,0.24583635,0,0.15661779450129093,13.397958755493164,0.17918026447296143,45.63052749633789,0.062255967408418655
2025-05-13,0.104411565,0.24583635,0,0.05792034134481279,13.397958755493164,0.17918026447296143,45.63052749633789,0.062255967408418655
2025-05-13,0.33695176,0.24583635,0,0.17587832721997032,13.397958755493164,0.17918026447296143,45.63052749633789,0.062255967408418655
2025-05-13,0.5694973,0.24583635,0,0.5754818129546595,13.397958755493164,0.17918026447296143,45.63052749633789,0.062255967408418655
2025-05-13,0.80204284,0.24583635,0,0.6948891270666103,13.397958755493164,0.17918026447296143,45.63052749633789,0.062255967408418655
2025-05-13,1.0345831,0.24583635,0,0.8619442780570539,13.397958755493164,0.17918026447296143,45.63052749633789,0.062255967408418655
2025-05-13,1.2671286,0.24583635,0,0.6525566636451405,13.397958755493164,0.17918026447296143,45.63052749633789,0.062255967408418655
2025-05-13,1.4996741,0.24583635,0,0.0,13.397958755493164,0.17918026447296143,45.63052749633789,0.062255967408418655
2025-05-13,1.7322143,0.24583635,0,0.0,13.397958755493164,0.17918026447296143,45.63052749633789,0.062255967408418655
2025-05-13,-1.290851,0.91514605,0,0.1929429474661095,13.397958755493164,0.17918026447296143,45.63052749633789,0.062255967408418655
2025-05-13,-1.0583107,0.91514605,0,0.1099239373297246,13.397958755493164,0.17918026447296143,45.63052749633789,0.062255967408418655
2025-05-13,-0.82576525,0.91514605,0,0.10212788118912598,13.397958755493164,0.17918026447296143,45.63052749633789,0.062255967408418655
2025-05-13,-0.5932197,0.91514605,0,0.06124308968513237,13.397958755493164,0.17918026447296143,45.63052749633789,0.062255967408418655
2025-05-13,0.33695176,0.91514605,0,0.0,13.397958755493164,0.17918026447296143,45.63052749633789,0.062255967408418655
2025-05-13,0.5694973,0.91514605,0,0.0,13.397958755493164,0.17918026447296143,45.63052749633789,0.062255967408418655
2025-05-13,0.80204284,0.91514605,0,0.12701007093762606,13.397958755493164,0.17918026447296143,45.63052749633789,0.062255967408418655
2025-05-13,1.0345831,0.91514605,0,0.2527504256024766,13.397958755493164,0.17918026447296143,45.63052749633789,0.062255967408418655
2025-05-13,1.2671286,0.91514605,0,0.0,13.397958755493164,0.17918026447296143,45.63052749633789,0.062255967408418655
2025-05-13,1.4996741,0.91514605,0,0.0,13.397958755493164,0.17918026447296143,45.63052749633789,0.062255967408418655
2025-05-13,1.7322143,0.91514605,0,0.0,13.397958755493164,0.17918026447296143,45.63052749633789,0.062255967408418655
2025-05-13,0.80204284,1.5844557,0,0.0,13.397958755493164,0.17918026447296143,45.63052749633789,0.062255967408418655
2025-05-13,1.0345831,1.5844557,0,0.0,13.397958755493164,0.17918026447296143,45.63052749633789,0.062255967408418655
2025-05-13,1.2671286,1.5844557,0,0.0,13.397958755493164,0.17918026447296143,45.63052749633789,0.062255967408418655
2025-05-13,1.4996741,1.5844557,0,0.0,13.397958755493164,0.17918026447296143,45.63052749633789,0.062255967408418655
2025-05-14,-1.290851,-2.43128,0,0.0,13.397958755493164,0.17918026447296143,45.63052749633789,0.062255967408418655
2025-05-14,-1.0583107,-2.43128,0,0.0,13.397958755493164,0.17918026447296143,45.63052749633789,0.062255967408418655
2025-05-14,-1.290851,-1.7620314,0,0.0,13.397958755493164,0.17918026447296143,45.63052749633789,0.062255967408418655
2025-05-14,-1.0583107,-1.7620314,0,0.0,13.397958755493164,0.17918026447296143,45.63052749633789,0.062255967408418655
2025-05-14,-0.82576525,-1.7620314,0,0.0,13.397958755493164,0.17918026447296143,45.63052749633789,0.062255967408418655
2025-05-14,-1.290851,-1.0927217,0,0.0,13.397958755493164,0.17918026447296143,45.63052749633789,0.062255967408418655
2025-05-14,-1.0583107,-1.0927217,0,0.0,13.397958755493164,0.17918026447296143,45.63052749633789,0.062255967408418655
2025-05-14,-0.82576525,-1.0927217,0,0.0,13.397958755493164,0.17918026447296143,45.63052749633789,0.062255967408418655
2025-05-14,-0.5932197,-1.0927217,0,0.0,13.397958755493164,0.17918026447296143,45.63052749633789,0.062255967408418655
2025-05-14,-0.3606795,-1.0927217,0,0.0,13.397958755493164,0.17918026447296143,45.63052749633789,0.062255967408418655
2025-05-14,-1.290851,-0.42341205,1,0.39556839756295964,13.397958755493164,0.17918026447296143,45.63052749633789,0.062255967408418655
2025-05-14,-1.0583107,-0.42341205,0,0.2938681051298932,13.397958755493164,0.17918026447296143,45.63052749633789,0.062255967408418655
2025-05-14,-0.82576525,-0.42341205,1,0.1753908148188915,13.397958755493164,0.17918026447296143,45.63052749633789,0.062255967408418655
2025-05-14,-0.5932197,-0.42341205,0,0.0,13.397958755493164,0.17918026447296143,45.63052749633789,0.062255967408418655
2025-05-14,-0.3606795,-0.42341205,0,0.0,13.397958755493164,0.17918026447296143,45.63052749633789,0.062255967408418655
2025-05-14,-0.12813397,-0.42341205,0,0.0,13.397958755493164,0.17918026447296143,45.63052749633789,0.062255967408418655
2025-05-14,0.104411565,-0.42341205,0,0.7838629466382511,13.397958755493164,0.17918026447296143,45.63052749633789,0.062255967408418655
2025-05-14,0.33695176,-0.42341205,0,0.7692373372041852,13.397958755493164,0.17918026447296143,45.63052749633789,0.062255967408418655
2025-05-14,0.5694973,-0.42341205,3,0.7063664056156347,13.397958755493164,0.17918026447296143,45.63052749633789,0.062255967408418655
2025-05-14,1.7322143,-0.42341205,0,0.0,13.397958755493164,0.17918026447296143,45.63052749633789,0.062255967408418655
2025-05-14,-1.290851,0.24583635,1,0.5350031730139186,13.397958755493164,0.17918026447296143,45.63052749633789,0.062255967408418655
2025-05-14,-1.0583107,0.24583635,8,9.313634969541159,13.397958755493164,0.17918026447296143,45.63052749633789,0.062255967408418655
2025-05-14,-0.82576525,0.24583635,6,33.113759903060426,13.397958755493164,0.17918026447296143,45.63052749633789,0.062255967408418655
2025-05-14,-0.5932197,0.24583635,2,3.069321094955984,13.397958755493164,0.17918026447296143,45.63052749633789,0.062255967408418655
2025-05-14,-0.3606795,0.24583635,3,3.2313276386973904,13.397958755493164,0.17918026447296143,45.63052749633789,0.062255967408418655
2025-05-14,-0.12813397,0.24583635,0,0.10970276282075576,13.397958755493164,0.17918026447296143,45.63052749633789,0.062255967408418655
2025-05-14,0.104411565,0.24583635,0,0.04897344481752879,13.397958755493164,0.17918026447296143,45.63052749633789,0.062255967408418655
2025-05-14,0.33695176,0.24583635,0,0.14151924423509973,13.397958755493164,0.17918026447296143,45.63052749633789,0.062255967408418655
2025-05-14,0.5694973,0.24583635,0,0.602101363437443,13.397958755493164,0.17918026447296143,45.63052749633789,0.062255967408418655
2025-05-14,0.80204284,0.24583635,1,0.8060812611636347,13.397958755493164,0.17918026447296143,45.63052749633789,0.062255967408418655
2025-05-14,1.0345831,0.24583635,1,0.8518325005118189,13.397958755493164,0.17918026447296143,45.63052749633789,0.062255967408418655
2025-05-14,1.2671286,0.24583635,0,0.0,13.397958755493164,0.17918026447296143,45.63052749633789,0.062255967408418655
2025-05-14,1.4996741,0.24583635,0,0.0,13.397958755493164,0.17918026447296143,45.63052749633789,0.062255967408418655
2025-05-14,1.7322143,0.24583635,0,0.0,13.397958755493164,0.17918026447296143,45.63052749633789,0.062255967408418655
2025-05-14,-1.290851,0.91514605,1,0.1658392662187988,13.397958755493164,0.17918026447296143,45.63052749633789,0.062255967408418655
2025-05-14,-1.0583107,0.91514605,1,0.07278714969711186,13.397958755493164,0.17918026447296143,45.63052749633789,0.062255967408418655
2025-05-14,-0.82576525,0.91514605,0,0.08018106624173593,13.397958755493164,0.17918026447296143,45.63052749633789,0.062255967408418655
2025-05-14,-0.5932197,0.91514605,0,0.04889021157767193,13.397958755493164,0.17918026447296143,45.63052749633789,0.062255967408418655
2025-05-14,0.33695176,0.91514605,0,0.0,13.397958755493164,0.17918026447296143,45.63052749633789,0.062255967408418655
2025-05-14,0.5694973,0.91514605,0,0.0,13.397958755493164,0.17918026447296143,45.63052749633789,0.062255967408418655
2025-05-14,0.80204284,0.91514605,0,0.15901336079280703,13.397958755493164,0.17918026447296143,45.63052749633789,0.062255967408418655
2025-05-14,1.0345831,0.91514605,0,0.26525410194055443,13.397958755493164,0.17918026447296143,45.63052749633789,0.062255967408418655
2025-05-14,1.2671286,0.91514605,0,0.0,13.397958755493164,0.17918026447296143,45.63052749633789,0.062255967408418655
2025-05-14,1.4996741,0.91514605,0,0.0,13.397958755493164,0.17918026447296143,45.63052749633789,0.062255967408418655
2025-05-14,1.7322143,0.91514605,0,0.0,13.397958755493164,0.17918026447296143,45.63052749633789,0.062255967408418655
2025-05-14,0.80204284,1.5844557,0,0.0,13.397958755493164,0.17918026447296143,45.63052749633789,0.062255967408418655
2025-05-14,1.0345831,1.5844557,0,0.0,13.397958755493164,0.17918026447296143,45.63052749633789,0.062255967408418655
2025-05-14,1.2671286,1.5844557,0,0.0,13.397958755493164,0.17918026447296143,45.63052749633789,0.062255967408418655
2025-05-14,1.4996741,1.5844557,0,0.0,13.397958755493164,0.17918026447296143,45.63052749633789,0.062255967408418655
