;time;chl;diatoC;diatoChla;dinoC;dinoChla;nanoC;nanoChla;phyc;picoC;picoChla;zooc
0;2024-01-01;0.48783545278911566;1.828737306122449;0.06848900990702948;0.3506745779795918;0.013240450522448979;2.0559290242630386;0.14617645118367345;1.3564812740362813;12.042433861678004;0.2599295397959184;1.5390863850340137
1;2024-01-02;0.45927436684807255;1.7265776221088436;0.06425859278684808;0.32428347794557827;0.012155419007256236;1.9509795591836734;0.1377821263287982;1.2836767178911563;11.402279490929704;0.24507823074829932;1.4973787378684806
2;2024-01-03;0.43468395675736965;1.6430583643764172;0.06078143211791383;0.3024230715510204;0.011267989621315191;1.8595589285714287;0.13048037320408162;1.2222778812698414;10.862293820861677;0.23215416149659862;1.4577839913832198
3;2024-01-04;0.4136925699092971;1.5783350349206349;0.05778058184353741;0.28496183355328797;0.010502423198185942;1.7948563612244899;0.12436070755102041;1.174785946303855;10.439277699546485;0.2210488560090703;1.417719841723356
4;2024-01-05;0.3947299485941043;1.508004730612245;0.054764172219954645;0.2649663904058957;0.00967270595442177;1.7313871065759636;0.11889670294331066;1.1285869821315193;10.038685146258503;0.21139636746031745;1.3751288591836734
5;2024-01-06;0.37654808321995464;1.430160895260771;0.0517781292244898;0.2427348754489796;0.008826027313378684;1.6558580886621315;0.11353040069387754;1.079190448526077;9.621531146712018;0.20241352587301586;1.3300307875283448
6;2024-01-07;0.3602068885941043;1.3678134921768708;0.04926952830385488;0.22504769429705215;0.008140818463038548;1.5916503206349204;0.1086885523968254;1.0375959120861677;9.26663902335601;0.19410798863945578;1.2861344818594105
7;2024-01-08;0.5525158775283446;2.1399606925170067;0.0757910248027211;0.3455681293401361;0.01232104586213152;2.5009033376417236;0.16737206344671202;1.6182897199546487;14.43304392063492;0.2970317424036281;1.261475529478458
8;2024-01-09;0.7088364272108844;2.7458203985941045;0.09687898806349207;0.4399440926349206;0.015661465703854873;3.2294467117913834;0.21531976727891156;2.0850007879818593;18.604797569160997;0.3809762066213152;1.2828878603174603
9;2024-01-10;0.6426610922222223;2.388042831360544;0.08416856973696145;0.3756311225521542;0.0133466148330839;2.9102350142857145;0.1957654202494331;1.8755667904761906;16.832891664399092;0.3493804888888889;1.2593112529024943
10;2024-01-11;0.5905597142857142;2.106825346938775;0.07400422554421769;0.32514709509183676;0.011500067870929704;2.664549248526077;0.18019194373242628;1.7127868106802722;15.45691942857143;0.324863474829932;1.2269589714285716
11;2024-01-12;0.5593178181859411;1.9944885376190478;0.06917053910657596;0.30426700307936505;0.010605485839863947;2.575794287755102;0.17175176329478456;1.6341191059410431;14.734878744897959;0.30779002956916096;1.226441011723356
12;2024-01-13;0.5334009045578231;1.9145377776190478;0.06564200464852608;0.2882753213106576;0.009909623180453516;2.5094026659863946;0.16506870519274378;1.5699523041950114;14.12721137755102;0.2927805690929705;1.2310723847165532
13;2024-01-14;0.5091200424716553;1.8353727743310657;0.06263666317913832;0.271524155814059;0.009270308658321994;2.422906898185941;0.15869035861678005;1.5020755171201814;13.49510185941043;0.27852271131519274;1.2332599561224489
14;2024-01-15;0.6360314866666666;2.30324026478458;0.07858912917006802;0.3333765384943311;0.011379637726077097;3.045308190702948;0.19965637226757368;1.8755165253968253;16.824272613378685;0.3464063496371882;1.2393025114965988
15;2024-01-16;0.7389248451927438;2.680557765260771;0.09167859290702948;0.3836739146303855;0.013120284061678004;3.5448603378684806;0.23314787267573694;2.1726655092970524;19.462893316326532;0.4009780982086168;1.2748200774603176
16;2024-01-17;0.6870095119954649;2.502215794331066;0.08584767326303855;0.3536419703877551;0.01210044079138322;3.301412139002268;0.21815380011337868;2.0106892585034015;17.97100046825397;0.3709075979138322;1.2987226558503402
17;2024-01-18;0.6406445396371883;2.361873075759637;0.08146410608616779;0.32989933514512476;0.011346414972108844;3.0789040494331066;0.20480219768707483;1.8667200437641722;16.62996344671202;0.3430318218367347;1.3155672309750568
18;2024-01-19;0.5960541152834468;2.219218448526077;0.07688548199546485;0.3054690836802721;0.010541471121088435;2.862799198866213;0.19159803018140592;1.7285728353741496;15.355386724489797;0.3170291310884354;1.3127212738548755
19;2024-01-20;0.5626838236961451;2.1332354438548755;0.0735359028798186;0.2904660801428572;0.009963900015419502;2.744274527664399;0.182212848276644;1.6374065185941042;14.480901685941042;0.2969711721088435;1.3143258378911564
20;2024-01-21;0.5380428563945578;2.0914038570975055;0.07122424021088435;0.2832596127936508;0.009599377501587302;2.6999621242630387;0.1759930739229025;1.5825905512471656;13.916460529478458;0.28122616460317457;1.3224289839002266
21;2024-01-22;0.6588133587301588;2.583588033106576;0.08746580578911564;0.34390406631972786;0.011564448034467122;3.3640276197278913;0.21722693655328798;1.944890449206349;17.04716500680272;0.34255616854875287;1.3307656687074831
22;2024-01-23;0.7522901885034013;2.9761351512471657;0.10079767735827663;0.3929826010430839;0.013207066061904763;3.8657818732426303;0.24908446403628118;2.2211854505668933;19.419324990929706;0.38920097868480724;1.3679593843537416
23;2024-01-24;0.7039141950793651;2.824365879818594;0.09575024923582767;0.370617509968254;0.01244987912675737;3.6402908836734693;0.23426256124716555;2.07785337414966;18.09896540929705;0.36145150580498864;1.4031326419501133
24;2024-01-25;0.6624539196598639;2.692565323356009;0.09150837982539682;0.3508305216145125;0.011800813010430839;3.437293675056689;0.22153798056689344;1.9520550770975056;16.943970632653063;0.3376067460090703;1.43239191292517
25;2024-01-26;0.6264160282312925;2.5916686709750567;0.08771564729024943;0.33665895821315195;0.011260847028571427;3.2925581575963716;0.2107319851473923;1.8519055984126984;16.001980742630387;0.31670755088435376;1.4536604666666668
26;2024-01-27;0.5947865897278911;2.4985121591836736;0.08431261482312925;0.32321362539455784;0.010759853192063492;3.1574300131519273;0.20114604176870746;1.762328689569161;15.168787790249434;0.2985680782993197;1.4685113401360546
27;2024-01-28;0.5665854300226757;2.42339276122449;0.08113162021995465;0.31277887230839;0.010308489503174603;3.0591091201814056;0.19269459628117913;1.6892925240362813;14.476228916099773;0.28245072215419503;1.4754772403628118
28;2024-01-29;0.5567347190929705;2.4757963730158727;0.08120280490249432;0.32380530275510205;0.0104593908723356;3.11201031292517;0.19074199736961453;1.69021477845805;14.370964738095237;0.27433052646258504;1.4730993378684807
29;2024-01-30;0.5460425946258504;2.5108421535827663;0.0809351366734694;0.3332558425600907;0.010592359975963719;3.1433791970521545;0.18812325384126985;1.6859451509297052;14.24386410090703;0.26639184532879817;1.4733671394557823
30;2024-01-31;0.519725908185941;2.4187313194557825;0.07753651846938775;0.32073531018367346;0.01012547556712018;3.0248585167800455;0.17966336536507937;1.61387573;13.602183140589569;0.2524005509297052;1.4669329278911565
31;2024-02-01;0.4956264413378685;2.3256038894557824;0.07445823404535147;0.3069065911791383;0.00966526870430839;2.8960906412698413;0.1719068921632653;1.5418611957369615;12.973732705215419;0.23959604768707482;1.4522085136054423
32;2024-02-02;0.4749232655782313;2.251041482018141;0.0716466374920635;0.2959262801315193;0.00925018250680272;2.8048192814058956;0.16539828581632654;1.4854368534920634;12.473454613378685;0.22862816022675736;1.434992955782313
33;2024-02-03;0.4555801239682539;2.179552716122449;0.06894110090249433;0.284720677138322;0.008834170339002268;2.7176675555555554;0.15927658140362813;1.4323713523809525;12.006514813605442;0.21852827045351472;1.4128415335600908
34;2024-02-04;0.4388600101814059;2.1186382953061225;0.06656581941496599;0.2746122643968254;0.00845262103696145;2.6450581673469387;0.1540291859750567;1.3870317607029479;11.606071942857143;0.20981238290249432;1.390324760770975
35;2024-02-05;0.46059810843537413;2.2672318770521542;0.07035882282086169;0.293474076845805;0.008932347713605442;2.8292046909297053;0.16254273338321998;1.4711807394104308;12.26425776031746;0.21876420426303853;1.3674238297052155
36;2024-02-06;0.47733081043083897;2.3826739196145126;0.07357893049206349;0.307964882462585;0.00935456682426304;2.9539848435374148;0.1688875400090703;1.533294829637188;12.754913658730159;0.22550977160997732;1.35461456984127
37;2024-02-07;0.4590990864399093;2.3060448332426304;0.07110116770294785;0.295471883430839;0.008968998070068027;2.848205166893424;0.16274739820408163;1.4774833206575964;12.280077486621314;0.2162815236734694;1.3430080276643992
38;2024-02-08;0.4447408392743764;2.251720587142857;0.06913836283446712;0.28590342445124717;0.008649696140816327;2.7771889968253967;0.15814129174376418;1.4361431171201815;11.918903917913832;0.20881148954648526;1.333699605668934
39;2024-02-09;0.43136137870748303;2.1962115217006803;0.06718547095918367;0.27549860855328795;0.00830527772312925;2.7109861501133787;0.1538720635600907;1.397184606961451;11.583518598866213;0.20199856650793652;1.321127629478458
40;2024-02-10;0.4196433846938775;2.1437025397052154;0.06548076155102041;0.26471830859410433;0.00796444045873016;2.6489811117913833;0.15012405290929706;1.3620357088435373;11.287026121088436;0.19607412882086167;1.3082301424036282
41;2024-02-11;0.4100903268480726;2.105614770498866;0.06415599211791383;0.2562782794829932;0.00768527362585034;2.605053896598639;0.1472128926031746;1.3347871270068028;11.050498136734694;0.19103616845804988;1.2960711997732426
42;2024-02-12;0.5490881470068028;2.90214346829932;0.08690964883900228;0.3536285579115646;0.010439304932199547;3.5969777587301586;0.19905089051927438;1.8122687202947845;14.894474264399092;0.2526883046485261;1.290430887664399
43;2024-02-13;0.6607467576870748;3.5796157573696146;0.10605023590249434;0.4432125644331066;0.012980352057369615;4.397482943310657;0.23976449497505667;2.206820980498866;18.061539656462585;0.30195167426303854;1.3284578302721088
44;2024-02-14;0.6225476427891157;3.4440827575963717;0.1007731471632653;0.43250045378004537;0.01252641847845805;4.213412362131519;0.22535311804761904;2.1056653761678006;17.177988311791385;0.2838949609750567;1.3607491458049887
45;2024-02-15;0.5873205675963719;3.3043599870748297;0.09576564618140589;0.4206267115238095;0.012068132318140589;4.0224278342403625;0.21194316591836734;2.0059038782312926;16.3234313968254;0.2675436241269841;1.3808496321995465
46;2024-02-16;0.5564835793424037;3.165852392063492;0.09123158883900227;0.4076713366303855;0.011618655026984127;3.8316090337868483;0.20020673173696146;1.91179691723356;15.53642955102041;0.25342660260770977;1.393899573015873
47;2024-02-17;0.5292574012471656;3.043207195464853;0.08696053283900226;0.39676626497959183;0.01119359544489796;3.6764378482993196;0.19004168667573698;1.8317437684807256;14.864513324263038;0.24106158664399094;1.3997864024943312
48;2024-02-18;0.502832146213152;2.9106131823129253;0.08274399237414966;0.38329927339229025;0.010739502907256237;3.5012788560090704;0.1801507859342404;1.7469023986394556;14.16763691723356;0.22919786571428571;1.395154971201814
49;2024-02-19;0.48666327598639453;2.8703130464852604;0.0806173236122449;0.3844232453945578;0.010645833690249433;3.4290827129251698;0.17425824947845805;1.7065501593197279;13.794782312698413;0.2211418707936508;1.384762907256236
50;2024-02-20;0.46958008308390026;2.826868085260771;0.07808118943310657;0.3870921431609977;0.010549870924036281;3.3667281582766444;0.16807236977097506;1.6694728646712018;13.452985406802721;0.21287665079365078;1.3815126199546486
51;2024-02-21;0.4458542353968254;2.6965345548752837;0.07363196828344672;0.3731968879886622;0.010038707831746032;3.2265036458049887;0.15938303835827666;1.5987982503174603;12.889343379591837;0.20280052045351474;1.3721184108843538
52;2024-02-22;0.42418055401360544;2.5562028840136053;0.06961844507029478;0.3539392013900227;0.00948149598367347;3.0650732160997736;0.1514669595147392;1.524007763106576;12.312877239682539;0.19361365281179138;1.3548256056689343
53;2024-02-23;0.4077560846712018;2.4413501836507936;0.06682700020861679;0.3363734850249433;0.0090417016861678;2.92233219569161;0.14578659485034015;1.4608603475283446;11.830267869160998;0.18610078791383222;1.3343169900226757
54;2024-02-24;0.3978841619954649;2.3813402367800456;0.06515908648299319;0.32703870094557824;0.008779097311791384;2.8550194893424035;0.14279558343310658;1.427477071632653;11.56632583537415;0.18115039439909295;1.3233503265306121
55;2024-02-25;0.3875312463718821;2.324226642335601;0.06342007018367346;0.31851429224943306;0.008517454527210883;2.799672560544218;0.13986123179818594;1.395101104240363;11.298799358276645;0.17573249122448978;1.3009477102040818
56;2024-02-26;0.5273265458503401;3.1724548156462586;0.0855172480430839;0.4348852012086168;0.011467078974603175;3.8820126328798183;0.19137092288208615;1.9170832383446712;15.515645464852609;0.23897129696145122;1.2920388757369614
57;2024-02-27;0.6160148674829932;3.6716863435374147;0.09966153110430839;0.5050741684716553;0.013404878938095239;4.4748590659863945;0.22290560894104308;2.229840850340136;18.106469897959183;0.2800428493877551;1.3210470167800452
58;2024-02-28;0.5665784496371882;3.331022585260771;0.0913973768185941;0.4580859405170068;0.012266449889115648;4.050864653741496;0.20456124261904762;2.0339043120181404;16.5668778707483;0.25835338063492064;1.3450805504535148
59;2024-02-29;0.526848702244898;3.0442973854875284;0.08431678714285713;0.4175155043605442;0.011235475670068027;3.722429785487529;0.19002511708616782;1.8772380490702947;15.342613250566894;0.2412713232426304;1.3491002211791383
60;2024-03-01;0.4870025170521542;2.736629225419501;0.07662263333560092;0.3715820204557823;0.010023584783151927;3.398504879591837;0.1755512849569161;1.7185798889569162;14.116241954648526;0.22480501396825395;1.3222362555555556
61;2024-03-02;0.4572600528117914;2.5161070900680276;0.07086786146031746;0.3355345976401361;0.009063703552244898;3.1793278034013603;0.16500893648979592;1.605194896984127;13.231368731292516;0.21231955219954649;1.291870734648526
62;2024-03-03;0.4389983665306122;2.4045075062811794;0.06754163749433106;0.3150918636110975;0.00848316546122449;3.0782846789115648;0.1587778322154195;1.5455611570068029;12.74884931292517;0.20419573034013605;1.2788489379365078
63;2024-03-04;0.5401377320408164;2.981004082993197;0.08269758171655328;0.4083764236480726;0.010651585232312926;3.8568465099773244;0.19566143106575964;1.9218650521541951;15.816153007936508;0.2511271344671202;1.2776148009977324
64;2024-03-05;0.6230809108163265;3.4766813585034013;0.09548311601587302;0.511780043089796;0.012968482466621314;4.495200155555556;0.22494901158730157;2.240207630839002;18.398829170068026;0.289680301723356;1.3146450169387753
65;2024-03-06;0.5872771563038548;3.312301125623583;0.08983427404081633;0.574220260878729;0.013826648785714286;4.270359022902494;0.2105612518820862;2.135785270748299;17.472542174603177;0.2730549788208617;1.3487501972789118
66;2024-03-07;0.5559543855328798;3.155608408843537;0.08496775072562358;0.6170734498503402;0.014454698070068026;4.055263149659864;0.19819588580498868;2.036587387301587;16.611102926303857;0.25833605104308394;1.3771680866213152
67;2024-03-08;0.5301001488662132;3.0059076721088434;0.08040331261904762;0.7198102868752835;0.016123183463038548;3.8537480206349204;0.18756060351473924;1.95316920430839;15.858563890022674;0.24601304843537417;1.4050454897959184
68;2024-03-09;0.5110075031065759;2.9057394365079365;0.07632530209750567;1.0041048717222494;0.02103402188956916;3.6896260070294784;0.17774867185941043;1.9116067190476191;15.33980968707483;0.2358995065079365;1.4471009761904763
69;2024-03-10;0.4972842758503402;2.880068534920635;0.07324659020408164;1.4178917418845352;0.028325061920727892;3.6025895650793647;0.1688256720861678;1.9177272464852608;15.11217651360544;0.22688695238095238;1.5105850598639454
70;2024-03-11;0.7318204032426303;4.353940706575964;0.10887544435827665;2.333551996576145;0.04661119648997733;5.397717018820861;0.24656210213151927;2.8840603399092974;22.523513447845808;0.32977166081632653;1.5878656106575963
71;2024-03-12;0.9034619541496598;5.442926310884354;0.13710495553061225;2.9109089687982768;0.05954200426351474;6.594975075736961;0.301713510770975;3.5664059108843538;27.848059480725624;0.40510148131519275;1.7476060145124717
72;2024-03-13;0.8217781168480726;5.029016810884354;0.12660631330839;2.8245102709870973;0.0588498462470975;5.944002207256236;0.2704217486848073;3.2628869605442175;25.35711307256236;0.3659002061678005;1.895739460770975
73;2024-03-14;0.7472139288662132;4.63576643786848;0.11666160571428572;2.7038769955329025;0.05736850167793651;5.364539337188209;0.24275825918367347;2.979951702494331;23.055236735827663;0.33042556174603177;1.9968979195011338
74;2024-03-15;0.680468517596372;4.260599628344671;0.10725350525623584;2.5890762376054424;0.0558614123079365;4.841304878911565;0.21832317523809525;2.722698626984127;20.98140199433107;0.29903042265306123;2.049829160090703
75;2024-03-16;0.6219592021768707;3.90603194399093;0.09872256042857143;2.446044033560091;0.053759969973469386;4.36882367505669;0.19743435609977325;2.487977950793651;19.134834902494333;0.2720423139229025;2.056005582086168
76;2024-03-17;0.5731051521768707;3.5973344995464855;0.09129800045124717;2.293843612562358;0.05132665213038549;3.979436039909297;0.1805255244648526;2.2893574739229026;17.60167471201814;0.24995497750566895;2.0314014242630383
77;2024-03-18;0.7194768447845804;4.598840663492063;0.11548787009297053;2.94032672814059;0.06632678964965986;5.030972836734693;0.22407394641723358;2.911481947165533;22.367642210884352;0.3135882387755102;2.0105955818594103
78;2024-03-19;0.8118409209750567;5.234062996145125;0.13093088304988662;3.45146197446712;0.0788633342596372;5.592765438548753;0.24751030589569162;3.3122712126984126;25.46896294557823;0.3545363971428571;2.1053656875283444
79;2024-03-20;0.7158186812244898;4.6405966668934235;0.11510430055782313;3.239788804399093;0.07452729067800452;4.880815477324264;0.2139261924716553;2.946684707482993;22.599014517006804;0.31226089702947846;2.159266239229025
80;2024-03-21;0.641947026122449;4.174347159863945;0.10279995792517006;3.0571985818140592;0.07077502714285713;4.342567889795919;0.18864077354648526;2.6616179106575966;20.365300358276645;0.2797312677777778;2.169348580272109
81;2024-03-22;0.587386438367347;3.800108933333333;0.09362349206349206;2.8680167307482995;0.06716897014399092;3.923497980952381;0.17063895226984124;2.43544901292517;18.633763602040815;0.25595502283446714;2.153972377324263
82;2024-03-23;0.5420635904988662;3.495769555102041;0.08536521263265306;2.8296246883219953;0.0659966437755102;3.6009836791383223;0.15479036803174603;2.269012915192744;17.30177631292517;0.23591136535147392;2.1268938013605445
83;2024-03-24;0.5033986042403629;3.2420479113378686;0.07792501095238095;2.83785711276644;0.06541983599433107;3.354132776643991;0.14103032999319728;2.1411187653061226;16.25938668707483;0.21902342648526077;2.0903997541950115
84;2024-03-25;0.7746500296145126;5.121942618594104;0.11792209437868481;4.806841650090703;0.10866857537868481;5.310464187074831;0.2098662311564626;3.4268879437641724;25.883405658730158;0.338193127505669;2.087510541723356
85;2024-03-26;0.9554373620408163;6.328829082086168;0.1443829814399093;6.438642417573696;0.14653462273015871;6.372201315192744;0.24779262272108846;4.275426532426304;32.16544406689342;0.4167271355782313;2.3132727
86;2024-03-27;0.8357526489569161;5.485302845804989;0.1249732701201814;6.201144414353742;0.14190134677324262;5.376641263265306;0.20882529557823132;3.740829096371882;27.82685901814059;0.36005273573696145;2.4886790353741497
87;2024-03-28;0.7412379741043084;4.839033517913832;0.1094042783356009;6.066186198117913;0.13823567234240364;4.660413635600907;0.17938639784580498;3.333016113605442;24.430559072562357;0.3142116276417234;2.567786437414966
88;2024-03-29;0.669910353537415;4.360721139229025;0.09788055064172335;5.825704428208617;0.1325792376122449;4.159227585487528;0.15850553158730157;3.0251573460317465;21.956233984126985;0.28094503369614515;2.586835281632653
89;2024-03-30;0.611949747165533;3.9769135714285713;0.08797140005895691;5.666221492698413;0.12762932865759638;3.7929811727891156;0.14184709495464853;2.7944924795918364;20.097792709750568;0.2545019228117914;2.5663690510204082
90;2024-03-31;0.5648098629251701;3.665507805442177;0.07923133301587303;5.659312632312925;0.12479876939002267;3.5190212956916103;0.12771461920181407;2.62990490430839;18.7150162324263;0.2330651410430839;2.5284321222222226
91;2024-04-01;1.0717958546938775;7.123588250113379;0.1483529174829932;11.062223641451247;0.2403559665079365;6.869992839909297;0.2368617507936508;5.142443078231293;36.65351063265306;0.44622521798185943;2.5294816603174604
92;2024-04-02;1.3912762194331065;9.155272311791384;0.19045539923582766;14.940688671882087;0.33035407290702945;8.491692238321995;0.2919477674603175;6.67928876462585;47.56381000680272;0.5785189787301588;3.045397778684807
93;2024-04-03;1.1363431536281179;7.378936316099773;0.15420306903401362;12.889983108390023;0.29059052197732427;6.601816364852607;0.22909692063492063;5.3964972403628115;37.88722928117913;0.4624526395011338;3.366653584580499
94;2024-04-04;0.9445383526984127;6.050538963945578;0.12717698503854874;11.150264157142857;0.25514371309750566;5.316047290249433;0.1870059159410431;4.423768859410431;30.568374405895693;0.37521174038548755;3.4002613260770973
95;2024-04-05;0.8071836630612246;5.10516156031746;0.10722733760770975;9.845128110884355;0.22652992490249432;4.473539327210884;0.1583320611972789;3.7550502265306123;25.636772587301586;0.31509433757369615;3.2805735816326527
96;2024-04-06;0.7078345227210884;4.433269351473923;0.09224342475963719;8.876617050566894;0.20337889406349205;3.9258232752834465;0.13826957435147394;3.3029924235827663;22.400198408163266;0.2739426285260771;3.108668504761905
97;2024-04-07;0.6345366795918367;3.942510153741497;0.08070014959637188;8.163903561451248;0.18497500401814057;3.561634528117914;0.12367974935600907;2.9936129269841274;20.25530585260771;0.24518177784580497;2.9396462199546485
98;2024-04-08;1.0803109719501134;6.853598641950113;0.13306876772108844;14.640185873696145;0.3209831452040816;6.329553050113378;0.2065556148979592;5.326206134693877;36.09113407482993;0.41970344591836733;2.9047706185941045
99;2024-04-09;1.3395491558049886;8.244284796825397;0.15949222620861678;19.400849644444442;0.42549133634920633;7.367976053741496;0.2417125984807256;6.61548871473923;44.37275155328798;0.5128529975736962;3.4320692319727892
100;2024-04-10;1.0921044989342403;6.4817615619047615;0.12649848705668934;16.89184531133787;0.3716068592970521;5.686254902040816;0.1902963075623583;5.314083273696146;34.709135696145125;0.40370285081632656;3.665476723809524
101;2024-04-11;0.9131712286167801;5.281068019274377;0.10275455145804989;14.93154647505669;0.3263300887528345;4.672658925396825;0.15638698765532882;4.428842038321996;28.26082911564626;0.3276996003854875;3.603332576190476
102;2024-04-12;0.7857896297052154;4.488470660090703;0.08543506187301587;13.467697366213153;0.28986344437641726;4.074046821995465;0.13276273727664398;3.8630374755102044;24.326233718820863;0.2777283870975057;3.431819297052154
103;2024-04-13;0.6908060944671203;3.9303047346938778;0.07250527924489795;12.267858896825397;0.2594674428344671;3.686223951927438;0.11522213307936507;3.4743235696145125;21.807494181405897;0.24361123845804988;3.240510131746032
104;2024-04-14;0.6142210161451247;3.510052852834467;0.062192642253968256;11.240270926303856;0.23297139532879818;3.4190583290249434;0.10117133382312926;3.1880936557823127;20.087740716553288;0.21788564439909297;3.0565827702947845
105;2024-04-15;1.0012319785714285;5.884253423582766;0.09432926004988662;20.270199422902493;0.39758319315192747;6.0029289235827665;0.1571675317732426;5.616164236054423;35.23658729024943;0.352151993968254;3.009039495238095
106;2024-04-16;1.2133416395464853;7.040483730612245;0.10955728126530612;26.31138356462585;0.5155220817913833;6.947464911111111;0.17575133224489797;6.894599359183673;42.43585806802721;0.4125109446712018;3.5283887696145126
107;2024-04-17;0.9844451387301587;5.661940702267573;0.08632704121088436;22.75708415419501;0.44240086580498866;5.479089681859411;0.1359285854920635;5.624118850113378;33.59130983219955;0.31978864408163266;3.7949949283446713
108;2024-04-18;0.8151126145351474;4.639368582993197;0.06973171041950113;19.681027027210884;0.37908522285714286;4.468910053741497;0.10988140771882086;4.684120732426304;27.420141512471655;0.25641427401360545;3.7582894936507936
109;2024-04-19;0.7020261151473923;3.939209866439909;0.05892929301133787;17.038948732426302;0.33003202473922905;3.8227303843537417;0.09438610360317459;4.028422550340136;23.54018014739229;0.2186786954648526;3.5710608736961453
110;2024-04-20;0.622935143968254;3.4512061501133786;0.0514942049229025;14.882570530839002;0.2911027640136054;3.4131972752834465;0.08481399849433108;3.5696608240362813;21.08895507936508;0.19552417637188207;3.3522910918367343
111;2024-04-21;0.5627549782539683;3.1077048680272106;0.045781601934240364;13.232441764172336;0.2584830811337868;3.17636355170068;0.07858201727210885;3.256407558503401;19.56037945351474;0.1799082783219955;3.156907710884354
112;2024-04-22;0.8264821898185941;4.602323765079365;0.0668557948095238;19.020268238095237;0.36812183006802723;4.867004199773242;0.11980961539002268;4.843316953741496;29.630205551020406;0.27169494782312925;3.0698515034013605
113;2024-04-23;1.0194349697959184;5.617535714285714;0.08281908787074829;23.31377160884354;0.45574744666666667;5.832305132879818;0.14706422349659865;5.883065930839002;35.83317670748299;0.33380421052154197;3.3722178297052157
114;2024-04-24;0.8991378438548753;4.946211323582767;0.0730829171723356;20.865839108843538;0.4074142266666667;5.08027386031746;0.12962975207482993;5.145315183219955;30.85145590249433;0.28901095369614516;3.566405122675737
115;2024-04-25;0.7995298345124716;4.424363585487528;0.06423929105442176;18.97774764399093;0.36793580791383224;4.5462427911564625;0.11503550690702948;4.59353550090703;27.17407022222222;0.2523192270521542;3.627212049886621
116;2024-04-26;0.7196675806802721;4.017458448526077;0.05685203995011338;17.367937785714286;0.3340599097959183;4.176412948526077;0.10379139878458049;4.17789792063492;24.5729643015873;0.22496423274376418;3.5873052603174607
117;2024-04-27;0.6525081554875284;3.6828101444444443;0.05064697547165533;15.852571650793651;0.3028178624263039;3.9108054510204084;0.09483593141043084;3.844415563038549;22.68679816326531;0.20420738551020406;3.4825565698412695
118;2024-04-28;0.5948107248072563;3.399027156689342;0.04539781079365079;14.465866011337868;0.27432840081632653;3.7059102634920635;0.08740317782539683;3.5682885936507938;21.248658671201813;0.1876813337414966;3.3481168319727894
119;2024-04-29;0.9215021986848072;5.410675548526077;0.0685349201201814;23.004119659863946;0.42314233115646255;6.136310363265307;0.13670505119274376;5.755865944897959;34.51928407256236;0.29311989653061227;3.318526457142857
120;2024-04-30;1.1075417571655328;6.559381273696146;0.0807416666553288;28.828395709750566;0.5261120583446712;7.2462771988662125;0.15680314138321996;7.009904770975057;41.484800684807254;0.3438848897732426;3.776295631972789
121;2024-05-01;0.9117979426984127;5.445711976870748;0.06571002865759637;24.651598950113378;0.4482249138321996;5.84064551201814;0.12445544847619049;5.795879348752835;33.6125937845805;0.2734075507936508;3.9822286750566893
122;2024-05-02;0.7640095077551021;4.572388953741497;0.054403511607709745;21.09284306349206;0.3831652179138322;4.845401811337869;0.10289167024943312;4.872691342176871;27.961660451247162;0.22354910832199545;3.918073952834467
123;2024-05-03;0.6558873798639456;3.9313998142857143;0.04612141412698413;18.248945318594103;0.3307012475056689;4.2049436131519276;0.08879747750566892;4.215016634693878;24.194909092970523;0.19026723811791382;3.715767769387755
124;2024-05-04;0.5772190671655328;3.4773863265306124;0.04023616169160998;15.990260411564625;0.28829660575963717;3.8070819564625853;0.07965518281632654;3.755353434920635;21.789511569160997;0.16903111900226758;3.4896835841269844
125;2024-05-05;0.5166845620181406;3.1471876775510204;0.03556267645578231;14.317622252834466;0.25355207229024945;3.588756559637188;0.07334192220408163;3.449143152380952;20.336150480725625;0.15422789083219957;3.296077755328798
126;2024-05-06;0.8037472922448979;4.960249389569161;0.05300942341723357;23.40515801360544;0.39335907573696144;6.067533185714286;0.1148227488707483;5.706322075283447;34.04292244444444;0.24255604303854875;3.2674761217687074
127;2024-05-07;0.9678798641723356;5.9511839036281176;0.06286472114965987;29.389312441043085;0.4907761706349206;6.96829746462585;0.13032646114058957;6.906837856916099;40.573257936507936;0.28391251120181404;3.817627368253968
128;2024-05-08;0.794367273015873;4.915024290249433;0.05241982431519274;24.51578548185941;0.41181471786848073;5.449496660544218;0.10466132183219955;5.562881973922902;31.874275433106575;0.2254714114058957;4.045660529478458
129;2024-05-09;0.6645821113605441;4.1348009721088435;0.04452560045124717;20.325182037414965;0.3444583411564626;4.499452905442177;0.08865219334920635;4.593615763492064;26.163951811791385;0.18694597473922903;3.92814029047619
130;2024-05-10;0.574090283446712;3.5845934190476187;0.03878122678911565;17.170168333333333;0.2927398438095238;3.9480251131519273;0.07896872813605443;3.960159987981859;22.819131639455783;0.1636004856462585;3.7062469528344675
131;2024-05-11;0.5067808014285714;3.193364459863946;0.03435435409523809;14.788160733560092;0.25176991498866214;3.6242714414965986;0.07242065485260771;3.5304038648526075;20.75904861904762;0.1482358772335601;3.478677033106576
132;2024-05-12;0.4528499806122449;2.898005593197279;0.03057822735600907;12.991099765306123;0.21848427521541952;3.437137737414966;0.06718898257142857;3.2297108936507937;19.430286768707482;0.13659849675283448;3.2786890673469387
133;2024-05-13;0.682352537755102;4.422405066893424;0.044413954743764174;20.31415993424036;0.32567457725623583;5.613329023356009;0.10222797694331066;5.149099797278911;31.439301712018143;0.21003602757369616;3.2081207977324264
134;2024-05-14;0.7836277741043084;5.114946787981859;0.05069364744897959;24.120992435600908;0.3855073878594104;6.226705797278912;0.1118327771292517;5.932124315646258;35.72284476870748;0.23559396316099776;3.6240253929705215
135;2024-05-15;0.6262582859863945;4.149736495918368;0.04130691997732427;19.355645526530612;0.3130138780861678;4.85961502494331;0.08826450455555555;4.6687283378684805;27.65974134807256;0.183672982723356;3.7043129990929704
136;2024-05-16;0.5226460080272108;3.475766390702948;0.03512424351927438;15.708541321995463;0.2592757203401361;4.022686545124717;0.07481525077097505;3.830341383446712;22.757100925170068;0.15343079273696145;3.5251668814058954
137;2024-05-17;0.4528947081859411;3.0325507732426304;0.030636923548752835;13.25302997936508;0.2194527523356009;3.583227067120182;0.06709378651927438;3.327531672335601;20.0615713015873;0.13571124522222222;3.296533521768707
138;2024-05-18;0.3977191283446712;2.707784607482993;0.026804608436507935;11.466712832879818;0.186812433015873;3.341669532199546;0.06127697153061224;2.9954689287981857;18.429459099773243;0.12282511478911565;3.073875175283447
139;2024-05-19;0.35597867210884354;2.445319026530612;0.02380153725170068;10.084799060544217;0.1618588868707483;3.1753627526077097;0.05681517833333333;2.751392816099773;17.311232047619047;0.11350306902040817;2.8967163873015873
140;2024-05-20;0.7669141236734693;5.128583006349206;0.047165025861678006;23.45030245464853;0.3507859985941043;7.385624011337868;0.12124110133786849;6.380791415192744;40.60498536054422;0.24772199664399094;2.966467326984127
141;2024-05-21;0.965202683106576;6.433912301360545;0.05948826558730159;31.213116460317462;0.47217116607709747;8.30990222585034;0.13838284770521542;7.85093754829932;48.25431683900227;0.2951604062358277;4.014320531292517
142;2024-05-22;0.7369328922222222;5.0008953825396825;0.04738501511564625;24.668074563492063;0.3796302282086168;5.81782897414966;0.10118031168480725;5.717151356235828;33.119015637188205;0.2087373352834467;4.372460848072563
143;2024-05-23;0.5895431831292516;4.042477155782313;0.03903006114965986;19.633175623582765;0.30509750276643993;4.539720434920635;0.08152549171201813;4.473888112471656;25.471282455782315;0.16389012723356008;4.119298377777778
144;2024-05-24;0.49115426594104306;3.387410178684807;0.03317818540702948;15.85809673356009;0.2478420041043084;3.832518380725624;0.07004108454648526;3.7159021145124718;21.51279887301587;0.1400929929387755;3.7509816975056687
145;2024-05-25;0.4247778423809524;2.931782408866213;0.029213735728344674;13.058493702947846;0.2057315271201814;3.4114931376417235;0.06311061714285714;3.21808726031746;19.215276879818596;0.12672196250566894;3.430704172562358
146;2024-05-26;0.37811482136054425;2.623156219319728;0.026392630090249433;11.039856863492062;0.1744509289569161;3.1760026585034016;0.05873767841269841;2.890534442176871;17.847396571428572;0.1185335825260771;3.1890946480725626
147;2024-05-27;0.8536801418367346;5.497858849886621;0.052097830897959184;27.754615774376415;0.3963336552380952;7.884573790929705;0.1301169753786848;7.221534128117914;45.52135865986395;0.2751316783219955;3.291969519501134
148;2024-05-28;1.047118492063492;6.709767007482993;0.06416502922675738;35.954593268707484;0.5224470628344672;8.402922934693878;0.1432240028027211;8.54153808956916;51.43117120181406;0.31728239671201813;4.642879432199547
149;2024-05-29;0.7573266375736961;5.021943670294784;0.04979507082993197;25.967879732426304;0.39276494;5.529556420861678;0.10074644826303855;5.762938975510204;32.635885907029476;0.21402017850340135;4.763237916099773
150;2024-05-30;0.5842109544217687;3.9310952700680275;0.04017514403854875;19.091400807256235;0.29783163555555553;4.190157742176871;0.07983901457142857;4.306205165079366;24.461806551020405;0.1663651595328798;4.209298458503401
151;2024-05-31;0.4744607681405896;3.2067491519274376;0.033440257430839004;14.62835686281179;0.23195048185941042;3.4859775839002265;0.06782262799773242;3.4801104263038547;20.440240553287982;0.14124740022448978;3.6805396020408163
152;2024-06-01;0.40066792639455784;2.716727938820862;0.02850852700702948;11.73091380861678;0.18610179941950114;3.1074241149659865;0.06023369924716553;2.981619746485261;18.224370167800455;0.12582390019501133;3.2930318641723355
153;2024-06-02;0.3481161853741497;2.376263920975057;0.02469499382585034;9.774869689795917;0.1534068499591837;2.906294828344671;0.05492844696825397;2.663749089342404;16.907559755102042;0.11508589436281179;3.027928229251701
154;2024-06-03;0.6147793652154195;3.996512674376417;0.03857196353061224;18.890024467800455;0.26839095247165534;5.900298496825396;0.09846963288208617;5.240273315192744;34.09644276417234;0.20934681537414968;3.0142232190476195
155;2024-06-04;0.7369647329478458;4.835140661678004;0.04611282778231292;23.822674070294784;0.3379268531972789;6.684995016780046;0.11186518190022676;6.220645396145124;39.30493297278911;0.24105987024943312;3.7762216253968255
156;2024-06-05;0.5684038713151928;3.86689199138322;0.03743123289319728;18.467171756235828;0.267938473446712;4.8877066768707484;0.08498482471201814;4.608152228571429;28.076054653061227;0.17804934052154195;3.959630177324263
157;2024-06-06;0.4578907383219955;3.1601590512698414;0.031011877424489798;14.457684863265305;0.21358953145124715;3.9030891823129252;0.0697346031814059;3.650250140589569;22.282067414965987;0.14355472729931973;3.720508663945578
158;2024-06-07;0.38482631643990933;2.65709671138322;0.026455787075056688;11.542822232879818;0.17334550258503403;3.339248451020408;0.06082883555102041;3.057003536961451;19.144874009070296;0.1241961901632653;3.4241867092970524
159;2024-06-08;0.3349219727437642;2.299510006054422;0.0232323748569161;9.421968297052153;0.14369783564172336;3.0059064498866217;0.05548103025623583;2.666407051020408;17.269498972789115;0.11251073108843537;3.1739642092970524
160;2024-06-09;0.29660065102040817;2.0205730583900228;0.020520430902494332;7.858960924716554;0.12065443679365079;2.802425984807256;0.05155801087755102;2.3917268653061226;16.0187615170068;0.1038677725941043;2.975144925170068
161;2024-06-10;0.6043977721315194;3.6919325391836733;0.03508563982380952;17.66850998707483;0.24644591977324265;6.475886504081633;0.10604515075510206;5.418300211337869;37.18327139909297;0.21682106260770975;3.034545940589569
162;2024-06-11;0.7088649701360544;4.461655681405896;0.042175445036281185;22.137952487528345;0.3150056822675737;6.830157594331065;0.11438928436054421;6.14391400521542;40.297199938775506;0.237294558276644;4.001642419727891
163;2024-06-12;0.5104776155782313;3.4400426464852605;0.03274848209863945;17.237258999999998;0.23889101276643993;4.719056329705215;0.07995214688208616;4.349525644671202;26.797948140589572;0.15888597480045352;4.16243596984127
164;2024-06-13;0.4114820693197279;2.8850703956916104;0.027622001409297055;14.686683153061225;0.19130304138321996;3.847632056689342;0.06567694618140589;3.5742720537414967;21.47187790702948;0.1268800802857143;3.907440968027211
165;2024-06-14;0.3540489271655329;2.521426471655329;0.024415183383219956;12.222942888435375;0.15727723324263038;3.42725075260771;0.05922632037641723;3.0937787437641724;18.953723747165533;0.11313019016099773;3.5571579714285715
166;2024-06-15;0.30918413934240363;2.2176813063492062;0.02130747631972789;10.2141713;0.12973870290476192;3.2144564848072563;0.05427028331972789;2.762153353968254;17.499530090702947;0.1038676762335601;3.2878310498866212
167;2024-06-16;0.2741724192063492;1.9732457334693878;0.01848181858027211;8.843992334920635;0.10868001361904762;3.1375614346938776;0.050324418473922904;2.550998700453515;16.65718401360544;0.09668616802721088;3.1170200784580495
168;2024-06-17;0.8324630422675736;5.7933171204081635;0.04773427884580499;31.31512643106576;0.3275331841269841;11.403052064172336;0.15395960399319727;9.040032254875284;59.968888444444445;0.3032359741950113;3.5344101099773244
169;2024-06-18;0.9627299453514739;6.984960040362813;0.05797141139569161;41.0879090600907;0.4419253216326531;10.090298014965986;0.14763904591836735;9.810464231746032;59.562400045351474;0.3151941668027211;6.010175027664399
170;2024-06-19;0.6237600489795918;4.6254439058956915;0.04037355262244898;27.440336659863945;0.31416693782312927;5.444413066213151;0.0888620750952381;5.700374685714285;30.894300630385487;0.18035748426077097;5.556811081405896
171;2024-06-20;0.4662773362811791;3.3331103986167805;0.03103464843219955;18.735842492743764;0.22887485777777777;3.8573267718820863;0.06792288174829932;4.016036842630386;22.266161126984127;0.1384449489206349;4.501163000226757
172;2024-06-21;0.380953103015873;2.60201272462585;0.02574479114217687;13.58696397324263;0.17392015584807255;3.2053776984126983;0.058934967566893426;3.1868444058956915;18.847777433106575;0.12235318782993197;3.8480273217687073
173;2024-06-22;0.32727368328798184;2.1698517644671202;0.022225516194557822;10.522086486394558;0.13635570880725625;2.9724964317460314;0.05439274179818594;2.7513243907029477;17.35145698185941;0.11429971680045352;3.4873904836734693
174;2024-06-23;0.29276573206349205;1.935084377301587;0.02013978746984127;8.434772180725624;0.11076126897052153;2.8762410430839003;0.05196758230612245;2.472722919727891;16.426576538548755;0.10989709451020407;3.245230392063492
175;2024-06-24;0.569217752154195;3.7128636696145123;0.035343945575963716;17.336969584353742;0.20997104297278912;6.584561048526077;0.10400608214512472;5.354206794784581;36.616085264172334;0.21989668199546486;3.293936920408163
176;2024-06-25;0.6158156742176871;4.308853143537415;0.04145322781632653;18.962784640136054;0.24296000073469387;6.29930417755102;0.10524225022675736;5.450428631972789;35.83419964172335;0.22616019585034014;4.037649873696145
177;2024-06-26;0.4498634778004535;3.338819544444444;0.03272871916099773;13.081599540136054;0.17927991775736962;4.3802851113378685;0.07690129878911564;3.739236363945578;24.07013092517007;0.1609535413605442;3.7911298718820863
178;2024-06-27;0.35852170390022675;2.707609220181406;0.026111548063492064;10.039984632879818;0.14035153403854875;3.59252312154195;0.062426305301587305;2.995046302947846;19.600437725623582;0.1296323163446712;3.437938323356009
179;2024-06-28;0.297889020861678;2.2666947285714287;0.021313129874603175;7.977769236961451;0.11189600807029479;3.173564674376417;0.05371026736734694;2.555323053514739;17.245847064625853;0.11096961533106577;3.1355057977324265
180;2024-06-29;0.25441471764172335;1.9415906195238095;0.017746521190022676;6.495729669614512;0.09065409532426304;2.923912251020408;0.04787248960090703;2.2590555260770975;15.747432927437641;0.09814161169614513;2.902482765759637
181;2024-06-30;0.2208385489569161;1.6710794845804988;0.014882141512018141;5.379536940136054;0.07442225331972789;2.7476169972789113;0.04346457252380952;2.0331504034013608;14.59957075510204;0.08806958139229025;2.7198144310657595
182;2024-07-01;0.6382945674376417;4.478709999546485;0.03659869655555555;17.126502842403628;0.21663766374829932;8.844958597052154;0.12681991840589568;6.511224811111111;47.684524396825395;0.25823828832199547;2.9673172700680275
183;2024-07-02;0.7152313892517007;5.344992680045352;0.04459191895011338;21.753953097959183;0.2901121368843537;7.999801986621316;0.12300806488208617;6.719045927891156;45.52980092970522;0.2575192707936508;4.596753753968254
184;2024-07-03;0.4724291541269841;3.686011554875283;0.0321582982585034;14.82264953356009;0.21056124698412698;4.609974866213152;0.07703190151927437;4.040742126077097;25.3702680861678;0.15267770812018142;4.218420686848073
185;2024-07-04;0.3647992404988662;2.8200051721088437;0.025683595308390022;10.613466784126985;0.15859139231519276;3.4141501873015874;0.06059265514512471;2.9976056458049887;19.123644603174604;0.11993159819727892;3.556309170068027
186;2024-07-05;0.30389140678004534;2.3115578605442177;0.021569743089115648;8.145143385714285;0.12411044084807256;2.908529797052154;0.0527413619909297;2.4918050160997733;16.536428197278912;0.10546986056689342;3.1550439968253965
187;2024-07-06;0.2610482549433107;1.9462779904308392;0.01827771684217687;6.545528655782313;0.09922337416553288;2.6565634498866215;0.04745504736734694;2.1914139197278915;15.148595943310657;0.0960921160340136;2.921282301814059
188;2024-07-07;0.22867146768707483;1.666379390430839;0.015574072680725625;5.417267064172336;0.08073466046712019;2.522133182312925;0.04354327249886621;1.9866097857142857;14.233537176870747;0.08881946234240362;2.7773442755102042
189;2024-07-08;0.5856387596598639;3.921733582086168;0.03334744903741497;15.81641561043084;0.20378720551927437;7.603956124263039;0.11290818844444445;5.839354858503401;42.7301507494331;0.23559591872108845;3.041540153968254
190;2024-07-09;0.6347293970975056;4.596851724489796;0.039361001295918366;19.815490752380953;0.26083144556462584;6.79420499569161;0.10725915319274376;5.890332519727892;39.47744066553288;0.22727779548526075;4.532078631292517
191;2024-07-10;0.4110777160544218;3.156806486848073;0.028031211948752837;13.062243808163265;0.17975536635374148;3.9344880505668933;0.06711554784807257;3.522872379138322;22.120928901360543;0.13617559164852608;4.013794898639456
192;2024-07-11;0.30730629659863945;2.3403214849433107;0.021511905329024944;8.873180693424036;0.12671447169614514;2.929376049206349;0.0519463610430839;2.5862811598639457;16.892494833333334;0.1071335574489796;3.344895765079365
193;2024-07-12;0.24849175811791382;1.8602673572108843;0.017520000374829932;6.359156667346938;0.09302920723582767;2.4762381344671205;0.04441868015192744;2.1018899163265305;14.527015962585034;0.09352387064852608;2.939810431292517
194;2024-07-13;0.21071096995464852;1.546744677687075;0.014756767078004536;4.787008088208617;0.07102685035827665;2.2390912666666667;0.03987647313151928;1.8099216548752834;13.146215201814059;0.08505087898412698;2.693525032879819
195;2024-07-14;0.18418413215419502;1.3238587736734693;0.012635347913151927;3.778346707256236;0.05597678673696145;2.1237361609977325;0.036868609081632656;1.6239911149659862;12.261951232426304;0.07870338809070294;2.5366125975056693
196;2024-07-15;0.41817856385034013;2.6363723582993197;0.022692681674376415;10.142230281587302;0.1277579454580499;5.856744299954649;0.08592543190022675;4.29645590521542;32.92212254489796;0.18180250590702945;2.7159870786848073
197;2024-07-16;0.4358240437378684;3.0629010613310657;0.02633629295027211;12.402791737641722;0.15911309912879817;5.191043540866214;0.0810935812936508;4.160085531170068;29.264288883786847;0.16928107226031747;3.725360974376417
198;2024-07-17;0.2895932250834467;2.222737453310658;0.019760590598866215;8.199060796439909;0.11007296882698413;3.1391545289115648;0.052853031099319735;2.57372994254195;17.323805768231292;0.10690663481179138;3.261173725396825
199;2024-07-18;0.22052970985034015;1.7360651069160997;0.015861242296145123;5.5256995095691614;0.0777291035031746;2.377275533605442;0.041561994939682545;1.9212341678231293;13.415769197891155;0.08537736942517006;2.7733786315192743
200;2024-07-19;0.17900103990022675;1.4370908263492064;0.01323669231904762;3.89400476723356;0.05655551933174603;2.0091626886394556;0.035329598652834464;1.5690449551473924;11.48828064217687;0.07387922986054422;2.4759241591836734
201;2024-07-20;0.15310311345351477;1.2231471222675738;0.011303323183446713;2.9154256552380953;0.04331026479591837;1.8066831565986394;0.031599163373015875;1.3614634513151929;10.392305028344671;0.06689036254421768;2.3061936068027213
202;2024-07-21;0.13587077404081632;1.0624060922675738;0.009778417670975056;2.3023915800453514;0.0345899558707483;1.701235463605442;0.0293327243015873;1.2344969657596372;9.747930108390022;0.06216967608163265;2.2072755748299318
203;2024-07-22;0.2855943757414966;2.16159142893424;0.018758429335600908;5.133376125782313;0.07166783196938775;4.0040205023809525;0.06341016709070295;2.7970105280498867;22.265137158049885;0.1317579460181406;2.3020766142857143
204;2024-07-23;0.3094057720654597;2.5486951745391613;0.02215545366545281;6.330646319376394;0.09028348273008617;4.051954346660318;0.06565502326778004;2.9029039881537866;21.903551065861723;0.13131181223612926;2.8641835133786846
205;2024-07-24;0.217464001029932;1.8842958277619049;0.016475033811678006;4.626246761555556;0.06741045116217687;2.7552660530272113;0.045695576568390024;1.9798044941564628;14.491844513333334;0.08788293898390023;2.7270617757369617
206;2024-07-25;0.17259250301133786;1.4715028965079366;0.013007211938321996;3.463154500770975;0.051600573665306126;2.173195912154195;0.03685205381927438;1.5605034647845806;11.618187761678005;0.07113266422290249;2.465012996825397
207;2024-07-26;0.14670923140136055;1.2087343120181406;0.01073109706893424;2.709845658684807;0.04078603051746032;1.8865367030385487;0.03225678397165533;1.3387083412018141;10.2593828861678;0.06293531950113379;2.2779782437641725
208;2024-07-27;0.12976508351473923;1.030416483628118;0.009134691102267575;2.1962178729251702;0.0330809896984127;1.732324036621315;0.02949620732426304;1.2052548135827663;9.504098955555556;0.058053195090702954;2.1566337249433105
209;2024-07-28;0.11666135923582766;0.8969286071428572;0.007932808549206348;1.7908939348526076;0.027007234068027214;1.6205353133560092;0.027440289195011337;1.1022401889115647;8.918524059637187;0.0542810273877551;2.05669081292517
210;2024-07-29;0.1988951953628118;1.4698788141950114;0.012591174120181407;3.037508600272109;0.043719657909977325;2.983041707482993;0.048199084658730164;1.9625308125623584;16.059940043310657;0.0943852786643991;2.0171284782312924
211;2024-07-30;0.223338563984127;1.6959402693197279;0.014781750985260772;3.4998804427891157;0.05205637468594104;3.168097106825397;0.05345961098072562;2.1219418973015873;17.09938429160998;0.10304082759637188;2.204240993197279
212;2024-07-31;0.17970754339229025;1.376851188095238;0.01224058643786848;2.7401619808163264;0.04212478422108844;2.4636451030839;0.04330998009523809;1.6587017707936509;13.323762397732425;0.08203219272789115;2.180011447165533
213;2024-08-01;0.15565900465079366;1.1680492178684807;0.010559955605668934;2.2307613434920635;0.03525155729931973;2.1016291859183673;0.03799999347165533;1.417149298435374;11.505351332426304;0.07184749830612244;2.1033592893424036
214;2024-08-02;0.13944360457142857;1.0140932235600908;0.009371194656235827;1.8186150323809525;0.029585638196145125;1.8592902301587302;0.03464308409977324;1.253419815941043;10.349038939229025;0.06584368752380952;2.0276621541950113
215;2024-08-03;0.12711814670748298;0.8928807233560091;0.008471116562811791;1.467763079931973;0.024647393809523813;1.6735317977324264;0.03219257637641723;1.1282525968253967;9.504855136961451;0.06180705963038549;1.9558693945578232
216;2024-08-04;0.1180614766553288;0.7980199057596372;0.007797299502267574;1.19680586585034;0.02076270161111111;1.530825769750567;0.030430929854875284;1.0324463554875283;8.863704332653061;0.05907054558956916;1.897418985260771
217;2024-08-05;0.25026366222902496;1.6449751973696145;0.015518907172562357;2.6485559551473927;0.044144629310657595;3.4259172814512473;0.06480602453287981;2.256488835782313;19.358416701360547;0.12579410071882086;1.9596531444444445
218;2024-08-06;0.29350884647619047;2.062962040929705;0.01994720816122449;3.3729280746848076;0.058408419254195015;3.7618317424489796;0.07465103504829933;2.504196320589569;20.8526331845805;0.14050218370521542;2.3620760192743764
219;2024-08-07;0.22384150249659862;1.6360871978004534;0.016413557524716554;2.592824091043084;0.046485398566893425;2.708796623446712;0.056682054324263036;1.8167726992743765;14.863563858956915;0.10426049191836735;2.3502717131519275
220;2024-08-08;0.1858515675351474;1.3340289634013607;0.013874300848526078;2.020256592335601;0.037202273390022675;2.155522820725624;0.04701372842630386;1.466746906621315;12.09115409229025;0.08776126426077097;2.1997348315192746
221;2024-08-09;0.1612431750680272;1.1176593934920636;0.012002378198639455;1.581592204557823;0.029732631454648526;1.8227460798185942;0.04100184982539682;1.253726551043084;10.522720424489796;0.07850631503628118;2.057627670521542
222;2024-08-10;0.14389694457369614;0.955313039047619;0.010547055494331067;1.262528287936508;0.024104306540816328;1.6038589471655327;0.036834689217687074;1.109055830090703;9.486969238548753;0.07241089321768707;1.9506107752834467
223;2024-08-11;0.13094959201814058;0.8311203748752835;0.009379807033333333;1.0313903263718822;0.019831200980725622;1.454638288888889;0.033745876931972785;1.005905643696145;8.753718403854876;0.0679927068185941;1.8711733020408163
224;2024-08-12;0.20435690205215418;1.257224437777778;0.013472968065986395;1.763349159478458;0.03138575557142857;2.4832973432426306;0.052379133560090704;1.6723952971201812;14.564872002494331;0.10711904451020407;1.8652064269841269
225;2024-08-13;0.22461790770068027;1.4454402666666668;0.015680661407029478;2.0855720365192743;0.03755144786870749;2.62758488968254;0.05717162333877551;1.7678567027210883;15.055682633786848;0.11421417492517007;2.0592323233560093
226;2024-08-14;0.17858645265306122;1.1697250040362812;0.01320158616281179;1.5891231803628116;0.02919804100589569;1.9846441357142857;0.04568225928117914;1.3411331493650793;11.350105014285715;0.09050456587755103;2.008167478004535
227;2024-08-15;0.153737988;0.9740617858049887;0.011499464702494331;1.2310762299546485;0.023024060447845805;1.6373260002947847;0.03954094877097506;1.1181550367800455;9.575396028344672;0.0796735139387755;1.8892106732426304
228;2024-08-16;0.13863951981405895;0.8370413862131519;0.010288536248526076;0.978947300861678;0.018488715125623584;1.4416494478684807;0.03594809587528344;0.9878908812018141;8.597052082312924;0.07391417180045352;1.7925704839002268
229;2024-08-17;0.12895013125623583;0.7382612781179138;0.009374865663945577;0.8045472384126985;0.015321278319047619;1.3276250318820861;0.03368238114739229;0.9065041277097505;8.007615666893424;0.07057160579818594;1.729858161904762
230;2024-08-18;0.1230084182494331;0.6637943244217687;0.0087628422585034;0.6648989642857144;0.012951220311564626;1.2422108753287981;0.03236302634240363;0.8453913637641723;7.573791892517006;0.06893132916099773;1.6866527
231;2024-08-19;0.25504376133333334;1.356255999931973;0.017141748771882088;1.4879750839455783;0.027672792572562357;2.7781078685941045;0.06691950596825397;1.8300212486621317;16.337915431746033;0.14330971448752833;1.7316639936507938
232;2024-08-20;0.30684589504988663;1.7324927496371882;0.02255571134399093;1.9871140564625849;0.03834987572494331;3.182127699795918;0.0804091293356009;2.0780337955555557;18.034670388662132;0.1655311784489796;2.0845766058956916
233;2024-08-21;0.24610479298185942;1.436142712335601;0.01929276923356009;1.67600584877551;0.03304954017573696;2.464755271950114;0.06477029449659864;1.5938590536281179;13.549404155782312;0.12899218956235828;2.1483422224489797
234;2024-08-22;0.20901765150566895;1.195642232585034;0.01650507978798186;1.3815319584126986;0.027762230873696146;2.020870984489796;0.054619993356009075;1.3229676046712018;11.277565665306122;0.11013034714285715;2.056289674829932
235;2024-08-23;0.1846247146825397;1.0137326931519275;0.01426347677664399;1.1447281529931974;0.02320876954195011;1.7474844147165534;0.04788631766213152;1.1598599102494331;10.0123732861678;0.09926615044217686;1.9523913560090704
236;2024-08-24;0.1661283841269841;0.8799663011791383;0.012354310242630385;0.9776069948526077;0.01963777948684807;1.5879701146031746;0.04283898827891157;1.0586889326984126;9.258723453968253;0.09129730600680272;1.8683531818594104
237;2024-08-25;0.15164685820861676;0.7736641484807256;0.010807900458049887;0.8419740913605441;0.01673228436643991;1.4724546367573697;0.0389780952675737;0.9827590818594104;8.705015714058957;0.08512857836054422;1.7998781086167799
238;2024-08-26;0.25573299646031744;1.2903338388662131;0.017609240317460317;1.4539414888888889;0.027963145742857142;2.588677160884354;0.06549395524263038;1.7117245702040818;15.20774183106576;0.14466665440816326;1.783934119727891
239;2024-08-27;0.29152989802721085;1.4859053058276643;0.02140795356893424;1.6407544913378684;0.033189481921088435;2.6818489636734695;0.07369815244671202;1.8318935887301586;16.174213660090704;0.16323431020861678;1.964923685260771
240;2024-08-28;0.23521057585034014;1.1789109422222221;0.017909627069160997;1.215166319727891;0.025734401302494332;2.001717248412698;0.059343533752834465;1.4110519770068026;12.536828808163266;0.1322230144739229;1.954699499319728
241;2024-08-29;0.2027625586031746;0.991572490090703;0.015428245096371881;0.9660108835147393;0.020931333570975055;1.677316085600907;0.05118451480498866;1.2037488001360543;10.810085702947847;0.11521846515192743;1.896564646031746
242;2024-08-30;0.1806170372517007;0.8639885912244898;0.013549501051473923;0.8102489471428571;0.017673677382086167;1.4935195809750568;0.04570809326530612;1.0762477851927437;9.747215965759636;0.10368576621088436;1.8460743292517006
243;2024-08-31;0.16429124071201812;0.7662407736054422;0.012069634906122449;0.6892677157369614;0.01505504798185941;1.369676761451247;0.041735709145124714;0.9867474604081633;9.015783952380954;0.09543084882312926;1.8037384594104309
244;2024-09-01;0.15212634539002268;0.6876209870521542;0.01090565839229025;0.5919787894784581;0.012966162559183673;1.2753928467800455;0.03879818060544218;0.9176852357369615;8.457229912244898;0.08945634389795919;1.771613495011338
245;2024-09-02;0.2693828279478458;1.2749011908163264;0.01861371834648526;1.2527301468253969;0.025775792291156462;2.508201514580499;0.06835641242630384;1.7294867029024945;15.71800701904762;0.15663690549886622;1.815124175510204
246;2024-09-03;0.29979535849659866;1.5466565759614512;0.02259806503900227;1.6060792140884352;0.03374880636213152;2.749103109342404;0.07632026064285714;1.8602363692743764;16.420996718594104;0.16712822551247167;2.113611478004535
247;2024-09-04;0.22886296913605442;1.22694462446712;0.018157337479591838;1.274459281596372;0.027058872607709752;2.054828444331066;0.05860175796825397;1.3838224240816326;12.049636227437642;0.1250450010612245;2.112129240589569
248;2024-09-05;0.1920089017845805;1.0037412013378686;0.015065377501360545;1.0184965867414966;0.02180553808526077;1.6792588141950113;0.04892583004535147;1.14946738845805;10.092111708843538;0.10621215593424037;1.9951317170068028
249;2024-09-06;0.17074673463492063;0.8497925939002268;0.012975786323582766;0.8249842917868481;0.0177827120707483;1.4577586052154194;0.043374462385487526;1.013842367573696;9.033572562585034;0.09661377308616781;1.8950474371882087
250;2024-09-07;0.15604947811791384;0.7410968761451247;0.011382259663718822;0.6842762709297052;0.014684270329705216;1.327067460952381;0.03963494595238095;0.9288320842857143;8.393544049659864;0.09034800241950114;1.81967649138322
251;2024-09-08;0.14472516610657596;0.6578453307482993;0.010107669082539681;0.581781396909297;0.01241895913786848;1.2356855204761905;0.036761457129251704;0.8652188341269841;7.907313460770975;0.08543708134013606;1.7632790718820863
252;2024-09-09;0.33116944333333337;1.5149759486848073;0.022735399353968254;1.3576740793650794;0.02829766479931973;2.9233647129931972;0.08386324532879819;2.0243330791609977;18.495981576870747;0.19627313365986396;1.7829534952380952
253;2024-09-10;0.41481609238095235;2.00330381414966;0.03099150971655329;1.802045622063492;0.038860959292290255;3.538992250793651;0.10647163455782313;2.413327046530612;21.615582116780043;0.23849198847165534;2.132402875283447
254;2024-09-11;0.32023440086167804;1.6161483410657596;0.025658747430839002;1.43137867430839;0.03144887009909297;2.68622176553288;0.08403508461678004;1.7892530021768709;15.737286656462585;0.17909169859410431;2.206371102040816
255;2024-09-12;0.26063972433106575;1.2918622532426305;0.021342986326530613;1.0650052889115647;0.023981357197052154;2.0946738113378687;0.06906364687301587;1.405293502494331;12.411980189342405;0.14625173365079364;2.0849628526077097
256;2024-09-13;0.22284874532879817;1.0538637764852608;0.018163594553287983;0.7812641346712018;0.017927272245351473;1.7103847394557823;0.059477501895691606;1.1675919839909297;10.46559072335601;0.12728037621541952;1.956579573696145
257;2024-09-14;0.19928670129251702;0.901888072154195;0.016017374143990928;0.6188220545011337;0.01433293889319728;1.4822195573696146;0.05342354276643991;1.024638757755102;9.292735024716553;0.11551284591609977;1.869244512244898
258;2024-09-15;0.18324924648526078;0.797267330612245;0.014447244642857142;0.513965061371882;0.011954493967346939;1.3379097185941045;0.04918815288435374;0.9317066839002267;8.53133781632653;0.10765935412471654;1.811280672335601
259;2024-09-16;0.3800383706575964;1.6002473535147392;0.029748368666666667;0.894569027845805;0.02081909071972789;2.7594896353741496;0.10299267602494332;1.8957649188208618;17.49487236394558;0.22647823557596372;1.8351700501133787
260;2024-09-17;0.4815622853287982;2.094468171201814;0.04055772609977325;1.1057868387301588;0.02663564934807256;3.418900720408163;0.13317816087755102;2.304888757142857;21.039508538548752;0.2811907507482993;2.1064779267573694
261;2024-09-18;0.38204815714285717;1.751842909070295;0.034794475140589566;0.8886772229705215;0.02172277847505669;2.733414289569161;0.108167371585034;1.7943609342403628;16.158396252834468;0.21736353336507938;2.236043476643991
262;2024-09-19;0.32086647172335603;1.5094559714285714;0.030595638172335602;0.7435505455328798;0.018273823921768705;2.299130434240363;0.09147899990702947;1.4949530888888891;13.387299676870747;0.18051801007029478;2.239762201814059
263;2024-09-20;0.2809414220634921;1.329386366893424;0.02727285071428571;0.6434602820634922;0.015831272321995465;2.0113578893424036;0.07981541765986395;1.3060897666666667;11.688872178004535;0.15802188171655326;2.1927609843537414
264;2024-09-21;0.251054182675737;1.1780004662585035;0.024390668587301587;0.555572298185941;0.013650103925170068;1.7918941689342405;0.07075599625396825;1.1682597290249435;10.49364935260771;0.14225741346712018;2.124519543764172
265;2024-09-22;0.22728820002267575;1.0480912239002267;0.0218734223446712;0.4734213464399093;0.011593506728571429;1.6165912448979591;0.06344393961451247;1.0612940795918369;9.597424672335602;0.13037733140362812;2.0514311027210885
266;2024-09-23;0.32504574283446713;1.4733155792063493;0.03142844740022676;0.6320087955782313;0.015527464787755102;2.271061388888889;0.09068272827891156;1.4906780455555557;13.51175035600907;0.1874071026281179;2.0108734306122447
267;2024-09-24;0.379423097755102;1.729654870770975;0.038022960797052155;0.7303478851020407;0.018407086341269842;2.575117011564626;0.10600245325623583;1.6921787792063492;15.271025009070295;0.21699059772108845;2.0746797405895694
268;2024-09-25;0.32257148195011337;1.4847857594331066;0.03307504339115646;0.6104427707482993;0.015572057976190476;2.1830038696145126;0.0904719599569161;1.4254509580725623;12.827178689342404;0.1834524211882086;2.0812234612244898
269;2024-09-26;0.2808784596371882;1.2839041626077097;0.02897431245011338;0.5110384741496599;0.013131503646031746;1.8865935489795918;0.07888322660997732;1.2320154679591837;11.102648995464852;0.15988941658503403;2.0365143999999997
270;2024-09-27;0.25088539984126984;1.1203480255555556;0.02574034793197279;0.43462769614512475;0.011244781125396825;1.6532084693877551;0.07040690897505669;1.087927332517007;9.846943354195012;0.14349336105668933;1.969934716099773
271;2024-09-28;0.23010796526077096;0.9989537072108843;0.023307357818594106;0.3770217920181406;0.00977320662335601;1.4919430074829931;0.06455709351247166;0.9889605990022676;8.999608382993197;0.13247030734013607;1.9119710962585035
272;2024-09-29;0.21403013206349208;0.9026929625396826;0.02128651493764172;0.32794545666666663;0.008479158710884354;1.3764261315192743;0.06001929581632653;0.916103641723356;8.386178847165532;0.12424516298412698;1.8647554929705215
273;2024-09-30;0.4128874289569161;1.726270518956916;0.04133587840589569;0.5905983438775511;0.015253321159863945;2.645644445804989;0.11667912356235827;1.7479527541723356;16.01291918435374;0.23961910622222224;1.8595158907029479
274;2024-10-01;0.5258622252834467;2.2159289471882087;0.055239060909297054;0.7355234143083901;0.019697441350340135;3.25081849569161;0.15041590798866214;2.139469271201814;19.471359530612247;0.30050981671201815;2.028402837414966
275;2024-10-02;0.43396122820861677;1.8394568498866213;0.0473693420430839;0.5939852626077098;0.01636208183446712;2.6242136675736965;0.12635750781405897;1.705606405442177;15.409620507936507;0.24387229643990932;2.100022305442177
276;2024-10-03;0.36819991743764174;1.5224057422448978;0.040629039986394555;0.4564283620861678;0.012937991543537416;2.1598006022675738;0.10878732575736962;1.401733143786848;12.682162569160997;0.2058455604761905;2.071263231972789
277;2024-10-04;0.3245322833560091;1.2963766204535148;0.03564576164172336;0.3739416505895692;0.010808446949659864;1.8479694065759638;0.09662980107936507;1.2058884986394558;10.952373801587301;0.18144827387755103;2.0001671290249434
278;2024-10-05;0.30102620467120184;1.1857824589569161;0.03307492793877551;0.3625851251247165;0.01049833262312925;1.6922620507936508;0.08994096660090703;1.1036165628344672;10.002768530612245;0.16751197786848074;1.9507713630385486
279;2024-10-06;0.2828231471201814;1.1114408832426304;0.031005286757369615;0.3591360713151927;0.010282087485487527;1.596633546712018;0.08448688019047618;1.0383175523582766;9.392599667800454;0.15704889358276644;1.9075559646258502
280;2024-10-07;0.6113974849433106;2.4397288984126986;0.06705624559863946;0.7935334372789117;0.022297140917233563;3.532999517913832;0.18260875090702947;2.279862938095238;20.59209242517007;0.3394353477324263;1.915328515419501
281;2024-10-08;0.7958589596145125;3.2647769065759635;0.09198862760317461;1.1019288641043083;0.03173901504988662;4.469850386848073;0.23803277394557826;2.8899635501133787;25.843005390022675;0.43409854342403625;2.1671355056689343
282;2024-10-09;0.6471164593650793;2.7621655564625853;0.0791123392154195;0.96999799569161;0.02837864157142857;3.5965910666666665;0.19516203873015872;2.2981809505668935;20.249415786848076;0.34446343850340133;2.3138523494331067
283;2024-10-10;0.5332160536054422;2.3272447385487527;0.06744167233786848;0.8307720106802721;0.024538532244897958;2.939056645578231;0.16155159567800453;1.8664683405895692;16.30054603514739;0.2796842563038549;2.2854443266213154
284;2024-10-11;0.45418237188208616;1.9959593072562358;0.058152956448979595;0.7070488984353741;0.020951772721088436;2.4988469403628115;0.13775936432199545;1.5818904743764173;13.780829989795919;0.23731827741496597;2.192866194852608
285;2024-10-12;0.39620337736961453;1.7330252242630384;0.05053721018367347;0.601877077936508;0.017819666365079364;2.1835304419501136;0.11995402095011339;1.382508520090703;12.071669102040817;0.2078924792517007;2.080234993197279
286;2024-10-13;0.35485228344671205;1.5256569566893423;0.044734226410430844;0.5245245176643991;0.015551184526530612;1.9355475111111111;0.10686124640362812;1.2366807618594104;10.854439660544216;0.18770562634920634;1.984495800680272
287;2024-10-14;0.7533715211791383;3.2547248342403625;0.09452195085941043;1.0647138862585035;0.03133746849433106;4.151553895464852;0.22567256020408163;2.656920988435374;23.412058405895692;0.40183953875283446;1.981826990929705
288;2024-10-15;0.9590171336054422;4.226268769160997;0.12512991175510205;1.4161243638548753;0.04270431625396825;5.118072392290249;0.2845717598866213;3.3191277916099775;29.069066866213152;0.5066111431746032;2.3071957176870748
289;2024-10-16;0.7463408303628118;3.371422559637188;0.10125133073015874;1.1755173163492063;0.03610050031972789;3.927722662585034;0.22204604292517005;2.533852298412698;21.931564149659863;0.38694295716553284;2.465252002494331
290;2024-10-17;0.6041361021315194;2.745030163265306;0.08320201384126984;0.9841328371201814;0.030519200548752835;3.1475185494331064;0.18003924891156461;2.028788083673469;17.46877465079365;0.31037563934240364;2.439585990702948
291;2024-10-18;0.5073181323356009;2.293379137868481;0.06959828503854876;0.835667493968254;0.025917653009070295;2.6275842024943312;0.15076088267573695;1.704514830612245;14.69754665079365;0.26104130988662133;2.3336137941043082
292;2024-10-19;0.4411848928117914;1.9620943015873016;0.05950670172562358;0.7156345361451247;0.022132606718820863;2.2705881131519274;0.13045696632199547;1.4895987707482994;12.926867897959184;0.2290886180272109;2.220060598185941
293;2024-10-20;0.39110130192743764;1.6914743274376418;0.051314154702947846;0.6083510754648526;0.018758142509070295;1.9931964562358278;0.11481536928117914;1.3294010782312926;11.659790565759636;0.206213635260771;2.108620333560091
294;2024-10-21;0.6406385990476191;2.7564252684807258;0.0823078909659864;0.9590082052154195;0.02913810168027211;3.331854021995465;0.18716138768253968;2.221821742857143;19.614572654195012;0.34203121911564627;2.0468731458049887
295;2024-10-22;0.7788245294104309;3.381205405442177;0.10183049749659863;1.1879538112471655;0.03656193745124716;4.006707716553288;0.22628783873015873;2.6842085346938775;23.634634648526074;0.4141442557596372;2.191497124489796
296;2024-10-23;0.6372822629251701;2.7858880546485265;0.08468505980498867;0.9854501853968255;0.03067429066439909;3.258833405668934;0.18554527993197278;2.175643073469388;19.077544443310657;0.3363776338321996;2.2477080043083904
297;2024-10-24;0.5309567802040817;2.2905931965986395;0.07054137717913832;0.7943284607029478;0.025060318346938774;2.67086012585034;0.15471623498412698;1.7932752290249434;15.763520418367348;0.2806388501814059;2.1950540009070294
298;2024-10-25;0.4551725213378685;1.9249852965986396;0.059733710628117914;0.6423781929705216;0.020437029865079365;2.262277988208617;0.13251470266213153;1.5310142362811792;13.542528897959183;0.24248707990929708;2.101930193650794
299;2024-10-26;0.403456367414966;1.684291901133787;0.0522252857755102;0.5431680235600908;0.017277271031746033;2.011544948979592;0.11759246844897958;1.3608005891156463;12.09060170181406;0.21636134319727893;2.014084502494331
300;2024-10-27;0.3652272807029478;1.50651083446712;0.046507434512471656;0.4670118052154195;0.014822058716553288;1.8376703886621315;0.10662599776190476;1.239404770521542;11.06166374489796;0.1972717890249433;1.9332727526077098
301;2024-10-28;0.7761620121315193;3.2307952489795917;0.09836776879138322;0.9722322045578232;0.030462426292517008;3.9974492249433102;0.22702109138321996;2.668247052154195;23.81848688888889;0.42031072628117916;1.9296988192743763
302;2024-10-29;1.0052835374376416;4.272544930612245;0.1321708121814059;1.315806050181406;0.04203751848526077;5.076264733786848;0.29320952526077093;3.3997084870748298;30.131885079365077;0.5378656850566893;2.2462918428571426
303;2024-10-30;0.801139597755102;3.5335607206349207;0.10965043585260771;1.1190411113378684;0.03595990602494331;4.082032342403628;0.23595763832199546;2.6827439659863948;23.458292444444446;0.4195716182086168;2.4344447678004535
304;2024-10-31;0.6581840263718821;2.9753862029478455;0.09214920005895692;0.9586938282539683;0.030765759286848073;3.3932357530612243;0.19537633997732426;2.196770434920635;19.0339285861678;0.33989272793650793;2.4549455077097506
305;2024-11-01;0.5605096127664398;2.55466689569161;0.07897749246485261;0.829005209569161;0.026520336518140588;2.9025172609977323;0.16682812072562356;1.8705960412698412;16.160962515873017;0.28818366308390025;2.3890952854875285
306;2024-11-02;0.4912203983446712;2.22928080430839;0.06875869864852607;0.7171872743310657;0.022822981264172336;2.5438323022675737;0.14613902671201812;1.6442159659863946;14.240290708616781;0.25349969163265307;2.2877281256235826
307;2024-11-03;0.4398282830385487;1.9724250764172335;0.060423447963718825;0.620949796031746;0.019495382638321998;2.277349586394558;0.1303767343265306;1.4856752514739229;12.957378077097506;0.2295327165079365;2.180831931972789
308;2024-11-04;0.8385009936961451;3.7968231058956916;0.11326074267346939;1.22200841430839;0.03708789180498866;4.4469280555555555;0.24687881006802723;2.910637476190476;25.46188896371882;0.44127354884353737;2.1567382641723354
309;2024-11-05;1.0543180124716554;4.850724671428572;0.14589282086621314;1.6949737633560091;0.05168757539002268;5.451583310884353;0.3059;3.637204382312925;31.649169696145126;0.5508376192063492;2.4554522471655327
310;2024-11-06;0.8475674488888889;3.9752564965986394;0.12071004050340137;1.5726954083900226;0.04794213480045352;4.2870515569161;0.24405300585034015;2.8896997648526077;24.841392721088436;0.4348622679138322;2.6062924412698414
311;2024-11-07;0.705711738185941;3.3424176315192744;0.10201035293650794;1.4809458306349208;0.04490961831972789;3.5233909786848074;0.20229225390022676;2.388650131972789;20.31704624489796;0.3564995110657596;2.5914349759637187
312;2024-11-08;0.6077216799546485;2.8990214358276645;0.08783606375056689;1.3733094519501134;0.041164003480725624;3.0627850616780044;0.1741059121315193;2.069686698185941;17.501123691609976;0.3046157029251701;2.4952519120181407
313;2024-11-09;0.5364525536281178;2.5449951904761905;0.07711091860090703;1.2258635334920636;0.03670458638548753;2.70457632585034;0.15373055351473922;1.830679181632653;15.49271473356009;0.268906496462585;2.3699988750566896
314;2024-11-10;0.4850408147165533;2.286608346031746;0.06862916599319728;1.1347476370068028;0.033490747585034016;2.477333233106576;0.13898061585034013;1.6751647560090703;14.20328738095238;0.24394028555555555;2.2431932646258503
315;2024-11-11;0.7133935523129252;3.397013671882086;0.09869812783219954;1.7976055995464855;0.051111835777777774;3.803777382312925;0.20440906963718822;2.5457882004535146;21.551060786848073;0.3591745190022676;2.177728053968254
316;2024-11-12;0.8431812270521541;4.035681245351474;0.11705134970294784;2.2951493800453515;0.06519239188435375;4.4654912505668936;0.23917329759637188;3.021495866439909;25.46162760090703;0.4217641872789115;2.2917846224489797
317;2024-11-13;0.730251650521542;3.5173245065759637;0.10175463788662131;2.1124242965986393;0.05995492099546485;3.8831617190476186;0.20661560829931974;2.6235691045351475;21.969917782312926;0.36192648058956917;2.3451289446712016
318;2024-11-14;0.6516006467800454;3.1398046163265305;0.0911984408185941;1.8963665476190477;0.0542121685600907;3.4651390421768706;0.18475287884353742;2.3337035965986397;19.503131972789117;0.32143715800453515;2.3491075997732427
319;2024-11-15;0.595326606031746;2.8926667814058957;0.0836969626031746;1.713617233786848;0.0488356511814059;3.218450173015873;0.1702067519047619;2.1415030909297053;17.873302073696145;0.2925872402494331;2.3354988551020406
320;2024-11-16;0.5542889673696145;2.7393559514739225;0.0779736170680272;1.597797292063492;0.04474343464852608;3.108755225396825;0.16021946419501135;2.026688690249433;16.874355153061224;0.2713524528571429;2.3190647870748298
321;2024-11-17;0.5189678490476191;2.5880573979591834;0.07297185140816326;1.4843680487528343;0.04111001685487528;2.9781280972789115;0.15115440827664398;1.9176114501133785;15.960783225623583;0.2537315709297052;2.283787701587302
322;2024-11-18;0.7622257129705216;3.840883688888889;0.10726407611111112;2.182303724716553;0.05987759568253968;4.445469348072562;0.22314984383219955;2.8411786419501137;23.625486004535148;0.37193419687074825;2.272972067573696
323;2024-11-19;0.919506745170068;4.670402332199546;0.13189906607482993;2.6939950199546487;0.07500724108843537;5.22623634739229;0.2673526995464853;3.390950629478458;28.1007727414966;0.4452477362358277;2.4375419426303857
324;2024-11-20;0.7933084458956916;4.063937248979592;0.11631227395238095;2.3508803269841274;0.0664817910521542;4.402084368480725;0.2304025148526077;2.8827416743764176;23.77599716326531;0.38011186480725623;2.5002898566893426
325;2024-11-21;0.6984311459183673;3.578042172335601;0.10349579316780044;2.0510076544217686;0.05872127358503401;3.806443897278912;0.20295397353741498;2.5095048188208615;20.678563149659862;0.33326010621315194;2.4870432655328796
326;2024-11-22;0.625514581632653;3.2167871027210886;0.09349826912698413;1.8203035675736963;0.05240257751247166;3.3831399165532883;0.182085303015873;2.2355783138321996;18.4067083015873;0.2975284336734694;2.4318957106575962
327;2024-11-23;0.5702211271655329;2.958574407256236;0.0856918982675737;1.6483005290249433;0.04725729541723356;3.110041306575964;0.16686600002267574;2.0431820068027213;16.8012672154195;0.270405931723356;2.348790120634921
328;2024-11-24;0.5284250489795919;2.7528438047619046;0.07948420329251701;1.5015238789115646;0.042884153689342404;2.902784078004535;0.15536626117913832;1.8990942151927437;15.631978248299319;0.2506904297959184;2.2648168401360547
329;2024-11-25;0.6947697537188209;3.664650825623583;0.10453765085941043;1.9748863510204082;0.055715242639455785;3.888873619727891;0.20526995403628118;2.5224707063492064;20.741236689342404;0.329246909229025;2.197508270294785
330;2024-11-26;0.8083685554421769;4.299267988435374;0.12275225709750567;2.341748142857143;0.06628214266213152;4.489913839909297;0.2375711188435374;2.934068502721088;24.077891113378683;0.3817630387755102;2.254864494331066
331;2024-11-27;0.7218941913378685;3.8493983351473924;0.11096934109297053;2.075757520181406;0.059440641462585035;3.9409759283446713;0.21148797825396826;2.5959016818594107;21.284687365079364;0.33999623045351474;2.2746408199546484
332;2024-11-28;0.6511649422902495;3.4523903641723357;0.10094062331292517;1.8129026616780046;0.05275823202040816;3.478478114285714;0.19052661106575966;2.3102419609977325;18.979131578231293;0.30693947555555556;2.247709207936508
333;2024-11-29;0.5999084271655329;3.185566342176871;0.09323385629705215;1.636662230612245;0.04771786680725624;3.209473532426304;0.17606515215419502;2.1248900664399093;17.46697796031746;0.2828915544897959;2.2105721299319727
334;2024-11-30;0.5664524041496599;3.060577858276644;0.08809627997732426;1.5733399090702949;0.04497664868707483;3.125374703628118;0.16766935630385488;2.0347777977324264;16.658040320861677;0.26571011902494335;2.184547971655329
335;2024-12-01;0.542721950861678;2.985832812244898;0.0844768850952381;1.5417954153061224;0.043141286421768704;3.088635236734694;0.1620809324943311;1.9789163299319728;16.130731890022677;0.25302284750566895;2.164345040589569
336;2024-12-02;0.6882418985714286;3.8024294222222226;0.10665007437188209;1.885946780498866;0.052439743639455784;3.9710043609977324;0.20624531814058958;2.5285382272108845;20.68307708390023;0.3229067611337868;2.1260194111111113
337;2024-12-03;0.7738044719501134;4.185290726303855;0.1202892471451247;1.9716130563265306;0.05661885401814059;4.2586206473922905;0.22874305321995467;2.7868485238095237;23.026657020408166;0.36815331800453516;2.1425002247165534
338;2024-12-04;0.6895099538095238;3.6475234120181406;0.10815069009750568;1.6275540196371883;0.0485118620861678;3.5918055351473925;0.20155253761904762;2.4157838244897962;20.12252203968254;0.3312948658049886;2.132679772789116
339;2024-12-05;0.6294872204988662;3.3169868968253966;0.09927860605895691;1.432854071043084;0.04319700598185941;3.2281775655328797;0.1835815466213152;2.1840923941043084;18.231089369614512;0.30343006147392293;2.1095779736961453
340;2024-12-06;0.579844743877551;3.061401323356009;0.0917658127845805;1.2859394187755102;0.03882922428344671;2.9717185950113376;0.16936060979591835;2.0066089301587304;16.76024710544218;0.27988909789115646;2.0648745317460317
341;2024-12-07;0.540899607755102;2.856828064399093;0.08580433078911565;1.1602922238548754;0.03511877080498867;2.772037337868481;0.1584079410770975;1.8664786961451247;15.608586156462584;0.2615685654648526;2.0175301639455783
342;2024-12-08;0.4962769992063492;2.589936468707483;0.07869920797052155;0.9805848042403628;0.03018355766893424;2.498665982086168;0.14517506773015876;1.692630736281179;14.242381071428571;0.24221916634920634;1.919800711111111
343;2024-12-09;0.6729427099319728;3.408915149206349;0.10533735849433107;1.1756543484126982;0.037055926396825395;3.293087962131519;0.19600751140589567;2.2509745131519274;19.13403596712018;0.3345419120634921;1.8266040689342404
344;2024-12-10;0.8132644063945579;4.037383803174603;0.1269684538548753;1.3436641863265306;0.04313264902267574;3.877359955102041;0.23623282242630383;2.669131182086168;22.771165251700683;0.40693047993197284;1.85745971292517
345;2024-12-11;0.7432484543990929;3.703183257823129;0.11706833913151928;1.2063338266666666;0.03888882558276644;3.5387444267573693;0.2170038528798186;2.4189177308390026;20.578750346938772;0.37028743555555554;1.8869280843537415
346;2024-12-12;0.6881707769160997;3.4949096968253968;0.10963608479365079;1.1259453707029479;0.036016412897959184;3.342602235827665;0.20265771358276646;2.2493210004535147;19.028393709750567;0.33986056451247165;1.907386063718821
347;2024-12-13;0.6425732136961451;3.337418754648526;0.10339503963492064;1.0551378318367346;0.03338482742630385;3.2062381489795917;0.19106896385487526;2.118532120861678;17.823590037414967;0.31472438126984126;1.911777151020408
348;2024-12-14;0.6031391751020408;3.179740367346939;0.09815453215646258;0.9820939084126985;0.03102124157596372;3.0479321678004534;0.18068935099773245;1.993640223356009;16.7139155600907;0.2932740498185941;1.908388943537415
349;2024-12-15;0.5714873960544218;3.063657358276644;0.09406972145804988;0.929099103106576;0.029216876303854875;2.9331420414965987;0.1724883995238095;1.8982707678004533;15.853350017006804;0.2757123980498866;1.9034331952380952
350;2024-12-16;0.739075483446712;4.019287631065759;0.12240208932199546;1.2127341174603172;0.03780016213832199;3.871714764852608;0.22491335943310659;2.4733284004535148;20.576203321995468;0.3539598687755102;1.9049158655328797
351;2024-12-17;0.8634899957369615;4.740356977324263;0.14491799494784582;1.4450199855328798;0.045273018;4.51021266031746;0.26299591671201816;2.884593768253968;23.919534668934244;0.41030306471655326;1.984283831292517
352;2024-12-18;0.7907117609070294;4.408114756462585;0.13519581230612246;1.346064325419501;0.04237473489569161;4.125078191836735;0.24140215598639456;2.635523200680272;21.74702017687075;0.3717390588888889;2.0415379569160996
353;2024-12-19;0.7284852280045352;4.101905194104308;0.1265780042244898;1.2481171026303857;0.03958508334920635;3.7788323131519275;0.2227813663945578;2.416408068253968;19.86804120408163;0.3395407744444444;2.0699047081632655
354;2024-12-20;0.6741456363265306;3.846021166213152;0.11886731493877552;1.1782650110204083;0.0374121860770975;3.49862588185941;0.20657559718820864;2.234508146712018;18.291184784580498;0.3112905382086168;2.0686194351473923
355;2024-12-21;0.6274229774376416;3.6525689541950115;0.11173345291383219;1.129559677936508;0.03545597740589569;3.3183753829931972;0.19311289419501132;2.098942895918367;17.086809900226758;0.2871206531292517;2.034569786621315
356;2024-12-22;0.5872109889569161;3.4709157310657592;0.10529983701133787;1.059806345600907;0.032997515342403624;3.1532058396825398;0.18153633575963718;1.9787922875283448;16.061578916099773;0.2673773019501134;1.9809687793650792
357;2024-12-23;0.733529984739229;4.382992201587302;0.1327160120340136;1.309150941111111;0.040770472358276647;3.948750508390023;0.22711203213151926;2.475003014739229;20.059141551020407;0.3329314706802721;1.9407905807256234
358;2024-12-24;0.8396433909977324;5.061911853287982;0.1533187810340136;1.501477501292517;0.04694030959183673;4.5035979;0.2590187746485261;2.836641216780045;22.972706417233564;0.380365528707483;1.966503903628118
359;2024-12-25;0.7767196420181406;4.772447863492063;0.14312429426303855;1.4153416809523809;0.043834030047619044;4.2334730553287985;0.23997904222222222;2.6485034875283446;21.360778276643995;0.349782275600907;1.991615334920635
360;2024-12-26;0.7309056392063492;4.581547077777778;0.1355491777324263;1.3875297055782312;0.04227705300226758;4.077005184580499;0.2268024079591837;2.523078580272109;20.23086009750567;0.3262770011791383;2.0110991526077098
361;2024-12-27;0.6906388809977324;4.410223242630385;0.1288841183718821;1.3570886438321996;0.04072469561678005;3.937666850113379;0.2155140217913832;2.4099424560090705;19.214329730158727;0.30551604680272104;2.0131340344671202
362;2024-12-28;0.6534062038548754;4.233674984126984;0.12281583959863945;1.3023670804535148;0.03871811113378685;3.779776326984127;0.20504086301587304;2.2947721786848074;18.221446730158732;0.2868313920861678;1.9981880929705216
363;2024-12-29;0.6238629106349206;4.094629097052154;0.11782995189795918;1.247314454058957;0.03671564976870748;3.66758581292517;0.19706463176870748;2.206160793877551;17.464399267573697;0.27225268077097503;1.9802130024943312
364;2024-12-30;0.8096010592970522;5.395851135600908;0.15285745092743763;1.639155264399093;0.0474381394829932;4.886932493197279;0.2575704179818594;2.9008605827664398;22.8883871292517;0.35173504961451246;1.9792663501133785
365;2024-12-31;0.9498815199546485;6.372855799546485;0.18017573707482992;1.9705597276643991;0.05698045461678005;5.717053618820861;0.30086725253968255;3.4165245569161002;26.937824519274375;0.41185807362811794;2.078529866213152
