seed,window,month,alpha,f_mean,f_var,f_sd,f_time_mean_sd_across_cells,var_static_coarse,share_static_coarse,var_static_fine,share_static_fine,var_cycle_coarse,share_cycle_coarse,var_cycle_fine,share_cycle_fine,var_short_coarse,share_short_coarse,var_short_fine,share_short_fine,share_static,share_cycle,share_short,corr_static_vs_logcellmean
1,2025_may_01_07,may,-2.142601251602173,-0.8672786465575695,1.372232904612195,1.1714234523058666,1.1410109743134176,1.266614999775963,0.9230320855291831,0.0003977796419637157,0.0002898776444047825,0.06859788464147606,0.04998997211837186,8.538686654673934e-05,6.222476247271625e-05,0.0004830561899835126,0.0003520220134351234,1.3924651928291846e-07,1.0147440628693476e-07,0.9435559049529855,0.05041952224356167,0.00035706532860365427,
1,2025_may_08_14,may,-2.129327774047852,-0.8527115460265277,1.3177855547337574,1.1479484111813376,1.1065768998506096,1.1997519424441065,0.910430333778019,0.00014048280836515784,0.00010660521194857132,0.09100684315437066,0.0690604346264499,4.30743542161646e-05,3.268692243698729e-05,0.000861803065712121,0.0006539782308406302,7.097889646485582e-08,5.386225111505054e-08,0.9231716195298129,0.06939552017525984,0.0006571747924084822,
1,2025_may_15_21,may,-2.1344683170318604,-0.8455947621671267,1.3840210667492765,1.176444247191203,1.1437420662883322,1.26337503121921,0.9128293358905047,0.0007712431155498577,0.0005572481041501176,0.07325565181835408,0.052929578586844425,0.0002560667448907634,0.00018501650808842157,0.0003765860340000242,0.00027209559380807094,2.1192934511233197e-07,1.5312580870615044e-07,0.9401097069970191,0.0541442426214804,0.00027946404152271267,
1,2025_may_22_28,may,-2.1155002117156982,-0.8377475439160376,1.2150268348708613,1.1022825567298347,1.0677880248074665,1.0988725002577082,0.9044018360092446,0.0006050353598130453,0.0004979604914465542,0.07174894830500751,0.0590513281236569,0.00014084339183960203,0.00011591792691111346,0.00040045992321290167,0.00032958936520563714,2.19551081184259e-07,1.806964874216905e-07,0.9328619419852722,0.06076971149151153,0.00033672725039783825,
1,2025_november_01_07,november,-2.095648288726806,-0.8151929788079424,1.3685272548782719,1.1698406963677883,1.13951965083515,1.2614020816574685,0.9217222946500017,0.0004696995462041403,0.0003432153393583084,0.06765273396303949,0.04943469976347463,0.00012782171067148045,9.340092439945596e-05,0.0004163678379770208,0.0003042451924087226,1.719974537380686e-07,1.2568069296754156e-07,0.9438473991825944,0.05061720036417268,0.00030949040885232563,
1,2025_november_08_14,november,-2.0998263359069824,-0.807143184898056,1.3564126695218983,1.1646513081269854,1.1322812773353481,1.2383174995696815,0.9129356628659017,0.0006151572473685359,0.0004535177687372704,0.072093972267897,0.053150471009171814,0.0001766437195639315,0.00013022859748589198,0.000299129136503991,0.0002205295948831166,1.704092342817044e-07,1.2563229326202726e-07,0.9409510580538063,0.054375119769985894,0.00022481175263524926,
1,2025_november_15_21,november,-2.0818026065826416,-0.8064234148476497,1.2429077461439546,1.1148577246195832,1.0792693464975425,1.13199480139465,0.9107633329236178,0.00040473298571938046,0.0003256339716081421,0.07529164670018175,0.060577019439913775,0.00014732472577334157,0.00011853230960254897,0.0005598503485789494,0.00045043596382422665,1.850401494312463e-07,1.4887681729019877e-07,0.9322292511073327,0.06208638433587825,0.0004541922144117747,
1,2025_november_22_28,november,-2.114058017730713,-0.778149209404539,1.2731939654867763,1.128358970136178,1.0966258858340048,1.164200396967996,0.9143935869369997,0.0004956591061718906,0.00038930368789675087,0.06795155103392987,0.053370933947169755,0.00016366325941597702,0.00012854542501181598,0.00027709342543451727,0.00021763645834480295,1.9260607124220022e-07,1.5127787003652797e-07,0.9393455458944603,0.05498441141482787,0.00022303295716818959,
10,2025_may_01_07,may,-2.147457838058472,-0.8598759559717393,1.3609577675599598,1.1666009461508078,1.1373243892115468,1.2508787137116355,0.9191164807077862,0.0005371218218045894,0.00039466457711438533,0.06510227766342773,0.04783563400365362,0.00015786391643564574,0.00011599472092266135,0.00042770756840661273,0.0003142695376752528,1.8847867284266517e-07,1.3848972931804172e-07,0.945342051037139,0.048816021021753774,0.00032012097773489025,
10,2025_may_08_14,may,-2.13287091255188,-0.8497772940625764,1.3044273176811425,1.1421152821327374,1.1137999027876115,1.2037428817690958,0.9228133031658432,0.0003857562923558793,0.00029572846806185526,0.061730705171931126,0.047323989872941875,9.718216879936948e-05,7.450178900893345e-05,0.0006245579127052856,0.00047879855338782017,1.818167722307761e-07,1.3938436413152447e-07,0.9449519273476376,0.047994552139668585,0.0004855385567086533,
10,2025_may_15_21,may,-2.123666524887085,-0.8372756792796786,1.3063412008545694,1.1429528427956113,1.1059124234128332,1.1830460551408415,0.9056179613464905,0.0005370028224368029,0.00041107393848216045,0.08061321250029302,0.06170915565363648,9.863511771432187e-05,7.550486630123717e-05,0.0004517502082812441,0.0003458133357393326,1.762016628041254e-07,1.3488180782238174e-07,0.9309761156987424,0.06288346860707253,0.0003520731847647335,
10,2025_may_22_28,may,-2.1311352252960205,-0.8414014741278384,1.4072913323646592,1.1862931055875943,1.1536539842567168,1.2818675520008043,0.9108757529593347,0.0007925937214269072,0.0005632051467943876,0.07418908198270692,0.05271764294749664,0.00015911682982079872,0.00011306601992171451,0.00029777852582994004,0.00021159693020320492,1.8760662783046407e-07,1.333104407850152e-07,0.9412586921397729,0.053682200239252326,0.00021644691676707775,
10,2025_november_01_07,november,-2.109879970550537,-0.8044148550303217,1.2902198102392857,1.135878431100479,1.1092211056268637,1.180690848134365,0.9151082929934184,0.0007779023061035796,0.000602922308222278,0.05752636610831639,0.04458648491658757,0.0001591292805879876,0.00012333501572764976,0.00042640951486906605,0.00033049369687633583,2.937762963638472e-07,2.2769476490162024e-07,0.9486994998959373,0.04582307825793814,0.00033811332539063443,
10,2025_november_08_14,november,-2.108614683151245,-0.7736455025230977,1.3208146158538214,1.149266990674413,1.114640565583357,1.1951043083492818,0.9048236550416456,0.0007246732707723129,0.0005486563080647456,0.07543079411348706,0.05710929695059887,0.00021278897061845767,0.00016110434277781166,0.0004801201973312627,0.00036350309238582733,4.24687212091832e-07,3.2153430693019633e-07,0.935972249579474,0.05871693536454382,0.00037546557316904056,
10,2025_november_15_21,november,-2.105889320373535,-0.7909887012159343,1.287289088971117,1.1345876294809127,1.113210506169896,1.180460213761857,0.9170125217990899,0.0013081052126023153,0.0010161705119771005,0.04646681808219044,0.036096645641057724,0.00020595334850664884,0.00015998997449070263,0.00026301188092007187,0.00020431454222166027,4.085967576723813e-07,3.1740870110144234e-07,0.9582603366883121,0.036947512817367946,0.00021236519848316892,
10,2025_november_22_28,november,-2.1074676513671875,-0.7792658064175451,1.238652174823822,1.1129475166528842,1.0839126651228985,1.1212899625897461,0.9052500656604678,0.0011247187251255252,0.0009080182055834181,0.060211280596916876,0.04861032162275979,0.0003460306712798209,0.000279360645638101,0.0002648400771161858,0.00021381311275205645,3.214890316270429e-07,2.5954746470514977e-07,0.9439706467274492,0.05107795443521514,0.00022051758177708163,
2,2025_may_01_07,may,-2.154585838317871,-0.8424886354851933,1.3232598136911367,1.150330306342981,1.1179248274954943,1.2075178870059247,0.9125327275205628,0.0005710636898467911,0.000431558250268215,0.07010935354958492,0.05298230387124052,0.00019260584266574815,0.0001455540632859455,0.00043816520008361153,0.000331125600241257,2.8133814677264953e-07,2.1260990764004033e-07,0.9394487856385406,0.05472762206531323,0.00033978978110808724,
2,2025_may_08_14,may,-2.120832920074463,-0.8825478372281039,1.33624365601336,1.1559600581392766,1.1160646543859722,1.2157774742289686,0.9098471440876298,0.00024525250870123245,0.00018353876375580742,0.08873128090203324,0.06640351892615166,7.517320884370103e-05,5.6257111871331826e-05,0.0004211723459011745,0.0003151912781818016,8.178019340817884e-08,6.120155784474773e-08,0.9267347830907223,0.06696558689945672,0.0003187987183201585,
2,2025_may_15_21,may,-2.110118865966797,-0.8830598069803834,1.3374402296925103,1.1564775093759974,1.1259000599622486,1.2364975688752253,0.9245254789139306,0.0003468270332266266,0.0002593215199653186,0.06809241818420923,0.050912494384787794,9.122762713196674e-05,6.82106198891152e-05,0.00040316106841373087,0.00030144230707522627,9.395077904404729e-08,7.024671230776976e-08,0.9427753483002939,0.05149278856091312,0.00030507265114073577,
2,2025_may_22_28,may,-2.1078124046325684,-0.8568222245345043,1.3221195566474233,1.1498345779491166,1.1173950777606516,1.213129790396655,0.9175643642038394,0.00040068058864994963,0.00030305927072584804,0.0715067880849758,0.05408496359156792,0.00016117588250022988,0.00012190719189490933,0.0008531285031058259,0.0006452733406872479,1.941960426550064e-07,1.468823614919068e-07,0.9388076941368044,0.054502558508891505,0.0006504608611010964,
2,2025_november_01_07,november,-2.064517021179199,-0.8385869824148214,1.2295401017764358,1.1088462931247216,1.0791545226190988,1.1311407010939458,0.9199705641643385,0.0003685897944165318,0.00029977858703753897,0.06298985289029678,0.05123041761654559,9.165049279360396e-05,7.45404665217406e-05,0.00040011966916738643,0.00032542221973020215,1.3196200239527238e-07,1.0732631022332178e-07,0.941867922426091,0.052268977595795504,0.000330309875852247,
2,2025_november_08_14,november,-2.09802794456482,-0.7906074117915183,1.2591069929693142,1.1220993685807483,1.0876591682460626,1.1500590929120165,0.9133926658606404,0.0003251048261241575,0.0002582027007549792,0.0737715605576423,0.058590382683578815,0.00013073088670882598,0.00010382825878881608,0.00031386435798133394,0.0002492753671720598,1.232128742844721e-07,9.785735046543017e-08,0.9341214196149022,0.05992425662063839,0.0002539634278750941,
2,2025_november_15_21,november,-2.1087050437927246,-0.7691823948576546,1.3085617620796879,1.143923844527986,1.1111259773724516,1.2002102546179858,0.9171980180060437,0.00038173405667295013,0.0002917203205344033,0.0716097508635837,0.0547240129879501,0.00013890551747826639,0.00010615128876875085,0.00038388288268266377,0.00029336244861118474,1.5062554507084851e-07,1.1510770789409314e-07,0.9385634013262091,0.05598113133194184,0.0002979299768963772,
2,2025_november_22_28,november,-2.0738565921783447,-0.8006909187627076,1.2888540312910195,1.1352770724765913,1.1032044186959273,1.1817057819193042,0.9168654892095213,0.0005291596300339823,0.00041056598900026997,0.06867906227377599,0.05328692047848237,0.00015892411486868584,0.0001233065273570931,0.00031214801621587797,0.00024219035564733852,1.939836839822952e-07,1.5050865285961482e-07,0.9395679789742194,0.055230049765980914,0.00024887581006235955,
3,2025_may_01_07,may,-2.141535758972168,-0.8564967053275516,1.3359250190540737,1.1558222264059788,1.1216570422331105,1.2152906497520255,0.9096997454337179,0.000759502444859145,0.0005685217613462503,0.0755068511506326,0.056520276268271864,0.00016419660808173766,0.00012290855080923635,0.0004602589861621878,0.0003445245650748293,2.451572306183176e-07,1.8351122040659565e-07,0.9371688836148044,0.05741230804726463,0.00035250275162051966,
3,2025_may_08_14,may,-2.1515872478485107,-0.8535175112679606,1.3481297721846923,1.1610899070204221,1.1249425092351635,1.239702001699626,0.9195717113276453,0.00027410458715034565,0.00020332210800904531,0.07999369755739284,0.05933679324339838,0.00011741666231352424,8.709596415428639e-05,0.0006102940657680893,0.00045269682367379664,1.0845144188323457e-07,8.04458473663742e-08,0.9336170860631248,0.06033716934989003,0.00045721592350937874,
3,2025_may_15_21,may,-2.120117425918579,-0.8720144006066614,1.3530622108345003,1.163212023164522,1.1260694143248995,1.2241243973390679,0.9047066628104926,0.0006732792173219533,0.0004975966455427861,0.08256325407509287,0.061019555061087714,0.0002684402837926488,0.00019839463525264547,0.00032120471106129926,0.00023739094070419456,2.062562711521445e-07,1.524366503628359e-07,0.9329388908062592,0.062172206349270766,0.00024411477515935245,
3,2025_may_22_28,may,-2.1197173595428467,-0.8315263441516005,1.3238706142063368,1.1505957649002263,1.1146518530972258,1.1939791101752764,0.9018850462898668,0.0006812468742650638,0.0005145872013130775,0.0795850074407606,0.06011539691775089,0.00022600182157764956,0.0001707129225110402,0.00024412163434001484,0.00018439991923709727,2.142135530364301e-07,1.618085262545476e-07,0.9338055928917725,0.06089697263136415,0.00019045178322057163,
3,2025_november_01_07,november,-2.096193313598633,-0.7760024168298656,1.2658853691728387,1.1251157136814145,1.0894381249496223,1.1440337406259469,0.9037419726033229,0.0008202749273968484,0.0006479851551905025,0.07572946713852512,0.05982332127592931,0.0001967574620227125,0.00015543071024770496,0.0002190375485067714,0.00017303110837744816,2.0113832616052807e-07,1.5889142181330124e-07,0.9332222514419926,0.06197702505648772,0.0001782342163494172,
3,2025_november_08_14,november,-2.0847322940826416,-0.7910394238997137,1.2865202900024204,1.1342487778271664,1.0991277908063417,1.1708201170084644,0.9100673546363282,0.0005538027594498729,0.000430465624019681,0.07663985026233754,0.059571427561545376,0.00015532437160141704,0.00012073215852749965,0.0003397404730998964,0.000264077042344398,1.7030310903258058e-07,1.3237498884083685e-07,0.9345362252526785,0.06044368129265312,0.00026870494600450816,
3,2025_november_15_21,november,-2.092156171798706,-0.7952160337110372,1.2692396712688025,1.1266053751286662,1.0989083484618087,1.1575555729024412,0.9120070851120531,0.0008720082330344757,0.0006870319710088858,0.05840588462357121,0.046016434835499144,0.00026414976803868206,0.0002081165393882018,0.00018964233307636118,0.00014941412356484583,2.484231758514198e-07,1.9572597790225244e-07,0.9471606875596411,0.04822502669701906,0.00015527185657505886,
3,2025_november_22_28,november,-2.0820982456207275,-0.7805432924537761,1.2359622687222338,1.1117383994097865,1.078118176717646,1.111198579941487,0.8990554226952815,0.0009082247839900816,0.0007348321279492013,0.06947305089900029,0.05620968589180568,0.00035061102153330316,0.0002836745347378386,0.00017734007526708687,0.0001434834054039733,2.814051896253212e-07,2.2768105204072645e-07,0.9359928213603184,0.059185531473136405,0.00015021746059364874,
4,2025_may_01_07,may,-2.123159646987915,-0.883932961811789,1.3733367734305637,1.171894523167748,1.1342331771282141,1.2475073552439457,0.9083768667518464,0.0005005148221760744,0.0003644516274954175,0.08454980183020566,0.06156523546588081,9.852865541162528e-05,7.174398684854478e-05,0.00038399327843076397,0.0002796060557466597,1.3275666092881812e-07,9.666722940593445e-08,0.9317421381879948,0.06248025177127796,0.00028418116489687675,
4,2025_may_08_14,may,-2.1247265338897705,-0.8757082244195172,1.389405277388848,1.1787303667034492,1.1467281074623878,1.2883427020882672,0.9272619897554221,0.0002069680158494502,0.00014896158753507224,0.07247052932780777,0.052159388270068954,4.917038730856977e-05,3.538952104815464e-05,0.0006621573957382923,0.0004765761340583829,5.8673257510358094e-08,4.222904466047844e-08,0.9413846732013333,0.05268328222361395,0.00047929998389143467,
4,2025_may_15_21,may,-2.1311914920806885,-0.8504426496069883,1.2885658968841944,1.1351501649051523,1.1010297328583707,1.1844206660238377,0.9191774117938522,0.00016919687768401654,0.0001313063445906349,0.07384251315298732,0.057305965749630317,5.405926697836237e-05,4.195304804285129e-05,0.0012594449693493935,0.0009774005135436096,1.0369558546061131e-07,8.047363795002764e-08,0.934107211112984,0.05761942201235383,0.0009831869950305114,
4,2025_may_22_28,may,-2.1200551986694336,-0.8684128990974102,1.3659474303968366,1.1687375370017157,1.1367051119585827,1.2541304081619278,0.9181395859411489,0.00040953119642147574,0.0002998147566356183,0.07258496060487857,0.05313891222284528,0.0001222952383839948,8.95314385184395e-05,0.0003895624749788508,0.0002851958035205459,1.20365928563079e-07,8.811900508360717e-08,0.9409065939820904,0.053359568309611236,0.00028925127887593274,
4,2025_november_01_07,november,-2.1037380695343018,-0.8111394812210195,1.3242980018661354,1.150781474419073,1.1160660952280168,1.1948691783564929,0.9022660886543227,0.0008154124317192886,0.0006157318296714559,0.07606938150734995,0.0574412869310055,0.0002567820779645069,0.00019390052511040738,0.0002991776195933588,0.00022591412142264992,2.1359169854413326e-07,1.6128673323009652e-07,0.9367457017003293,0.058982728263602,0.00023162659723512848,
4,2025_november_08_14,november,-2.107576847076416,-0.7922795508994894,1.3266082357593934,1.1517848044489012,1.1257190756715811,1.2203271833175315,0.9198851254070324,0.0007770875943625925,0.0005857702171717353,0.05746193880918703,0.04331492693944717,0.000201286667451694,0.00015173030140015,0.00027458142167175305,0.00020698003696213583,2.6230782724158923e-07,1.9772817639070044e-07,0.9503075325195122,0.044343297506171164,0.00021314965717745312,
4,2025_november_15_21,november,-2.1078712940216064,-0.7531155949722559,1.2612578099490794,1.1230573493589182,1.0918051325895264,1.1494196286052012,0.9113280564356676,0.0006125807460122613,0.00048569034909444323,0.06658941881317555,0.052796040815686965,0.00010920999944444796,8.658816507059495e-05,0.00046744269493118046,0.00037061629370608413,2.55189152528022e-07,2.0232909601433883e-07,0.9396684702437851,0.05423460545256899,0.00037835467267935635,
4,2025_november_22_28,november,-2.0888092517852783,-0.7842707977123765,1.235254871426908,1.1114202047051818,1.0816523196915975,1.1277268977067485,0.9129507794646878,0.0006810400910758647,0.0005513356853142051,0.06270681217277065,0.05076427029211769,0.00018095858159176674,0.00014649493459008338,0.0002476086112701257,0.0002004514347586421,2.0876793229679346e-07,1.6900798136957324e-07,0.9422775214099203,0.05244211163814555,0.00020648706630843546,
5,2025_may_01_07,may,-2.135446071624756,-0.8663352950730437,1.3196444231598399,1.1487577739279242,1.118949139660176,1.2052789188272608,0.9133361212115495,0.0006838725680495529,0.000518224876373929,0.06471026898333143,0.049036140226611256,0.000221262331820833,0.0001676681444923084,0.0005773900960836486,0.00043753460095039036,2.79104110824247e-07,2.114994811677698e-07,0.9432044998329356,0.05031796471575178,0.00044622604895025464,
5,2025_may_08_14,may,-2.1603517532348637,-0.8623104652780462,1.3266172973257229,1.151788738148504,1.1223436526587776,1.224842444259776,0.9232824317373889,0.000386564814718971,0.0002913913571745463,0.06487499118300533,0.048902566937566956,0.00010420601608783577,7.855017140052425e-05,0.000387590954898621,0.0002921648584561281,1.2700154858706913e-07,9.57333730255792e-08,0.9451293551667638,0.049791712506383465,0.0002964791233670069,
5,2025_may_15_21,may,-2.1323790550231934,-0.8293886661854803,1.3404583101350542,1.157781633182637,1.1231733163626438,1.2188109224751473,0.9092494061619487,0.0007776358480722568,0.0005801268433286136,0.07668285377489263,0.057206444389282546,0.00025436211594189427,0.00018975757322603097,0.00040655059489879097,0.00030329223357780525,2.3750725616700346e-07,1.7718362023737543e-07,0.9359847373857231,0.05813610635005353,0.0003102493058897218,
5,2025_may_22_28,may,-2.130615234375,-0.8259739169053695,1.3563363628869154,1.164618548232388,1.131719484030948,1.2394319666153046,0.9138086985865485,0.0004573240757435954,0.0003371760046086185,0.07295067456175096,0.05378509089476739,0.00014973345249482908,0.00011039551588525325,0.0004108250142199497,0.0003028931653395495,1.6739287954076744e-07,1.2341546250701222e-07,0.9388919198051494,0.0549439531920159,0.00030844767127170407,
5,2025_november_01_07,november,-2.0987277030944824,-0.7665086279656607,1.282003587833082,1.1322559727522226,1.103155255077515,1.1651810774830733,0.9088750519431315,0.0009295977867094861,0.0007251132489268201,0.06224304166225289,0.04855137868019523,0.00022512904917458332,0.00017560719120537696,0.0002776168797208409,0.00021654922213602015,3.1371044171093866e-07,2.4470324786000837e-07,0.9450084861661376,0.05029427343638812,0.00022385560368475024,
5,2025_november_08_14,november,-2.105400562286377,-0.7657704206021116,1.3084458040631561,1.1438731590797802,1.1088882843181176,1.1710768581246396,0.8950136524478579,0.001231632914625054,0.0009412945578643206,0.07463015133773272,0.05703725068778658,0.0004769069859944673,0.000364483560964859,0.0002534482669544009,0.0001937017690510072,4.2213585887769565e-07,3.226238775552067e-07,0.9352325158162254,0.05979257402475628,0.00020043380091403366,
5,2025_november_15_21,november,-2.0942227840423584,-0.7544504943882447,1.2432123013850087,1.1149943055392744,1.088048910770909,1.1503644267359443,0.9253161551364746,0.00031602313397598587,0.0002541988473118535,0.057081191854834214,0.04591427529412518,0.00010319702764249668,8.3008370756571e-05,0.0006659829330564207,0.0005356952568072871,1.7517578287379682e-07,1.4090576700266003e-07,0.9465980227910965,0.04696221420538837,0.0005420403948495856,
5,2025_november_22_28,november,-2.0740275382995605,-0.7894561422918052,1.2543157294643075,1.1199623785932755,1.093038150705505,1.1386647049388223,0.9077975171571218,0.0009561336061868571,0.0007622750665776966,0.05716255018158663,0.045572696601675865,0.0002869743157093061,0.0002287895375687164,0.00019872732818916936,0.00015843485298078957,2.917563441171879e-07,2.326019974586391e-07,0.9478728424585132,0.04716235539480482,0.0001649571534168693,
6,2025_may_01_07,may,-2.1382322311401367,-0.8370460472275255,1.2728626782751047,1.1282121601343893,1.0922550356500051,1.1532624308175166,0.906038373581931,0.0005151471671833352,0.00040471543079684524,0.07741972589970915,0.0608233136386896,0.00011755399871623819,9.235403058210429e-05,0.00029685512936957544,0.0002332185037995245,1.501797426777439e-07,1.1798581672710924e-07,0.9327733180830736,0.06202968200757013,0.0002381073953638766,
6,2025_may_08_14,may,-2.145205497741699,-0.8426323017918433,1.3060274807403773,1.1428155934972086,1.1053290081333071,1.1851132197861527,0.9074182873352105,0.00040672173119712387,0.0003114189687391236,0.08198633541158878,0.06277535244902453,0.00014035869829943944,0.000107469942531279,0.00048056684094617265,0.00036796074204636405,1.4467083160958077e-07,1.1077165966490072e-07,0.9305874092897558,0.06364265945017479,0.00037347753295947304,
6,2025_may_15_21,may,-2.1340131759643555,-0.8401917708973236,1.3547231434061322,1.1639257465174195,1.1282965364297224,1.2369102740378863,0.9130354641524517,0.00040169007730210055,0.0002965108252983303,0.07933302532128739,0.058560323345346554,9.691794215079321e-05,7.154077393785115e-05,0.0004107251273435144,0.00030318012159358466,1.3699150100157924e-07,1.0112140009444763e-07,0.9344552014203235,0.05948748326485355,0.000307826191563823,
6,2025_may_22_28,may,-2.098337888717652,-0.8457434353645854,1.2387731016892916,1.1130018426261887,1.0798683506604247,1.1285080251304378,0.9109884801272425,0.0004691545491145766,0.000378725166436694,0.07098488588344201,0.057302572833266445,0.0001409177874986904,0.00011375593101474633,0.0005065238883478254,0.00040889157801141167,1.5851386600102626e-07,1.2796037126158446e-07,0.9364081015387677,0.0577941901659644,0.00041487423410726095,
6,2025_november_01_07,november,-2.099249601364136,-0.8252287666810576,1.3547804267465442,1.1639503540729494,1.1345078457880493,1.24514228865138,0.9190731310176542,0.0007688326643595606,0.0005674961412056154,0.06392354780496091,0.047183696001920385,0.00033461987733807776,0.000246991963222893,0.000400308417229623,0.00029547844752300493,2.8109294383487794e-07,2.0748228885319253e-07,0.9455280564869964,0.04943749359490414,0.0003014501493642503,
6,2025_november_08_14,november,-2.116629838943481,-0.7834453434721759,1.3617311625730597,1.1669323727504777,1.1339881038369277,1.2338810543366707,0.9061120786904738,0.0009882618827857133,0.0007257393455829729,0.07255884736644751,0.05328426738016622,0.00018418674038167492,0.00013525925340038836,0.00019719232531395872,0.00014481002618854216,2.3386747084083804e-07,1.7174276191119372e-07,0.9400038167410218,0.055298532456583886,0.00015005280921537805,
6,2025_november_15_21,november,-2.102776050567627,-0.7993683375474381,1.3498594502259107,1.1618345192952009,1.13267828849471,1.2402323484353353,0.9187862841777873,0.000658761346527154,0.00048802217624724153,0.06465411989231198,0.04789692725527206,0.00019010902908099712,0.00014083616560907932,0.00027231906367910125,0.00020173882816727792,1.8562878940791355e-07,1.3751712400638967e-07,0.945957148922055,0.049159307147727295,0.00020689803235477078,
6,2025_november_22_28,november,-2.089102268218994,-0.7917303524635616,1.26744545453048,1.1258088001656765,1.0991556455918343,1.1640174325304307,0.9183964709247674,0.0006513365639852877,0.000513897116169447,0.05705018089535866,0.04501194169061316,0.00018582717193823972,0.0001466155180674648,0.00034768814118309204,0.0002743219757033976,2.635985254146725e-07,2.0797622846209304e-07,0.948073700380048,0.0463015874005169,0.0002812514588913664,
7,2025_may_01_07,may,-2.1433300971984863,-0.8302222546442549,1.361012105040098,1.1666242347217455,1.1395410749603962,1.2603432236657233,0.9260338089561599,0.00044029264180977287,0.0003235038396640866,0.05972741952638355,0.04388456157384718,0.00016334842451269904,0.00012001981753710154,0.0008385990322216212,0.0006161583935338433,2.4862605062045903e-07,1.8267732498465473e-07,0.9486882081084524,0.04481965326568615,0.0006258843567971887,
7,2025_may_08_14,may,-2.126639604568481,-0.8535925023835773,1.3314191058681177,1.1538713558573668,1.1216045657004143,1.2250967403345794,0.9201435783331248,0.0002551840991916069,0.00019166323967179414,0.07134303195362796,0.05358420323036491,7.292560515662388e-05,5.477283962293346e-05,0.0008396985624880753,0.000630679369694467,1.2555729723332678e-07,9.430336148846261e-08,0.9385211737864849,0.05395841247068748,0.0006361239768989267,
7,2025_may_15_21,may,-2.1349096298217773,-0.8634759651760042,1.3315683577085675,1.1539360284298985,1.122941085858395,1.2233872912843167,0.9187566557901582,0.0004775444876584055,0.0003586330997532782,0.06853540212243933,0.051469683644614864,0.00015700296278371926,0.00011790830104576694,0.0004327759201524986,0.00032501216903144353,1.646396538774975e-07,1.236434111132064e-07,0.9418967663390428,0.05224533223627553,0.0003316240444354727,
7,2025_may_22_28,may,-2.135742664337158,-0.8243061086248762,1.3658298358772012,1.1686872275665552,1.1349614383220197,1.2461728302629556,0.9123924500174678,0.0004861514935408838,0.00035593855161953914,0.07528900904939405,0.05512327163437592,0.0001118223075097311,8.187133167867392e-05,0.0005077269947201334,0.0003717351762154521,1.604003799077916e-07,1.1743804073863624e-07,0.9374689574673817,0.05607259773987037,0.0003771031271747325,
7,2025_november_01_07,november,-2.0840277671813965,-0.8152591149650318,1.2724005247269554,1.1280073247665352,1.0967706143998166,1.1566037766112207,0.908993476609432,0.0006827525145283295,0.000536586162344472,0.06818266428619064,0.05358585049375233,0.0001359547962222138,0.00010684905702266065,0.000538511240335853,0.00042322462925061444,2.294892370344545e-07,1.8035927569559958e-07,0.9403480275938079,0.0539329231455097,0.0004301141432569919,
7,2025_november_08_14,november,-2.110093832015991,-0.7776412253750249,1.2789921716957573,1.1309253607978544,1.1022702275359755,1.1595217971545717,0.906590222219433,0.0009705510252500992,0.0007588404735607489,0.06086859691180484,0.04759106291565643,0.0002867983463698409,0.00022423776526293206,0.0001800672293958915,0.00014078837492582038,2.773703943724789e-07,2.1686637378298112e-07,0.9454984282571336,0.04969014840043076,0.00014696879295887435,
7,2025_november_15_21,november,-2.116882562637329,-0.7762704434905927,1.3323385755352104,1.154269715246489,1.1188328196318735,1.1964241938096931,0.8979881058604646,0.0009532766982857122,0.0007154913291486541,0.07689728907659073,0.05771602690832584,0.0003197861346798166,0.00024001867134362307,0.0002687486963447972,0.0002017120132071826,3.229726142856292e-07,2.424103153778976e-07,0.9350036823717929,0.06001034036224214,0.0002092988810895828,
7,2025_november_22_28,november,-2.1046290397644043,-0.7825088525867017,1.2900331865353492,1.1357962786236575,1.104812752311882,1.1760660898007185,0.9116556861295073,0.0005778506171459233,0.00044793469127554824,0.06680266557864116,0.05178367988970387,0.00016877955785548384,0.0001308335007324705,0.0004665706020112559,0.00036167333281117187,2.705304276988778e-07,2.0970811489388364e-07,0.9407044160340875,0.0531907157636101,0.00036951276178212914,
8,2025_may_01_07,may,-2.119563579559326,-0.866855864028085,1.3361202057404076,1.1559066596141783,1.1194646907773695,1.227321214515417,0.9185709558484674,0.00020432244372084652,0.00015292220179218214,0.08077779181197277,0.06045697944311078,6.35453280927731e-05,4.755958918947687e-05,0.0006345686363310841,0.0004749337923375237,9.145833815527074e-08,6.845068113058685e-08,0.9328039836772425,0.060949470572941866,0.00047915991396711434,
8,2025_may_08_14,may,-2.1251165866851807,-0.8463385282150983,1.291567967270852,1.1364717186410105,1.103805619513961,1.1854289244051304,0.9178215583265055,0.0003292488724996116,0.0002549218321009703,0.07052117048354671,0.05460120742430728,0.00010295761368424766,7.971521150513068e-05,0.0011067919668721737,0.0008569366807779235,1.7820158978191582e-07,1.3797306397933105e-07,0.9369853581155329,0.0551954468797818,0.0008663188799544518,
8,2025_may_15_21,may,-2.11806583404541,-0.8409282963931506,1.2092528350395249,1.0996603271190266,1.0635304469373263,1.104606030647643,0.913461600949266,0.00020830045174789267,0.00017225550001797953,0.07510443799707898,0.062108134726534814,9.35631692621565e-05,7.737271028113682e-05,0.001268968377825437,0.0010493821813400673,1.465981271951192e-07,1.2123033574721997e-07,0.9294612740630676,0.0629011221373413,0.0010565268432608079,
8,2025_may_22_28,may,-2.116387128829956,-0.823450488894067,1.278526487037696,1.1307194554962323,1.097276923299233,1.1645401148905754,0.9108455137200768,0.0005875005558664264,0.0004595137932790473,0.07213990551332343,0.056424255769991306,0.00020871964173912314,0.0001632501507440176,0.0004547980202960256,0.00035572045233867445,2.6856950671861956e-07,2.1006174642567344e-07,0.9369454662081864,0.05748419928882756,0.0003646006072564248,
8,2025_november_01_07,november,-2.097499132156372,-0.7939076710715308,1.339338615385968,1.1572979803775552,1.1275471915858588,1.2268840350262047,0.9160372298178259,0.0006726381270979882,0.0005022166309332824,0.0659534098072036,0.04924326757217948,0.00014767326811656364,0.00011025835171190628,0.00024171453622407501,0.00018047305845386843,1.74414784397839e-07,1.302245618801758e-07,0.9450631655655934,0.050361200491903145,0.00018515021214341034,
8,2025_november_08_14,november,-2.115618705749512,-0.7968209541089235,1.3800547203667874,1.1747573027509928,1.153429874668004,1.2613513867141015,0.9139865022010596,0.001299856630118979,0.0009418877461420561,0.046650539273313495,0.033803398216640884,0.0003123204079229695,0.0002263101624259955,0.00016276128552080314,0.00011793828398162708,3.2874374234548387e-07,2.3821065751516807e-07,0.960349508877893,0.035712249857385206,0.0001242874262552215,
8,2025_november_15_21,november,-2.1109938621521,-0.7653608043362308,1.273390250034484,1.128445944666595,1.0993088589443245,1.153557610613476,0.9058948037196273,0.0010074901665174038,0.0007911872785975238,0.06134784473428279,0.048176782202173654,0.00029849699079100434,0.0002344112425730611,0.00018785955424504476,0.00014752708703396893,3.04204099215792e-07,2.388930645633214e-07,0.9443918384356648,0.05062293540426362,0.0001546100388820984,
8,2025_november_22_28,november,-2.084022283554077,-0.7708502682737816,1.2528798944908128,1.1193211757537749,1.0901477937560935,1.15002738442558,0.9179071269979685,0.0004138306078488032,0.00033030349490681984,0.062258671442071166,0.049692449943395355,0.00015392946084079407,0.0001228605084315389,0.0004021056603607135,0.0003209450978731961,1.9698681681901642e-07,1.572272152224731e-07,0.9432083943878279,0.05088918087294209,0.000327277395326938,
9,2025_may_01_07,may,-2.11383318901062,-0.8737238397269125,1.3864466808742404,1.1774747049827612,1.1382057369279208,1.2600616693707503,0.9088425013042719,0.0003355067970075227,0.000241990407302187,0.08884389891094323,0.06408028533410434,0.000125377703491009,9.043095938745412e-05,0.0005866541273888657,0.0004231350079895925,1.1313253320570756e-07,8.159890659074643e-08,0.9294864379210539,0.06463470493199323,0.00042601121248503213,
9,2025_may_08_14,may,-2.1207635402679443,-0.8918859911967199,1.3764286311067206,1.1732129521560528,1.1434518365313557,1.2744779569758808,0.9259310131838321,0.0002988264687342132,0.00021710277015521035,0.06745918670890459,0.049010304773058865,8.783671960855718e-05,6.38149466114577e-05,0.0005386831832979488,0.00039136295999947295,9.261530846681607e-08,6.72866768198134e-08,0.9450834594809707,0.049304564110868865,0.0003949700114707175,
9,2025_may_15_21,may,-2.121304988861084,-0.8686049941180772,1.4168280017153594,1.1903058437709861,1.159905722711722,1.3128467773227814,0.9266098465962789,0.0004120932327847823,0.00029085621704671234,0.07002313845135136,0.04942246932342815,0.00010901660241519522,7.694413315039537e-05,0.00034400599078061503,0.0002428001072565799,9.23028136262207e-08,6.514750803518092e-08,0.9455797577247473,0.04985857695588175,0.0002451366701482942,
9,2025_may_22_28,may,-2.1085925102233887,-0.847433731996799,1.3756769660552917,1.1728925637309207,1.141025898751922,1.2748101400540646,0.9266784074385869,0.00023528172916971392,0.00017102978022840386,0.07114770477824665,0.05171832234878538,6.976482813183582e-05,5.0713088794300424e-05,0.0009094878361634287,0.0006611202038014455,8.718577958704938e-08,6.337663691284425e-08,0.9405823362524308,0.052466146210626924,0.0006651156046401802,
9,2025_november_01_07,november,-2.079148054122925,-0.8060599590959119,1.2623723433710343,1.123553444821845,1.0902371101954023,1.160923844938515,0.9196366278418208,0.0002531366240118859,0.0002005245325130546,0.0720311192390957,0.05706012145889071,7.031296886692805e-05,5.5699072651706364e-05,0.0004054839075036079,0.00032120785094261905,1.1808357278355099e-07,9.354100111875159e-08,0.9361109316344911,0.0577933469014937,0.00032542705907721804,
9,2025_november_08_14,november,-2.1011908054351807,-0.7672100525772447,1.2920140078681932,1.136667940899273,1.106830250533144,1.1805087268231045,0.9136965386086866,0.0005331846788329992,0.0004126771657164516,0.06387386492871255,0.04943743995013152,0.00019340955921765517,0.0001496961782456047,0.0003693342018449763,0.000285859286041622,2.4331189069047527e-07,1.883198550547736e-07,0.9428689590962405,0.05128029778355758,0.00029274342185584847,
9,2025_november_15_21,november,-2.1197943687438965,-0.8010585622824279,1.3262622037092386,1.151634579069784,1.1317954773603194,1.2183075105344288,0.9186022998522567,0.0011854216655449723,0.0008938064149228042,0.04280867593717603,0.03227768673302337,0.0002521126950558817,0.0001900926486110987,0.00034444292587047033,0.0002597095241854482,4.6228676307736143e-07,3.485636262455914e-07,0.9609899886880758,0.033712493981727557,0.00027040172044405817,
9,2025_november_22_28,november,-2.0937395095825195,-0.7886487278732186,1.2843589908661823,1.1332956325982124,1.1071560999159187,1.182925534270612,0.9210240615615087,0.0005632502116500081,0.0004385457770417814,0.056633913271504396,0.04409508063887186,0.00019435675874059262,0.00015132588327934453,0.00030881694327593447,0.00024044441271646783,2.1466465901256457e-07,1.6713758422619284e-07,0.949535348315793,0.045163583360462896,0.0002467939549974911,
