variant,seed,name,month,mae_obs,rmse_obs,wasserstein,accuracy,f1,log_lik,crps
full,1,2025_may_01_07,may,0.23633454607535767,0.8812084863326255,0.044448265563983826,0.9125364431486881,0.5454545454545454,-0.3732674696131071,0.1631498740244505
w/o uncertainty,1,2025_may_01_07,may,0.24286898247850527,0.8845688654279152,0.03645190829870719,0.9037900874635568,0.547945205479452,-0.3732674696131071,0.1631498740244505
w/o redistribution,1,2025_may_01_07,may,0.2095446418367347,0.7990798701809102,0.0770237948396502,0.9125364431486881,0.5454545454545454,-0.3732674696131071,0.1631498740244505
w/o gate,1,2025_may_01_07,may,0.28900364881470314,0.7876816797828556,0.16994615050719009,0.10495626822157435,0.1899736147757256,-0.3732674696131071,0.1631498740244505
w/o joint training,1,2025_may_01_07,may,0.21455623588708214,0.8197090443397107,0.07223365550524585,0.892128279883382,0.5747126436781609,-0.4155226467004025,0.1689961598955155
w/o classifier,1,2025_may_01_07,may,0.2741654016621921,0.784115181206292,0.1706356268583827,0.10495626822157435,0.1899736147757256,-0.4155226467004025,0.1689961598955155
full,1,2025_may_08_14,may,0.33267914011944316,1.0922590534370795,0.1692697662868865,0.9300291545189504,0.7551020408163265,-0.514455634656385,0.2663394999310521
w/o uncertainty,1,2025_may_08_14,may,0.34124532226751236,1.0803234694958284,0.16184247440848273,0.9125364431486881,0.7222222222222222,-0.514455634656385,0.2663394999310521
w/o redistribution,1,2025_may_08_14,may,0.33356765274052474,1.0957604153715375,0.21246166352769671,0.9300291545189504,0.7551020408163265,-0.514455634656385,0.2663394999310521
w/o gate,1,2025_may_08_14,may,0.41416554172299863,1.08705984289211,0.2706864581098727,0.1661807580174927,0.285,-0.514455634656385,0.2663394999310521
w/o joint training,1,2025_may_08_14,may,0.386428614461981,1.6202955886031105,0.2539187876200489,0.9096209912536443,0.7304347826086957,-0.6004769578988992,0.3228738046685927
w/o classifier,1,2025_may_08_14,may,0.44891584608785307,1.6025027164508208,0.3280434514254699,0.1661807580174927,0.285,-0.6004769578988992,0.3228738046685927
full,1,2025_may_15_21,may,0.25498106072976795,0.7739800052330921,0.0952425818054516,0.9125364431486881,0.605263157894737,-0.4028095166668539,0.1783068365436319
w/o uncertainty,1,2025_may_15_21,may,0.27151956330212434,0.762742203936616,0.12067288817411165,0.8833819241982507,0.5454545454545455,-0.4028095166668539,0.1783068365436319
w/o redistribution,1,2025_may_15_21,may,0.24487664206997084,0.756672085337486,0.11432654387755103,0.9125364431486881,0.605263157894737,-0.4028095166668539,0.1783068365436319
w/o gate,1,2025_may_15_21,may,0.3526140810772578,0.7617052476321906,0.23510163885681012,0.09912536443148688,0.18037135278514588,-0.4028095166668539,0.1783068365436319
w/o joint training,1,2025_may_15_21,may,0.24013672876060002,0.8137962677562098,0.1116943443713575,0.8892128279883382,0.5777777777777777,-0.47118406132980606,0.19361538065569164
w/o classifier,1,2025_may_15_21,may,0.3404684997389077,0.7780565735143529,0.23178505655866838,0.09912536443148688,0.18037135278514588,-0.47118406132980606,0.19361538065569164
full,1,2025_may_22_28,may,0.32307510498187636,1.0732226929401258,0.09519487348378354,0.9008746355685131,0.6666666666666666,-0.4865499168739168,0.2280553490912325
w/o uncertainty,1,2025_may_22_28,may,0.3260527656414883,1.079619111904291,0.09219138842240948,0.8979591836734694,0.6601941747572816,-0.4865499168739168,0.2280553490912325
w/o redistribution,1,2025_may_22_28,may,0.31284185670553943,1.0261651402857621,0.10948417163265302,0.9008746355685131,0.6666666666666666,-0.4865499168739168,0.2280553490912325
w/o gate,1,2025_may_22_28,may,0.3842109885307851,1.020219477016042,0.20196751528943507,0.15451895043731778,0.2676767676767677,-0.4865499168739168,0.2280553490912325
w/o joint training,1,2025_may_22_28,may,0.35332118215257374,1.4953135674466338,0.19622731052407633,0.8950437317784257,0.6727272727272728,-0.5654658001679951,0.2843887182324225
w/o classifier,1,2025_may_22_28,may,0.42173353903424593,1.4273048850170191,0.28348181517686105,0.15451895043731778,0.2676767676767677,-0.5654658001679951,0.2843887182324225
full,1,2025_november_01_07,november,0.2314325201613105,0.6246683634512031,0.10154341995671975,0.9008746355685131,0.6851851851851852,-0.4624801998006216,0.1786293370650239
w/o uncertainty,1,2025_november_01_07,november,0.22986944680130508,0.6198945983349541,0.10214499527248645,0.9037900874635568,0.6972477064220184,-0.4624801998006216,0.1786293370650239
w/o redistribution,1,2025_november_01_07,november,0.2349517944314869,0.6395650724790247,0.12286618731778423,0.9008746355685131,0.6851851851851852,-0.4624801998006216,0.1786293370650239
w/o gate,1,2025_november_01_07,november,0.3050264962451978,0.6415421616072051,0.20651163855681667,0.14868804664723032,0.25888324873096447,-0.4624801998006216,0.1786293370650239
w/o joint training,1,2025_november_01_07,november,0.2539725322407315,0.6576617590431236,0.1326345126818339,0.8892128279883382,0.6779661016949152,-0.5411309955956368,0.20863948940343274
w/o classifier,1,2025_november_01_07,november,0.3306838884452798,0.7029260104646993,0.23008096429489489,0.14868804664723032,0.25888324873096447,-0.5411309955956368,0.20863948940343274
full,1,2025_november_08_14,november,0.27612948263698067,0.7176920482691354,0.06754311433479596,0.8658892128279884,0.4523809523809524,-0.5016494351859693,0.1937619988216202
w/o uncertainty,1,2025_november_08_14,november,0.27968268168702565,0.7076123266245988,0.07511950850377329,0.8513119533527697,0.4516129032258064,-0.5016494351859693,0.1937619988216202
w/o redistribution,1,2025_november_08_14,november,0.2649192117492711,0.70747580938483,0.10326201647230321,0.8658892128279884,0.4523809523809524,-0.5016494351859693,0.1937619988216202
w/o gate,1,2025_november_08_14,november,0.3449994860746105,0.6878983269124316,0.20250760989977082,0.1282798833819242,0.227390180878553,-0.5016494351859693,0.1937619988216202
w/o joint training,1,2025_november_08_14,november,0.2603767149114041,0.7011819414572154,0.10137006204717829,0.8717201166180758,0.5416666666666667,-0.5355408641917545,0.2080531133614484
w/o classifier,1,2025_november_08_14,november,0.33828649038324027,0.7104562571295442,0.2176338293950777,0.1282798833819242,0.227390180878553,-0.5355408641917545,0.2080531133614484
full,1,2025_november_15_21,november,0.26202655475466763,0.8433356296038443,0.11373399314664516,0.8979591836734694,0.5569620253164557,-0.3943379062791372,0.1871575010125346
w/o uncertainty,1,2025_november_15_21,november,0.26360753844493867,0.8447283640376231,0.11895125014431758,0.8979591836734694,0.5679012345679013,-0.3943379062791372,0.1871575010125346
w/o redistribution,1,2025_november_15_21,november,0.26175167250728865,0.8732116104562216,0.1300407446938774,0.8979591836734694,0.5569620253164557,-0.3943379062791372,0.1871575010125346
w/o gate,1,2025_november_15_21,november,0.33025856315580526,0.8599696074873816,0.21699067980150133,0.09912536443148688,0.18037135278514588,-0.3943379062791372,0.1871575010125346
w/o joint training,1,2025_november_15_21,november,0.2834359464222049,0.9445525477476374,0.15134284662804162,0.8688046647230321,0.48275862068965514,-0.4688234636142854,0.20803456851089958
w/o classifier,1,2025_november_15_21,november,0.34325136205740814,0.9529847968177017,0.273959648390857,0.09912536443148688,0.18037135278514588,-0.4688234636142854,0.20803456851089958
full,1,2025_november_22_28,november,0.36791183419852713,1.3237822593066264,0.08970589556421577,0.9271137026239067,0.6666666666666667,-0.4609682363983164,0.2822479196312558
w/o uncertainty,1,2025_november_22_28,november,0.3735798517828559,1.3232646001385742,0.09494111334460922,0.9183673469387755,0.6410256410256411,-0.4609682363983164,0.2822479196312558
w/o redistribution,1,2025_november_22_28,november,0.3585136393586006,1.2890266251481046,0.11406713790087464,0.9271137026239067,0.6666666666666667,-0.4609682363983164,0.2822479196312558
w/o gate,1,2025_november_22_28,november,0.4250328064912797,1.2657573953521355,0.19617870529660814,0.11078717201166181,0.19947506561679793,-0.4609682363983164,0.2822479196312558
w/o joint training,1,2025_november_22_28,november,0.3815333308596227,1.4586248793980745,0.19547059436910458,0.9183673469387755,0.6888888888888889,-0.6056603973542564,0.3029602425977177
w/o classifier,1,2025_november_22_28,november,0.4346593952827351,1.4277994915775958,0.28765240386834384,0.11078717201166181,0.19947506561679793,-0.6056603973542564,0.3029602425977177
full,2,2025_may_01_07,may,0.24713615968650415,0.9083337200656605,0.05729450838885469,0.9096209912536443,0.5079365079365079,-0.3731396164455764,0.1623489178423272
w/o uncertainty,2,2025_may_01_07,may,0.23972748749909895,0.8790075979134006,0.046579071540758264,0.9067055393586005,0.5428571428571428,-0.3731396164455764,0.1623489178423272
w/o redistribution,2,2025_may_01_07,may,0.21312655440233239,0.8023541862123851,0.09212572833819245,0.9096209912536443,0.5079365079365079,-0.3731396164455764,0.1623489178423272
w/o gate,2,2025_may_01_07,may,0.2865110671488762,0.7800761402206627,0.1751406020633142,0.10495626822157435,0.1899736147757256,-0.3731396164455764,0.1623489178423272
w/o joint training,2,2025_may_01_07,may,0.20726054848136913,0.802793642875627,0.0780506801293086,0.9037900874635568,0.5822784810126581,-0.4144533589716598,0.1666302385270267
w/o classifier,2,2025_may_01_07,may,0.26894787411781096,0.7703083320026227,0.17611714669248044,0.10495626822157435,0.1899736147757256,-0.4144533589716598,0.1666302385270267
full,2,2025_may_08_14,may,0.336719185956321,1.0868924575996077,0.14909706934446876,0.9183673469387755,0.7307692307692306,-0.5096078349962113,0.26323447875676
w/o uncertainty,2,2025_may_08_14,may,0.34099265889388464,1.0814618077342284,0.14163185255983696,0.9096209912536443,0.7207207207207207,-0.5096078349962113,0.26323447875676
w/o redistribution,2,2025_may_08_14,may,0.3376858350437318,1.0976150478287408,0.18901885451895037,0.9183673469387755,0.7307692307692306,-0.5096078349962113,0.26323447875676
w/o gate,2,2025_may_08_14,may,0.41282241570994466,1.0867928349177625,0.26096876051380485,0.1661807580174927,0.285,-0.5096078349962113,0.26323447875676
w/o joint training,2,2025_may_08_14,may,0.3861152004698435,1.5367266853865418,0.26338398430933796,0.8950437317784257,0.6949152542372881,-0.6141297405150273,0.32275257875582963
w/o classifier,2,2025_may_08_14,may,0.4460206045660546,1.5155811289698948,0.33501581904280137,0.1661807580174927,0.285,-0.6141297405150273,0.32275257875582963
full,2,2025_may_15_21,may,0.2727328550914956,0.8408356196131097,0.10121872585349426,0.9067055393586005,0.6097560975609756,-0.4073602616914458,0.1878678350088567
w/o uncertainty,2,2025_may_15_21,may,0.2754584739218989,0.8110945728075772,0.12121181645340948,0.892128279883382,0.5934065934065933,-0.4073602616914458,0.1878678350088567
w/o redistribution,2,2025_may_15_21,may,0.2614204059766764,0.8208118203370447,0.11743901962099117,0.9067055393586005,0.6097560975609756,-0.4073602616914458,0.1878678350088567
w/o gate,2,2025_may_15_21,may,0.3657470746695131,0.8257430096725531,0.23162583914430465,0.09912536443148688,0.18037135278514588,-0.4073602616914458,0.1878678350088567
w/o joint training,2,2025_may_15_21,may,0.22835052200678924,0.7176342438278055,0.10828437243445026,0.8950437317784257,0.5909090909090909,-0.47757903783597533,0.19590484781761383
w/o classifier,2,2025_may_15_21,may,0.3342406653864282,0.7572057831603852,0.23869199254047735,0.09912536443148688,0.18037135278514588,-0.47757903783597533,0.19590484781761383
full,2,2025_may_22_28,may,0.3172598670630869,0.9951450131573648,0.08463551600713455,0.9008746355685131,0.6730769230769231,-0.4793291616403368,0.226514809313531
w/o uncertainty,2,2025_may_22_28,may,0.3180570624606357,0.9985040072183528,0.07737210706104912,0.9008746355685131,0.6792452830188679,-0.4793291616403368,0.226514809313531
w/o redistribution,2,2025_may_22_28,may,0.3135190471720116,0.9733471339448535,0.10329943644314869,0.9008746355685131,0.6730769230769231,-0.4793291616403368,0.226514809313531
w/o gate,2,2025_may_22_28,may,0.38534646103060466,0.9673514057789229,0.20017468238281624,0.15451895043731778,0.2676767676767677,-0.4793291616403368,0.226514809313531
w/o joint training,2,2025_may_22_28,may,0.3563958566113179,1.46938389832573,0.18000809195213446,0.8862973760932945,0.6422018348623852,-0.5549759649837512,0.28059103303717453
w/o classifier,2,2025_may_22_28,may,0.42889140679775234,1.398881174983267,0.2615249157915807,0.15451895043731778,0.2676767676767677,-0.5549759649837512,0.28059103303717453
full,2,2025_november_01_07,november,0.23284767225898045,0.6311520187091811,0.09127342389347864,0.9008746355685131,0.6666666666666666,-0.4693280245211666,0.1807429400877989
w/o uncertainty,2,2025_november_01_07,november,0.2292949586816831,0.6231779372406165,0.10301369736528068,0.9037900874635568,0.6915887850467289,-0.4693280245211666,0.1807429400877989
w/o redistribution,2,2025_november_01_07,november,0.23640564239067055,0.6473750239068595,0.1197682197667639,0.9008746355685131,0.6666666666666666,-0.4693280245211666,0.1807429400877989
w/o gate,2,2025_november_01_07,november,0.3028336709894866,0.6418680631236912,0.20753369118188947,0.14868804664723032,0.25888324873096447,-0.4693280245211666,0.1807429400877989
w/o joint training,2,2025_november_01_07,november,0.23915299628702222,0.6285734468203945,0.12815393736399724,0.892128279883382,0.6666666666666666,-0.5203109817156188,0.19820034721491397
w/o classifier,2,2025_november_01_07,november,0.3140849259314765,0.6739307859879922,0.2300582976028209,0.14868804664723032,0.25888324873096447,-0.5203109817156188,0.19820034721491397
full,2,2025_november_08_14,november,0.2692842016404362,0.7194932562869006,0.07555106943166691,0.8717201166180758,0.45,-0.4939945391620897,0.1933627668661131
w/o uncertainty,2,2025_november_08_14,november,0.2741842548431765,0.7090151870425412,0.08378299783862309,0.8542274052478134,0.46808510638297873,-0.4939945391620897,0.1933627668661131
w/o redistribution,2,2025_november_08_14,november,0.2588195127988338,0.7052029615628082,0.11651801693877555,0.8717201166180758,0.45,-0.4939945391620897,0.1933627668661131
w/o gate,2,2025_november_08_14,november,0.33406495870253594,0.6851514767771657,0.20126084436629574,0.1282798833819242,0.227390180878553,-0.4939945391620897,0.1933627668661131
w/o joint training,2,2025_november_08_14,november,0.2615053578796344,0.7083723039945289,0.1199393561881539,0.8658892128279884,0.5208333333333334,-0.545955204096838,0.20621467319746578
w/o classifier,2,2025_november_08_14,november,0.3304841780720099,0.7107881591508978,0.23311428106919413,0.1282798833819242,0.227390180878553,-0.545955204096838,0.20621467319746578
full,2,2025_november_15_21,november,0.2587571509403506,0.8828958304013851,0.09555945042147687,0.9096209912536443,0.5753424657534247,-0.3956237732148902,0.1882953748375664
w/o uncertainty,2,2025_november_15_21,november,0.25851927012994025,0.8588898849709163,0.11123738048121565,0.9008746355685131,0.5641025641025642,-0.3956237732148902,0.1882953748375664
w/o redistribution,2,2025_november_15_21,november,0.25322820314868805,0.8883013650665932,0.11904302332361501,0.9096209912536443,0.5753424657534247,-0.3956237732148902,0.1882953748375664
w/o gate,2,2025_november_15_21,november,0.3229771730301745,0.8705231239941821,0.20985806069704901,0.09912536443148688,0.18037135278514588,-0.3956237732148902,0.1882953748375664
w/o joint training,2,2025_november_15_21,november,0.275816674877262,0.912669861879936,0.1231472609104991,0.8862973760932945,0.5063291139240507,-0.4481213623707253,0.19805795717554153
w/o classifier,2,2025_november_15_21,november,0.3339625624980528,0.9086787321914033,0.25883471164933824,0.09912536443148688,0.18037135278514588,-0.4481213623707253,0.19805795717554153
full,2,2025_november_22_28,november,0.38780045449411227,1.3792793817002913,0.08034122356739871,0.9212827988338192,0.6301369863013698,-0.4720098806744578,0.2930532503615516
w/o uncertainty,2,2025_november_22_28,november,0.3863747774276634,1.3829145457860494,0.08464846988345023,0.9183673469387755,0.6410256410256411,-0.4720098806744578,0.2930532503615516
w/o redistribution,2,2025_november_22_28,november,0.37419911183673477,1.3526368361009893,0.10451905667638473,0.9212827988338192,0.6301369863013698,-0.4720098806744578,0.2930532503615516
w/o gate,2,2025_november_22_28,november,0.43286944571583813,1.3257465371023174,0.17705567628443888,0.11078717201166181,0.19947506561679793,-0.4720098806744578,0.2930532503615516
w/o joint training,2,2025_november_22_28,november,0.3829970957122,1.4006183888675585,0.19324492608914526,0.9067055393586005,0.627906976744186,-0.589133292047751,0.28949923070147177
w/o classifier,2,2025_november_22_28,november,0.4195580610505824,1.3017925493581806,0.28893603200673973,0.11078717201166181,0.19947506561679793,-0.589133292047751,0.28949923070147177
full,3,2025_may_01_07,may,0.2413295129463866,0.8758712760823933,0.0629960153895999,0.9067055393586005,0.5,-0.3656728383097517,0.1586236106704227
w/o uncertainty,3,2025_may_01_07,may,0.22611388397382498,0.8204849311038992,0.049654930519954586,0.9096209912536443,0.5633802816901409,-0.3656728383097517,0.1586236106704227
w/o redistribution,3,2025_may_01_07,may,0.21092848944606415,0.7863396950247005,0.09233762034985424,0.9067055393586005,0.5,-0.3656728383097517,0.1586236106704227
w/o gate,3,2025_may_01_07,may,0.2793808588575576,0.7574588043369073,0.17367594319935334,0.10495626822157435,0.1899736147757256,-0.3656728383097517,0.1586236106704227
w/o joint training,3,2025_may_01_07,may,0.2050607608445925,0.7965460879659554,0.07154275880041445,0.9096209912536443,0.6265060240963856,-0.4135725215340009,0.16661031108306584
w/o classifier,3,2025_may_01_07,may,0.26963965467492296,0.7706555596530064,0.1721340697292651,0.10495626822157435,0.1899736147757256,-0.4135725215340009,0.16661031108306584
full,3,2025_may_08_14,may,0.3252852333066396,1.0328134659139283,0.18673546237772304,0.924198250728863,0.7547169811320754,-0.5220123950263017,0.2663576662874177
w/o uncertainty,3,2025_may_08_14,may,0.32739699108493925,1.0285171891946714,0.18171814383848967,0.9183673469387755,0.7407407407407408,-0.5220123950263017,0.2663576662874177
w/o redistribution,3,2025_may_08_14,may,0.33095089714285714,1.0843234920945741,0.22480939498542263,0.924198250728863,0.7547169811320754,-0.5220123950263017,0.2663576662874177
w/o gate,3,2025_may_08_14,may,0.40948297076496437,1.0783329625587867,0.3008527671420198,0.1661807580174927,0.285,-0.5220123950263017,0.2663576662874177
w/o joint training,3,2025_may_08_14,may,0.3986724757828153,1.6822248568562528,0.2643050900719969,0.8950437317784257,0.6949152542372881,-0.6421131916274033,0.3356180822447859
w/o classifier,3,2025_may_08_14,may,0.464839225022649,1.6678452861505006,0.33661136354398463,0.1661807580174927,0.285,-0.6421131916274033,0.3356180822447859
full,3,2025_may_15_21,may,0.2485905374329865,0.8048949726859065,0.07082172469859355,0.924198250728863,0.6285714285714287,-0.3935727633964566,0.1766009881322057
w/o uncertainty,3,2025_may_15_21,may,0.2609395850416851,0.7840036156671285,0.09257050011905331,0.9008746355685131,0.5750000000000001,-0.3935727633964566,0.1766009881322057
w/o redistribution,3,2025_may_15_21,may,0.23731296,0.7676406346251266,0.0872650617492711,0.924198250728863,0.6285714285714287,-0.3935727633964566,0.1766009881322057
w/o gate,3,2025_may_15_21,may,0.34027767354380783,0.7683465608423973,0.20575343534841797,0.09912536443148688,0.18037135278514588,-0.3935727633964566,0.1766009881322057
w/o joint training,3,2025_may_15_21,may,0.2540914511173046,0.8165612236594731,0.12969509483885883,0.8483965014577259,0.5185185185185186,-0.47350214677364505,0.19687746990043778
w/o classifier,3,2025_may_15_21,may,0.3435915289134461,0.792995731290266,0.2373190555387548,0.09912536443148688,0.18037135278514588,-0.47350214677364505,0.19687746990043778
full,3,2025_may_22_28,may,0.3162448167866183,1.0665435317193965,0.08895123374646416,0.9008746355685131,0.6666666666666666,-0.4780863556081959,0.2233420041028195
w/o uncertainty,3,2025_may_22_28,may,0.31493590769403074,1.0609433005130466,0.0831694923911164,0.9037900874635568,0.6857142857142857,-0.4780863556081959,0.2233420041028195
w/o redistribution,3,2025_may_22_28,may,0.30977224711370266,1.0145773300110879,0.09774537620991244,0.9008746355685131,0.6666666666666666,-0.4780863556081959,0.2233420041028195
w/o gate,3,2025_may_22_28,may,0.37982692966478343,1.0074540306898225,0.19145175168965844,0.15451895043731778,0.2676767676767677,-0.4780863556081959,0.2233420041028195
w/o joint training,3,2025_may_22_28,may,0.3863777555333325,1.8586432249678602,0.2166686446126856,0.8833819241982507,0.6551724137931034,-0.5750313169116773,0.3055409513806254
w/o classifier,3,2025_may_22_28,may,0.45931544906457034,1.776898981602654,0.2893329794700566,0.15451895043731778,0.2676767676767677,-0.5750313169116773,0.3055409513806254
full,3,2025_november_01_07,november,0.22797520739377958,0.6169460754072011,0.08390935965398046,0.9037900874635568,0.6666666666666667,-0.4725860609483743,0.1782853250675584
w/o uncertainty,3,2025_november_01_07,november,0.22834660211616944,0.6153417781797815,0.08821516270385918,0.9008746355685131,0.679245283018868,-0.4725860609483743,0.1782853250675584
w/o redistribution,3,2025_november_01_07,november,0.22777506341107873,0.6317733950960005,0.11906982405247822,0.9037900874635568,0.6666666666666667,-0.4725860609483743,0.1782853250675584
w/o gate,3,2025_november_01_07,november,0.3041588997842502,0.6296880183369596,0.20808992048627656,0.14868804664723032,0.25888324873096447,-0.4725860609483743,0.1782853250675584
w/o joint training,3,2025_november_01_07,november,0.23089706700748544,0.6410483060201275,0.13396075241669755,0.9067055393586005,0.6923076923076923,-0.5350621713763232,0.20349782017288098
w/o classifier,3,2025_november_01_07,november,0.3212019827273883,0.6955668627805711,0.23623522790963425,0.14868804664723032,0.25888324873096447,-0.5350621713763232,0.20349782017288098
full,3,2025_november_08_14,november,0.269781265192898,0.7121401300305663,0.06968256835101638,0.8688046647230321,0.44444444444444453,-0.5011822329310485,0.1918561346182038
w/o uncertainty,3,2025_november_08_14,november,0.27285904138444445,0.7109132421876503,0.06318884171913752,0.8600583090379009,0.4418604651162791,-0.5011822329310485,0.1918561346182038
w/o redistribution,3,2025_november_08_14,november,0.2618326181632653,0.7009170346278659,0.10806348067055398,0.8688046647230321,0.44444444444444453,-0.5011822329310485,0.1918561346182038
w/o gate,3,2025_november_08_14,november,0.3335944664790231,0.6809087096217821,0.19089790923425384,0.1282798833819242,0.227390180878553,-0.5011822329310485,0.1918561346182038
w/o joint training,3,2025_november_08_14,november,0.2530368385125025,0.6964955786585997,0.11836604953467307,0.8717201166180758,0.45,-0.5315656162961937,0.20155464123825007
w/o classifier,3,2025_november_08_14,november,0.32788926656235756,0.6959288105586439,0.22463673680108423,0.1282798833819242,0.227390180878553,-0.5315656162961937,0.20155464123825007
full,3,2025_november_15_21,november,0.2490734864042557,0.8334963923661216,0.08013746937237437,0.9008746355685131,0.5526315789473685,-0.3922807494526613,0.1817729077359142
w/o uncertainty,3,2025_november_15_21,november,0.2547295906366701,0.8408805624200664,0.10059467551375208,0.8950437317784257,0.5609756097560975,-0.3922807494526613,0.1817729077359142
w/o redistribution,3,2025_november_15_21,november,0.2511450121574344,0.8567892519292756,0.10445263250728859,0.9008746355685131,0.5526315789473685,-0.3922807494526613,0.1817729077359142
w/o gate,3,2025_november_15_21,november,0.32778560784372157,0.8424093281013295,0.20673786545043013,0.09912536443148688,0.18037135278514588,-0.3922807494526613,0.1817729077359142
w/o joint training,3,2025_november_15_21,november,0.25951056260025096,0.8932999982421609,0.14044027252407554,0.892128279883382,0.54320987654321,-0.45599270105821804,0.20078943113492462
w/o classifier,3,2025_november_15_21,november,0.3340320444147241,0.9268113009869812,0.263265693253422,0.09912536443148688,0.18037135278514588,-0.45599270105821804,0.20078943113492462
full,3,2025_november_22_28,november,0.3784129919857352,1.316488750327193,0.12049525006141606,0.9154518950437318,0.5915492957746479,-0.4688542970829989,0.275532157565361
w/o uncertainty,3,2025_november_22_28,november,0.35755577552643963,1.2434849325299016,0.11719994539939853,0.9271137026239067,0.6666666666666667,-0.4688542970829989,0.275532157565361
w/o redistribution,3,2025_november_22_28,november,0.3548869170262391,1.2620253975417133,0.15483496518950435,0.9154518950437318,0.5915492957746479,-0.4688542970829989,0.275532157565361
w/o gate,3,2025_november_22_28,november,0.41124335695198533,1.1996190857347362,0.22587638838471133,0.11078717201166181,0.19947506561679793,-0.4688542970829989,0.275532157565361
w/o joint training,3,2025_november_22_28,november,0.3866566521333737,1.5623289523712218,0.18031488130800458,0.9154518950437318,0.6027397260273972,-0.602516098377603,0.3011426822212286
w/o classifier,3,2025_november_22_28,november,0.4342987717294919,1.42224952093575,0.2897039786165813,0.11078717201166181,0.19947506561679793,-0.602516098377603,0.3011426822212286
full,4,2025_may_01_07,may,0.2431259129710812,0.9116279795616951,0.04362503321271521,0.9154518950437318,0.5797101449275361,-0.3681671022057757,0.1610896540226825
w/o uncertainty,4,2025_may_01_07,may,0.23561497143010285,0.8791721977778418,0.04470629001145607,0.9154518950437318,0.6133333333333332,-0.3681671022057757,0.1610896540226825
w/o redistribution,4,2025_may_01_07,may,0.20710612195335276,0.7942328003366874,0.07186862457725947,0.9154518950437318,0.5797101449275361,-0.3681671022057757,0.1610896540226825
w/o gate,4,2025_may_01_07,may,0.293794190041437,0.77947266695547,0.17866726820540002,0.10495626822157435,0.1899736147757256,-0.3681671022057757,0.1610896540226825
w/o joint training,4,2025_may_01_07,may,0.22650801401120096,0.9049222896980457,0.07503892686680323,0.9067055393586005,0.5294117647058824,-0.4198380496984814,0.16806903204936482
w/o classifier,4,2025_may_01_07,may,0.26928009175248824,0.7833132165823388,0.17242878416869467,0.10495626822157435,0.1899736147757256,-0.4198380496984814,0.16806903204936482
full,4,2025_may_08_14,may,0.3260115187731105,1.0482452937399986,0.18049494961213414,0.9183673469387755,0.7307692307692306,-0.5219237312106242,0.2661686768110826
w/o uncertainty,4,2025_may_08_14,may,0.3347928046034326,1.0491008100537067,0.1753275410884784,0.9037900874635568,0.7079646017699114,-0.5219237312106242,0.2661686768110826
w/o redistribution,4,2025_may_08_14,may,0.3311803490379009,1.0908446760312263,0.22493559889212825,0.9183673469387755,0.7307692307692306,-0.5219237312106242,0.2661686768110826
w/o gate,4,2025_may_08_14,may,0.4104304761042604,1.081550711148598,0.2988382565211133,0.1661807580174927,0.285,-0.5219237312106242,0.2661686768110826
w/o joint training,4,2025_may_08_14,may,0.37092124604827637,1.4105502325059487,0.2560769585228871,0.9067055393586005,0.7192982456140351,-0.617914860367129,0.31961687750442286
w/o classifier,4,2025_may_08_14,may,0.44334975893286116,1.4167869016992074,0.33523698378511796,0.1661807580174927,0.285,-0.617914860367129,0.31961687750442286
full,4,2025_may_15_21,may,0.26807191265114705,0.8127094298919697,0.09418750038331974,0.9037900874635568,0.5925925925925926,-0.4022406204621291,0.1840162097207793
w/o uncertainty,4,2025_may_15_21,may,0.27172897975237736,0.7807556583910826,0.11949830658570629,0.892128279883382,0.5934065934065933,-0.4022406204621291,0.1840162097207793
w/o redistribution,4,2025_may_15_21,may,0.2596967266472303,0.7886651497342951,0.11310543451895036,0.9037900874635568,0.5925925925925926,-0.4022406204621291,0.1840162097207793
w/o gate,4,2025_may_15_21,may,0.363512265770862,0.7914571862777778,0.2309748338102243,0.09912536443148688,0.18037135278514588,-0.4022406204621291,0.1840162097207793
w/o joint training,4,2025_may_15_21,may,0.22795301998264458,0.7274728370448316,0.11308591422374485,0.8979591836734694,0.6067415730337079,-0.46527273861741814,0.18836548949282778
w/o classifier,4,2025_may_15_21,may,0.32767860866871285,0.7370277255748903,0.22745216071589397,0.09912536443148688,0.18037135278514588,-0.46527273861741814,0.18836548949282778
full,4,2025_may_22_28,may,0.3093578360526896,0.9373443413029151,0.08676529910811265,0.9037900874635568,0.6796116504854369,-0.4740151940861796,0.220352377919526
w/o uncertainty,4,2025_may_22_28,may,0.30985200527683276,0.9361118721738334,0.079565504679759,0.9008746355685131,0.6792452830188679,-0.4740151940861796,0.220352377919526
w/o redistribution,4,2025_may_22_28,may,0.3040761110204082,0.9174170202669077,0.10768944664723028,0.9037900874635568,0.6796116504854369,-0.4740151940861796,0.220352377919526
w/o gate,4,2025_may_22_28,may,0.3752469340902161,0.9108447305454643,0.20023728524513845,0.15451895043731778,0.2676767676767677,-0.4740151940861796,0.220352377919526
w/o joint training,4,2025_may_22_28,may,0.3753232796358009,1.8551218921928063,0.1966982503989787,0.8950437317784257,0.6727272727272728,-0.5622381851664578,0.29499056545822167
w/o classifier,4,2025_may_22_28,may,0.4404578662651208,1.7584645993942758,0.27680278766721067,0.15451895043731778,0.2676767676767677,-0.5622381851664578,0.29499056545822167
full,4,2025_november_01_07,november,0.22475228342005535,0.6136078187005687,0.08649661393974876,0.9037900874635568,0.6796116504854369,-0.4678081791704532,0.1785897253362504
w/o uncertainty,4,2025_november_01_07,november,0.2235896618159294,0.6049883071679258,0.0953506096199506,0.9037900874635568,0.6915887850467289,-0.4678081791704532,0.1785897253362504
w/o redistribution,4,2025_november_01_07,november,0.22736507536443148,0.6333629498815421,0.11779630889212828,0.9037900874635568,0.6796116504854369,-0.4678081791704532,0.1785897253362504
w/o gate,4,2025_november_01_07,november,0.3030847184421629,0.6302641529571111,0.21215375998719604,0.14868804664723032,0.25888324873096447,-0.4678081791704532,0.1785897253362504
w/o joint training,4,2025_november_01_07,november,0.2259768623691614,0.6376754012196881,0.13536609142164116,0.9154518950437318,0.7070707070707071,-0.5274321993759186,0.20085308644328484
w/o classifier,4,2025_november_01_07,november,0.3185574467010177,0.6840291816466065,0.23413018796812884,0.14868804664723032,0.25888324873096447,-0.5274321993759186,0.20085308644328484
full,4,2025_november_08_14,november,0.2788129817389846,0.7185289784083791,0.05861013133338368,0.8571428571428571,0.42352941176470593,-0.5104289824655084,0.1928584183381733
w/o uncertainty,4,2025_november_08_14,november,0.27525564915012246,0.7126443503972449,0.05791003104471339,0.8600583090379009,0.4666666666666666,-0.5104289824655084,0.1928584183381733
w/o redistribution,4,2025_november_08_14,november,0.2699656313994169,0.708421602016396,0.0958976736734694,0.8571428571428571,0.42352941176470593,-0.5104289824655084,0.1928584183381733
w/o gate,4,2025_november_08_14,november,0.3428186972498235,0.6855372710884404,0.19590337789720913,0.1282798833819242,0.227390180878553,-0.5104289824655084,0.1928584183381733
w/o joint training,4,2025_november_08_14,november,0.26729436702658627,0.7197891714214117,0.09419474633066047,0.8658892128279884,0.46511627906976744,-0.5264787493342755,0.2026336226917981
w/o classifier,4,2025_november_08_14,november,0.33044491524322084,0.6983639693387402,0.20857969912192612,0.1282798833819242,0.227390180878553,-0.5264787493342755,0.2026336226917981
full,4,2025_november_15_21,november,0.25803798670968436,0.8579013540118416,0.10000369608396692,0.9037900874635568,0.56,-0.393530372417672,0.18696922931409
w/o uncertainty,4,2025_november_15_21,november,0.2634129661722941,0.8625668091758476,0.11118326315683605,0.8979591836734694,0.5569620253164557,-0.393530372417672,0.18696922931409
w/o redistribution,4,2025_november_15_21,november,0.25635620778425655,0.8826645528850613,0.1199539941399416,0.9037900874635568,0.56,-0.393530372417672,0.18696922931409
w/o gate,4,2025_november_15_21,november,0.331692363050284,0.8657035008798262,0.2196258418197093,0.09912536443148688,0.18037135278514588,-0.393530372417672,0.18696922931409
w/o joint training,4,2025_november_15_21,november,0.26744360386521465,0.9136222839296515,0.1158479196640016,0.8833819241982507,0.4736842105263158,-0.4354648635707481,0.19107270953915942
w/o classifier,4,2025_november_15_21,november,0.3256986873800006,0.8889349779603007,0.2598408643867678,0.09912536443148688,0.18037135278514588,-0.4354648635707481,0.19107270953915942
full,4,2025_november_22_28,november,0.37580684447331675,1.326963011786046,0.1085138321978086,0.9154518950437318,0.5797101449275363,-0.4676099116562077,0.2743330783559847
w/o uncertainty,4,2025_november_22_28,november,0.3555230233368544,1.2683661754902853,0.10484190304480516,0.9212827988338192,0.64,-0.4676099116562077,0.2743330783559847
w/o redistribution,4,2025_november_22_28,november,0.3520332871720117,1.262158968971638,0.14608798746355672,0.9154518950437318,0.5797101449275363,-0.4676099116562077,0.2743330783559847
w/o gate,4,2025_november_22_28,november,0.40400281995682963,1.1981514375756233,0.20840187954807426,0.11078717201166181,0.19947506561679793,-0.4676099116562077,0.2743330783559847
w/o joint training,4,2025_november_22_28,november,0.3610242702135745,1.320852067361283,0.1728504399361737,0.9125364431486881,0.6153846153846154,-0.6064596445039109,0.28344384193779815
w/o classifier,4,2025_november_22_28,november,0.4102909869891822,1.2344314240144876,0.2974900684262417,0.11078717201166181,0.19947506561679793,-0.6064596445039109,0.28344384193779815
full,5,2025_may_01_07,may,0.23230006644678822,0.8844652144129456,0.044304860219723345,0.924198250728863,0.6176470588235293,-0.3677475056963866,0.1599619106532636
w/o uncertainty,5,2025_may_01_07,may,0.23251295272025627,0.8396471958782691,0.056745574277613044,0.9008746355685131,0.5853658536585366,-0.3677475056963866,0.1599619106532636
w/o redistribution,5,2025_may_01_07,may,0.2008561463848396,0.779699211847404,0.07026269868804663,0.924198250728863,0.6176470588235293,-0.3677475056963866,0.1599619106532636
w/o gate,5,2025_may_01_07,may,0.2909565869162572,0.7774406662516306,0.1718862100086597,0.10495626822157435,0.1899736147757256,-0.3677475056963866,0.1599619106532636
w/o joint training,5,2025_may_01_07,may,0.2210669096235069,0.8172241203352031,0.07945061225567586,0.8862973760932945,0.5714285714285714,-0.40919637943740456,0.16671746842659055
w/o classifier,5,2025_may_01_07,may,0.2685142192513066,0.7772870927791976,0.16213090645363853,0.10495626822157435,0.1899736147757256,-0.40919637943740456,0.16671746842659055
full,5,2025_may_08_14,may,0.32022285416668483,1.0125565856693242,0.18462135715047404,0.924198250728863,0.7547169811320754,-0.5227997675895572,0.2622391819674073
w/o uncertainty,5,2025_may_08_14,may,0.33054407573855904,1.0247067807144727,0.18015388303120286,0.9067055393586005,0.7142857142857142,-0.5227997675895572,0.2622391819674073
w/o redistribution,5,2025_may_08_14,may,0.3235981886297376,1.075965895881132,0.2240072713119532,0.924198250728863,0.7547169811320754,-0.5227997675895572,0.2622391819674073
w/o gate,5,2025_may_08_14,may,0.40418627398691565,1.0717848075405028,0.29743491844070663,0.1661807580174927,0.285,-0.5227997675895572,0.2622391819674073
w/o joint training,5,2025_may_08_14,may,0.4243779672162886,2.0869800371099134,0.2892834386864383,0.9008746355685131,0.7166666666666668,-0.6404235657087738,0.3557569189535108
w/o classifier,5,2025_may_08_14,may,0.4894114358896395,2.047339076473237,0.36186652275280184,0.1661807580174927,0.285,-0.6404235657087738,0.3557569189535108
full,5,2025_may_15_21,may,0.2513693984189081,0.7939915253847116,0.08771520530254198,0.9271137026239067,0.6666666666666666,-0.4006571994101599,0.1795029224629159
w/o uncertainty,5,2025_may_15_21,may,0.26755284078853986,0.7735051394041862,0.11832346554341376,0.8892128279883382,0.5777777777777777,-0.4006571994101599,0.1795029224629159
w/o redistribution,5,2025_may_15_21,may,0.2403539021574344,0.7581574530123263,0.10280084798833815,0.9271137026239067,0.6666666666666666,-0.4006571994101599,0.1795029224629159
w/o gate,5,2025_may_15_21,may,0.3523320603603268,0.7765435177187795,0.22341641383144187,0.09912536443148688,0.18037135278514588,-0.4006571994101599,0.1795029224629159
w/o joint training,5,2025_may_15_21,may,0.25196942044566284,0.776673995580425,0.11243322637554402,0.8746355685131195,0.5567010309278351,-0.4833344430136981,0.19899350843273472
w/o classifier,5,2025_may_15_21,may,0.34118952604456,0.7835883421524186,0.2291599980055873,0.09912536443148688,0.18037135278514588,-0.4833344430136981,0.19899350843273472
full,5,2025_may_22_28,may,0.3286560747977706,1.102703407296632,0.09463518074291027,0.9008746355685131,0.6666666666666666,-0.4858574183633795,0.2303708462233925
w/o uncertainty,5,2025_may_22_28,may,0.33057550923034995,1.1112108082304868,0.08825121049854173,0.9008746355685131,0.6730769230769231,-0.4858574183633795,0.2303708462233925
w/o redistribution,5,2025_may_22_28,may,0.3170558667346938,1.0470159387501232,0.10399725396501444,0.9008746355685131,0.6666666666666666,-0.4858574183633795,0.2303708462233925
w/o gate,5,2025_may_22_28,may,0.38787962306156504,1.040842708032107,0.19507112880735675,0.15451895043731778,0.2676767676767677,-0.4858574183633795,0.2303708462233925
w/o joint training,5,2025_may_22_28,may,0.36350677508963875,1.5733018994025831,0.1824760599948661,0.8862973760932945,0.6666666666666665,-0.5590075510888393,0.28675344031403893
w/o classifier,5,2025_may_22_28,may,0.4268707259769929,1.4755985667890175,0.26523053924534057,0.15451895043731778,0.2676767676767677,-0.5590075510888393,0.28675344031403893
full,5,2025_november_01_07,november,0.22416547350487478,0.6095823861305654,0.09111668360612507,0.9067055393586005,0.6799999999999999,-0.4570226861999679,0.1763218983300562
w/o uncertainty,5,2025_november_01_07,november,0.22936053975263676,0.6143467127402149,0.09771566560443487,0.9008746355685131,0.679245283018868,-0.4570226861999679,0.1763218983300562
w/o redistribution,5,2025_november_01_07,november,0.22904724416909625,0.6304316339650444,0.12115729798833821,0.9067055393586005,0.6799999999999999,-0.4570226861999679,0.1763218983300562
w/o gate,5,2025_november_01_07,november,0.29360533294077207,0.6292456442466716,0.19750219925816526,0.14868804664723032,0.25888324873096447,-0.4570226861999679,0.1763218983300562
w/o joint training,5,2025_november_01_07,november,0.23294628852191032,0.6296481569580811,0.12039096134684055,0.8979591836734694,0.6534653465346535,-0.5206023824979525,0.19994460103682696
w/o classifier,5,2025_november_01_07,november,0.32069485106793266,0.6803799889253044,0.2291915920670294,0.14868804664723032,0.25888324873096447,-0.5206023824979525,0.19994460103682696
full,5,2025_november_08_14,november,0.2645875296117519,0.7159570361159696,0.07738275311943796,0.8717201166180758,0.45,-0.5026222531432802,0.1907646580784604
w/o uncertainty,5,2025_november_08_14,november,0.26676864767863434,0.7011476272634563,0.069603469013938,0.8629737609329446,0.45977011494252873,-0.5026222531432802,0.1907646580784604
w/o redistribution,5,2025_november_08_14,november,0.25607525469387754,0.7058391011191172,0.11532441084548106,0.8717201166180758,0.45,-0.5026222531432802,0.1907646580784604
w/o gate,5,2025_november_08_14,november,0.3320528283050357,0.6776765873784579,0.1998583492675305,0.1282798833819242,0.227390180878553,-0.5026222531432802,0.1907646580784604
w/o joint training,5,2025_november_08_14,november,0.25220614279381237,0.7069456751473933,0.11318947590484581,0.8746355685131195,0.5057471264367817,-0.5350803153039602,0.20375069484600278
w/o classifier,5,2025_november_08_14,november,0.3316493529687926,0.7060414158326228,0.23320268477522296,0.1282798833819242,0.227390180878553,-0.5350803153039602,0.20375069484600278
full,5,2025_november_15_21,november,0.24228239721667394,0.804655196575664,0.0705801443866748,0.9096209912536443,0.5866666666666668,-0.3834440596434594,0.1755999325148669
w/o uncertainty,5,2025_november_15_21,november,0.24768833405584062,0.8054164363143174,0.07910185392637406,0.9008746355685131,0.5641025641025642,-0.3834440596434594,0.1755999325148669
w/o redistribution,5,2025_november_15_21,november,0.23735275195335276,0.8069303986935722,0.09004759282798824,0.9096209912536443,0.5866666666666668,-0.3834440596434594,0.1755999325148669
w/o gate,5,2025_november_15_21,november,0.3070851954584288,0.7935202637152434,0.17808692697587916,0.09912536443148688,0.18037135278514588,-0.3834440596434594,0.1755999325148669
w/o joint training,5,2025_november_15_21,november,0.2643113329157502,0.917095471071474,0.11392426380593934,0.8862973760932945,0.5063291139240507,-0.44889705476169806,0.1986904587967948
w/o classifier,5,2025_november_15_21,november,0.3350769115785685,0.9196242756557843,0.24945989108044356,0.09912536443148688,0.18037135278514588,-0.44889705476169806,0.1986904587967948
full,5,2025_november_22_28,november,0.3723570396021127,1.2928334436337585,0.08290518061486986,0.9212827988338192,0.6301369863013698,-0.4654940789877443,0.2828661852884788
w/o uncertainty,5,2025_november_22_28,november,0.3685584635775902,1.2982039962629517,0.08011020388734397,0.924198250728863,0.6578947368421053,-0.4654940789877443,0.2828661852884788
w/o redistribution,5,2025_november_22_28,november,0.3617801458892128,1.2769603835848435,0.11275080192419816,0.9212827988338192,0.6301369863013698,-0.4654940789877443,0.2828661852884788
w/o gate,5,2025_november_22_28,november,0.4205222671171267,1.2489337351318046,0.1856741977153592,0.11078717201166181,0.19947506561679793,-0.4654940789877443,0.2828661852884788
w/o joint training,5,2025_november_22_28,november,0.42133785018272507,1.8469539777995947,0.18430194225830535,0.9125364431486881,0.5833333333333334,-0.5917197650259044,0.31855267651393754
w/o classifier,5,2025_november_22_28,november,0.45885466253955143,1.6504239345802205,0.29533556687751494,0.11078717201166181,0.19947506561679793,-0.5917197650259044,0.31855267651393754
full,6,2025_may_01_07,may,0.23567198660263713,0.8705400508659361,0.062109856391510426,0.9125364431486881,0.5161290322580646,-0.3737598456961798,0.1615271856857551
w/o uncertainty,6,2025_may_01_07,may,0.2350415261352246,0.839206642885701,0.0501334798238442,0.8979591836734694,0.5070422535211268,-0.3737598456961798,0.1615271856857551
w/o redistribution,6,2025_may_01_07,may,0.20890817218658891,0.7917765812733315,0.09592757685131192,0.9125364431486881,0.5161290322580646,-0.3737598456961798,0.1615271856857551
w/o gate,6,2025_may_01_07,may,0.27723334876881284,0.769937324232451,0.16580731662322645,0.10495626822157435,0.1899736147757256,-0.3737598456961798,0.1615271856857551
w/o joint training,6,2025_may_01_07,may,0.20478082561842706,0.7723637964505089,0.08014519042563727,0.9008746355685131,0.5405405405405405,-0.4056968620260935,0.16066798566334178
w/o classifier,6,2025_may_01_07,may,0.26161855650976107,0.7503096916891553,0.17881753314734483,0.10495626822157435,0.1899736147757256,-0.4056968620260935,0.16066798566334178
full,6,2025_may_08_14,may,0.33894997261899873,1.0820457577933689,0.18350361238420343,0.9183673469387755,0.7254901960784313,-0.5259775543595191,0.2710592932090466
w/o uncertainty,6,2025_may_08_14,may,0.34079133505232145,1.0851056594534334,0.17865218725453583,0.9154518950437318,0.7289719626168225,-0.5259775543595191,0.2710592932090466
w/o redistribution,6,2025_may_08_14,may,0.33934987419825074,1.1194416129122862,0.22308780591836724,0.9183673469387755,0.7254901960784313,-0.5259775543595191,0.2710592932090466
w/o gate,6,2025_may_08_14,may,0.4101728078966259,1.1094683926108424,0.2864010924109585,0.1661807580174927,0.285,-0.5259775543595191,0.2710592932090466
w/o joint training,6,2025_may_08_14,may,0.3645069020424534,1.3420880711281566,0.2739490601443896,0.9154518950437318,0.7339449541284404,-0.6426292825405582,0.32431807948242075
w/o classifier,6,2025_may_08_14,may,0.4471574901119852,1.3644936416762876,0.34085752188198204,0.1661807580174927,0.285,-0.6426292825405582,0.32431807948242075
full,6,2025_may_15_21,may,0.2591871963335634,0.7866460574357345,0.10087299873501157,0.9212827988338192,0.64,-0.399100462945871,0.1791093020192034
w/o uncertainty,6,2025_may_15_21,may,0.2651947935669704,0.7636816597805421,0.12337639616782813,0.9037900874635568,0.6206896551724137,-0.399100462945871,0.1791093020192034
w/o redistribution,6,2025_may_15_21,may,0.24717794513119531,0.7707970439876529,0.10917786839650148,0.9212827988338192,0.64,-0.399100462945871,0.1791093020192034
w/o gate,6,2025_may_15_21,may,0.3517933437556949,0.7738078283799442,0.22710789337739995,0.09912536443148688,0.18037135278514588,-0.399100462945871,0.1791093020192034
w/o joint training,6,2025_may_15_21,may,0.2319374169460428,0.7839340117710334,0.10311574880754368,0.9067055393586005,0.627906976744186,-0.46816034537948614,0.19065334265679892
w/o classifier,6,2025_may_15_21,may,0.33412826523923317,0.7733147830743224,0.2229055190790151,0.09912536443148688,0.18037135278514588,-0.46816034537948614,0.19065334265679892
full,6,2025_may_22_28,may,0.30629180229961744,0.937503662177356,0.09208113865321245,0.9037900874635568,0.6732673267326733,-0.4678257798657528,0.2146418354231261
w/o uncertainty,6,2025_may_22_28,may,0.3046684069699603,0.932563330936289,0.08603237903612257,0.9008746355685131,0.6730769230769231,-0.4678257798657528,0.2146418354231261
w/o redistribution,6,2025_may_22_28,may,0.29921745903790087,0.91156395620069,0.10188520877551016,0.9037900874635568,0.6732673267326733,-0.4678257798657528,0.2146418354231261
w/o gate,6,2025_may_22_28,may,0.35529838701695127,0.9031621358211278,0.1718887690584097,0.15451895043731778,0.2676767676767677,-0.4678257798657528,0.2146418354231261
w/o joint training,6,2025_may_22_28,may,0.3517081308438489,1.4575743747523882,0.19347171816494993,0.8892128279883382,0.6779661016949153,-0.5585509356842573,0.2811665985924171
w/o classifier,6,2025_may_22_28,may,0.42554180963784893,1.40731794867364,0.2690056691994297,0.15451895043731778,0.2676767676767677,-0.5585509356842573,0.2811665985924171
full,6,2025_november_01_07,november,0.23494886227602216,0.6275925370814006,0.07830802544361223,0.9067055393586005,0.6799999999999999,-0.4664887228632045,0.1791874160572847
w/o uncertainty,6,2025_november_01_07,november,0.23721909397887367,0.624302023588003,0.08347658114829107,0.9008746355685131,0.679245283018868,-0.4664887228632045,0.1791874160572847
w/o redistribution,6,2025_november_01_07,november,0.23038340177842567,0.6360398757512665,0.109612969941691,0.9067055393586005,0.6799999999999999,-0.4664887228632045,0.1791874160572847
w/o gate,6,2025_november_01_07,november,0.3041760970269825,0.633955701940416,0.19642303541085726,0.14868804664723032,0.25888324873096447,-0.4664887228632045,0.1791874160572847
w/o joint training,6,2025_november_01_07,november,0.23653667857914717,0.6431273192001564,0.12198721308381201,0.8862973760932945,0.6422018348623854,-0.5322614295300612,0.2037154139115438
w/o classifier,6,2025_november_01_07,november,0.3220702972440945,0.6876645464017189,0.22193267471129866,0.14868804664723032,0.25888324873096447,-0.5322614295300612,0.2037154139115438
full,6,2025_november_08_14,november,0.2755389511448319,0.7273796047041472,0.0650019685389551,0.8658892128279884,0.425,-0.4933674255295202,0.1911574570404341
w/o uncertainty,6,2025_november_08_14,november,0.272560416471711,0.7037757417667704,0.0742053406112271,0.8513119533527697,0.4631578947368421,-0.4933674255295202,0.1911574570404341
w/o redistribution,6,2025_november_08_14,november,0.25896584323615157,0.7029084606988268,0.10728281309037901,0.8658892128279884,0.425,-0.4933674255295202,0.1911574570404341
w/o gate,6,2025_november_08_14,november,0.3347011081122677,0.6782697351776943,0.19554415841403777,0.1282798833819242,0.227390180878553,-0.4933674255295202,0.1911574570404341
w/o joint training,6,2025_november_08_14,november,0.2536714751476182,0.6957730197971003,0.10604674384993953,0.8571428571428571,0.44943820224719094,-0.5289320586125473,0.20332079211947304
w/o classifier,6,2025_november_08_14,november,0.33331395463159974,0.7001436020046413,0.21683420870947293,0.1282798833819242,0.227390180878553,-0.5289320586125473,0.20332079211947304
full,6,2025_november_15_21,november,0.24274649733701995,0.8303575781648278,0.08157588433091834,0.9067055393586005,0.5675675675675677,-0.3854277864032729,0.1791484556410846
w/o uncertainty,6,2025_november_15_21,november,0.24559359089746216,0.8166556119684469,0.10457159356732772,0.8979591836734694,0.5679012345679013,-0.3854277864032729,0.1791484556410846
w/o redistribution,6,2025_november_15_21,november,0.23916741431486882,0.8463903636855685,0.10471573752186578,0.9067055393586005,0.5675675675675677,-0.3854277864032729,0.1791484556410846
w/o gate,6,2025_november_15_21,november,0.3126027662170075,0.8257505424444248,0.19992875598913046,0.09912536443148688,0.18037135278514588,-0.3854277864032729,0.1791484556410846
w/o joint training,6,2025_november_15_21,november,0.26065231684997386,0.8789564475236089,0.1185235825669746,0.8862973760932945,0.5185185185185186,-0.43937471472068435,0.19490133687062927
w/o classifier,6,2025_november_15_21,november,0.3295956701990597,0.8898608962248427,0.2509162345597025,0.09912536443148688,0.18037135278514588,-0.43937471472068435,0.19490133687062927
full,6,2025_november_22_28,november,0.3791868467125388,1.3262666704703183,0.11565379219374498,0.9096209912536443,0.5633802816901409,-0.4613856379960699,0.2741841525529764
w/o uncertainty,6,2025_november_22_28,november,0.3605750008163524,1.237387407092821,0.11272692785974216,0.9183673469387755,0.6216216216216216,-0.4613856379960699,0.2741841525529764
w/o redistribution,6,2025_november_22_28,november,0.35845200845481046,1.277231565930186,0.1474478026239066,0.9096209912536443,0.5633802816901409,-0.4613856379960699,0.2741841525529764
w/o gate,6,2025_november_22_28,november,0.40812200764339224,1.2012087183404734,0.21398053507576995,0.11078717201166181,0.19947506561679793,-0.4613856379960699,0.2741841525529764
w/o joint training,6,2025_november_22_28,november,0.4030701898942977,1.6975128663107082,0.17691071798554547,0.9183673469387755,0.6216216216216216,-0.5844245577127956,0.3123427139663052
w/o classifier,6,2025_november_22_28,november,0.45138847247396024,1.5870828925542606,0.2895161602646112,0.11078717201166181,0.19947506561679793,-0.5844245577127956,0.3123427139663052
full,7,2025_may_01_07,may,0.24235780737013443,0.8814019798403769,0.044835801984276204,0.9067055393586005,0.5897435897435898,-0.3700472219790615,0.1672941990659979
w/o uncertainty,7,2025_may_01_07,may,0.24175531545129872,0.877602388240779,0.048978027612817665,0.9067055393586005,0.6,-0.3700472219790615,0.1672941990659979
w/o redistribution,7,2025_may_01_07,may,0.22160790644314868,0.8141125371569747,0.06538842451895047,0.9067055393586005,0.5897435897435898,-0.3700472219790615,0.1672941990659979
w/o gate,7,2025_may_01_07,may,0.2979712981745591,0.8086455417439743,0.1620527786958877,0.10495626822157435,0.1899736147757256,-0.3700472219790615,0.1672941990659979
w/o joint training,7,2025_may_01_07,may,0.21482132288505323,0.8112024600278863,0.0659939432681511,0.8979591836734694,0.5454545454545454,-0.4082018721040762,0.16709274451211187
w/o classifier,7,2025_may_01_07,may,0.2736134263415313,0.7756503844418382,0.16432770530207214,0.10495626822157435,0.1899736147757256,-0.4082018721040762,0.16709274451211187
full,7,2025_may_08_14,may,0.34069028139655744,1.0645076608866286,0.15523643910768997,0.9154518950437318,0.7289719626168225,-0.5179447307646481,0.2665578059462221
w/o uncertainty,7,2025_may_08_14,may,0.3484987159294164,1.0637299205494117,0.15092675978001813,0.9008746355685131,0.7017543859649122,-0.5179447307646481,0.2665578059462221
w/o redistribution,7,2025_may_08_14,may,0.34181333309037903,1.0882170791251276,0.1961368920408163,0.9154518950437318,0.7289719626168225,-0.5179447307646481,0.2665578059462221
w/o gate,7,2025_may_08_14,may,0.41980913812409576,1.07881808028279,0.27478390274869,0.1661807580174927,0.285,-0.5179447307646481,0.2665578059462221
w/o joint training,7,2025_may_08_14,may,0.4089241214638994,2.013980445303181,0.2807528418492805,0.9037900874635568,0.7130434782608696,-0.6175101633410791,0.3423180157333562
w/o classifier,7,2025_may_08_14,may,0.4759615556548727,1.9757848551693076,0.3497037293712548,0.1661807580174927,0.285,-0.6175101633410791,0.3423180157333562
full,7,2025_may_15_21,may,0.25772312996261076,0.797876695444669,0.0892699155958986,0.9125364431486881,0.605263157894737,-0.3936260475226655,0.1743207816844114
w/o uncertainty,7,2025_may_15_21,may,0.26281464642175084,0.7646301878178166,0.11729462381690257,0.8950437317784257,0.6,-0.3936260475226655,0.1743207816844114
w/o redistribution,7,2025_may_15_21,may,0.2434648562682216,0.7559392495190247,0.10422411924198251,0.9125364431486881,0.605263157894737,-0.3936260475226655,0.1743207816844114
w/o gate,7,2025_may_15_21,may,0.34608949231915176,0.7567491803451818,0.22143864634164415,0.09912536443148688,0.18037135278514588,-0.3936260475226655,0.1743207816844114
w/o joint training,7,2025_may_15_21,may,0.2315874523992059,0.7398683270558627,0.10899783888721767,0.892128279883382,0.5934065934065933,-0.4736735798130811,0.19366418549172076
w/o classifier,7,2025_may_15_21,may,0.33294531491479185,0.764656756015142,0.23130054873449638,0.09912536443148688,0.18037135278514588,-0.4736735798130811,0.19366418549172076
full,7,2025_may_22_28,may,0.30986712816548395,0.9950288328777364,0.09830444713445034,0.9037900874635568,0.6732673267326733,-0.4745098232692539,0.2196063821531364
w/o uncertainty,7,2025_may_22_28,may,0.3137322834339228,0.9908597603845741,0.09116413952873281,0.9008746355685131,0.6730769230769231,-0.4745098232692539,0.2196063821531364
w/o redistribution,7,2025_may_22_28,may,0.3030433618075801,0.9583773328673292,0.11184696104956271,0.9037900874635568,0.6732673267326733,-0.4745098232692539,0.2196063821531364
w/o gate,7,2025_may_22_28,may,0.3715626240074777,0.9519998147955422,0.19596801834995858,0.15451895043731778,0.2676767676767677,-0.4745098232692539,0.2196063821531364
w/o joint training,7,2025_may_22_28,may,0.3828694817850852,1.7808155129509453,0.2019024286531188,0.8892128279883382,0.6481481481481481,-0.5843297767709426,0.30221488999306023
w/o classifier,7,2025_may_22_28,may,0.4466750773183089,1.700013495936516,0.28079257775016603,0.15451895043731778,0.2676767676767677,-0.5843297767709426,0.30221488999306023
full,7,2025_november_01_07,november,0.22493635932243944,0.6131097836493191,0.09749555236219547,0.9096209912536443,0.6990291262135924,-0.467398979121594,0.1809546353672531
w/o uncertainty,7,2025_november_01_07,november,0.22957915103265217,0.6184198560838877,0.10854528754086785,0.9008746355685131,0.6851851851851852,-0.467398979121594,0.1809546353672531
w/o redistribution,7,2025_november_01_07,november,0.23173855358600584,0.6412284396639817,0.12772900087463557,0.9096209912536443,0.6990291262135924,-0.467398979121594,0.1809546353672531
w/o gate,7,2025_november_01_07,november,0.3048503221206409,0.6450646486532601,0.21469428018777026,0.14868804664723032,0.25888324873096447,-0.467398979121594,0.1809546353672531
w/o joint training,7,2025_november_01_07,november,0.22907008187924538,0.6247922593609131,0.1283115543623303,0.892128279883382,0.672566371681416,-0.5175782452088352,0.19779640864615652
w/o classifier,7,2025_november_01_07,november,0.31234864574590965,0.6751958903286555,0.22516445888399145,0.14868804664723032,0.25888324873096447,-0.5175782452088352,0.19779640864615652
full,7,2025_november_08_14,november,0.28214396923984264,0.7597903951576541,0.07373125343249334,0.8600583090379009,0.38461538461538464,-0.5042948078665145,0.1943783889484273
w/o uncertainty,7,2025_november_08_14,november,0.2777963501019566,0.7119808274365315,0.076378050933369,0.8513119533527697,0.43956043956043955,-0.5042948078665145,0.1943783889484273
w/o redistribution,7,2025_november_08_14,november,0.2668035447230321,0.7298147718362963,0.12152810134110788,0.8600583090379009,0.38461538461538464,-0.5042948078665145,0.1943783889484273
w/o gate,7,2025_november_08_14,november,0.33515271760787885,0.687913998758659,0.19668428343988015,0.1282798833819242,0.227390180878553,-0.5042948078665145,0.1943783889484273
w/o joint training,7,2025_november_08_14,november,0.26634292138553384,0.6988960112365926,0.11685864753365871,0.8396501457725948,0.4329896907216495,-0.533675252469582,0.20313515734451146
w/o classifier,7,2025_november_08_14,november,0.32873819277923194,0.6988122052053765,0.22098670006422844,0.1282798833819242,0.227390180878553,-0.533675252469582,0.20313515734451146
full,7,2025_november_15_21,november,0.24857849543709526,0.8357367634635174,0.10075090647655233,0.9125364431486881,0.605263157894737,-0.3842241156289822,0.1821050583434341
w/o uncertainty,7,2025_november_15_21,november,0.254149451422151,0.8359456336671175,0.10880419474466312,0.9037900874635568,0.5822784810126582,-0.3842241156289822,0.1821050583434341
w/o redistribution,7,2025_november_15_21,november,0.24399239300291548,0.8426133822273821,0.11712801311953343,0.9125364431486881,0.605263157894737,-0.3842241156289822,0.1821050583434341
w/o gate,7,2025_november_15_21,november,0.3169849177998282,0.8399584130423216,0.204515461405025,0.09912536443148688,0.18037135278514588,-0.3842241156289822,0.1821050583434341
w/o joint training,7,2025_november_15_21,november,0.24975936600458318,0.8586198523911921,0.1440381333041295,0.8862973760932945,0.5617977528089887,-0.44508675318864416,0.1955905345907548
w/o classifier,7,2025_november_15_21,november,0.3288566471870348,0.9042033173622425,0.2596091670309988,0.09912536443148688,0.18037135278514588,-0.44508675318864416,0.1955905345907548
full,7,2025_november_22_28,november,0.3855348733086637,1.3836827266124325,0.0925337463865412,0.9183673469387755,0.6,-0.4590820175218651,0.2834178834550575
w/o uncertainty,7,2025_november_22_28,november,0.36967130170521617,1.3137490553869084,0.08993788312866581,0.924198250728863,0.6486486486486486,-0.4590820175218651,0.2834178834550575
w/o redistribution,7,2025_november_22_28,november,0.364830130058309,1.3289300381781166,0.12323198696792989,0.9183673469387755,0.6,-0.4590820175218651,0.2834178834550575
w/o gate,7,2025_november_22_28,november,0.4134566918954015,1.2666452462406723,0.18228359741391098,0.11078717201166181,0.19947506561679793,-0.4590820175218651,0.2834178834550575
w/o joint training,7,2025_november_22_28,november,0.37717798560453525,1.5352067006082524,0.1782826957915922,0.9300291545189504,0.7,-0.5896609969343354,0.30312800323184846
w/o classifier,7,2025_november_22_28,november,0.43614520621553887,1.4668356035125414,0.28534797120991406,0.11078717201166181,0.19947506561679793,-0.5896609969343354,0.30312800323184846
full,8,2025_may_01_07,may,0.22543231282525691,0.8730024125612293,0.05492321209535657,0.9183673469387755,0.5625000000000001,-0.369117121495265,0.1608715196759971
w/o uncertainty,8,2025_may_01_07,may,0.23096400809945106,0.8624054795123542,0.042535499135181884,0.9154518950437318,0.5797101449275361,-0.369117121495265,0.1608715196759971
w/o redistribution,8,2025_may_01_07,may,0.20025806854227404,0.7842782989285514,0.08162833145772598,0.9183673469387755,0.5625000000000001,-0.369117121495265,0.1608715196759971
w/o gate,8,2025_may_01_07,may,0.2709697017758369,0.7668745925379753,0.15474075895948214,0.10495626822157435,0.1899736147757256,-0.369117121495265,0.1608715196759971
w/o joint training,8,2025_may_01_07,may,0.22228826497284634,0.8423036572866749,0.06801224272457168,0.8950437317784257,0.5263157894736842,-0.41942940735185524,0.1695338713767941
w/o classifier,8,2025_may_01_07,may,0.27090851999561333,0.7907850045561229,0.16623817763356466,0.10495626822157435,0.1899736147757256,-0.41942940735185524,0.1695338713767941
full,8,2025_may_08_14,may,0.33937619267327407,1.096188848852171,0.17820302572476632,0.924198250728863,0.7547169811320754,-0.5202726757352643,0.2725490333015435
w/o uncertainty,8,2025_may_08_14,may,0.34576992543213153,1.1020221145568412,0.17570212747391742,0.9125364431486881,0.7272727272727273,-0.5202726757352643,0.2725490333015435
w/o redistribution,8,2025_may_08_14,may,0.33966578437317785,1.116929903157473,0.20771528239067044,0.924198250728863,0.7547169811320754,-0.5202726757352643,0.2725490333015435
w/o gate,8,2025_may_08_14,may,0.4075781008110802,1.1106003340601367,0.2706175806654095,0.1661807580174927,0.285,-0.5202726757352643,0.2725490333015435
w/o joint training,8,2025_may_08_14,may,0.3899356229663197,1.7825747712692805,0.264985830987804,0.9154518950437318,0.7289719626168225,-0.6180634678566637,0.3297894808041681
w/o classifier,8,2025_may_08_14,may,0.4573665409492812,1.7269566562441676,0.33684273433135725,0.1661807580174927,0.285,-0.6180634678566637,0.3297894808041681
full,8,2025_may_15_21,may,0.24726994886183273,0.7662519769443119,0.08163380149509812,0.9125364431486881,0.605263157894737,-0.3847903146705322,0.1709344633305525
w/o uncertainty,8,2025_may_15_21,may,0.2515756223937375,0.7463487907401627,0.10125668755039569,0.9037900874635568,0.6117647058823529,-0.3847903146705322,0.1709344633305525
w/o redistribution,8,2025_may_15_21,may,0.24251041793002917,0.7490293036206296,0.10132746690962094,0.9125364431486881,0.605263157894737,-0.3847903146705322,0.1709344633305525
w/o gate,8,2025_may_15_21,may,0.34020348192274624,0.749135562106637,0.21382429758475627,0.09912536443148688,0.18037135278514588,-0.3847903146705322,0.1709344633305525
w/o joint training,8,2025_may_15_21,may,0.232120643712353,0.7744483298786975,0.12364045675272993,0.9125364431486881,0.6341463414634146,-0.46505300714575115,0.1897945254636773
w/o classifier,8,2025_may_15_21,may,0.3339802148893106,0.7654399974495137,0.24160528541529008,0.09912536443148688,0.18037135278514588,-0.46505300714575115,0.1897945254636773
full,8,2025_may_22_28,may,0.32902721521312867,1.038474453632485,0.09750627145976812,0.8950437317784257,0.660377358490566,-0.4807633724135529,0.2288679095227425
w/o uncertainty,8,2025_may_22_28,may,0.3296679351315711,1.041596215748943,0.09686059339828029,0.8950437317784257,0.660377358490566,-0.4807633724135529,0.2288679095227425
w/o redistribution,8,2025_may_22_28,may,0.3232249926239067,1.0140292307849839,0.1079143203206996,0.8950437317784257,0.660377358490566,-0.4807633724135529,0.2288679095227425
w/o gate,8,2025_may_22_28,may,0.3806574389258479,1.0063715729314193,0.19237776466499518,0.15451895043731778,0.2676767676767677,-0.4807633724135529,0.2288679095227425
w/o joint training,8,2025_may_22_28,may,0.4056498409339526,1.9851081921439129,0.22801518430722173,0.892128279883382,0.6476190476190475,-0.5939476753190337,0.3193405537447406
w/o classifier,8,2025_may_22_28,may,0.46817836040256233,1.8458255865577853,0.3018917282337302,0.15451895043731778,0.2676767676767677,-0.5939476753190337,0.3193405537447406
full,8,2025_november_01_07,november,0.23408953976894994,0.6263292116255567,0.09073771498337768,0.9008746355685131,0.6730769230769231,-0.4663567021452276,0.1799421149933457
w/o uncertainty,8,2025_november_01_07,november,0.2313329621275256,0.6183756498609876,0.09806421899006308,0.9037900874635568,0.6915887850467289,-0.4663567021452276,0.1799421149933457
w/o redistribution,8,2025_november_01_07,november,0.23108011011661805,0.6395844957255342,0.11820080900874637,0.9008746355685131,0.6730769230769231,-0.4663567021452276,0.1799421149933457
w/o gate,8,2025_november_01_07,november,0.3042448762495922,0.6381378656624058,0.21265428356849048,0.14868804664723032,0.25888324873096447,-0.4663567021452276,0.1799421149933457
w/o joint training,8,2025_november_01_07,november,0.23235876842561773,0.6420800512028476,0.12980135591964448,0.9008746355685131,0.679245283018868,-0.5285861999660422,0.20189452391495355
w/o classifier,8,2025_november_01_07,november,0.31732117291030804,0.69103063212026,0.2294091268285767,0.14868804664723032,0.25888324873096447,-0.5285861999660422,0.20189452391495355
full,8,2025_november_08_14,november,0.27271709467222804,0.7297402134422619,0.07602912434513545,0.8629737609329446,0.4050632911392405,-0.5047436060449968,0.1929367777170317
w/o uncertainty,8,2025_november_08_14,november,0.2654318237839577,0.7136314135065724,0.0711554701662149,0.8629737609329446,0.4470588235294118,-0.5047436060449968,0.1929367777170317
w/o redistribution,8,2025_november_08_14,november,0.26180940402332364,0.7159558623233694,0.11898707702623908,0.8629737609329446,0.4050632911392405,-0.5047436060449968,0.1929367777170317
w/o gate,8,2025_november_08_14,november,0.3306551325659438,0.6831140579245539,0.1979676062765702,0.1282798833819242,0.227390180878553,-0.5047436060449968,0.1929367777170317
w/o joint training,8,2025_november_08_14,november,0.2463866206053389,0.6874632571279335,0.10031052668047721,0.880466472303207,0.5494505494505494,-0.5375830545485242,0.19732686598593138
w/o classifier,8,2025_november_08_14,november,0.3283445349101618,0.6847839543835545,0.23209662438009168,0.1282798833819242,0.227390180878553,-0.5375830545485242,0.19732686598593138
full,8,2025_november_15_21,november,0.24727606214199346,0.8255784375938274,0.0687211451044728,0.9125364431486881,0.5833333333333334,-0.3801523332133076,0.1775187895206062
w/o uncertainty,8,2025_november_15_21,november,0.24802433869663595,0.8108654157635683,0.09277561986200292,0.9037900874635568,0.5822784810126582,-0.3801523332133076,0.1775187895206062
w/o redistribution,8,2025_november_15_21,november,0.23871021982507287,0.827794687588428,0.09627974653061208,0.9125364431486881,0.5833333333333334,-0.3801523332133076,0.1775187895206062
w/o gate,8,2025_november_15_21,november,0.3151825943081158,0.8126918994698431,0.19599235298119824,0.09912536443148688,0.18037135278514588,-0.3801523332133076,0.1775187895206062
w/o joint training,8,2025_november_15_21,november,0.2621664251071307,0.8517522255394258,0.12672660996378218,0.8775510204081632,0.48780487804878053,-0.43909152366260656,0.193897166027521
w/o classifier,8,2025_november_15_21,november,0.32670531982594,0.8899863571749606,0.25028040403711976,0.09912536443148688,0.18037135278514588,-0.43909152366260656,0.193897166027521
full,8,2025_november_22_28,november,0.37729979402325553,1.3667366996323487,0.06778338815754084,0.9212827988338192,0.64,-0.4584020399739104,0.2851850518081308
w/o uncertainty,8,2025_november_22_28,november,0.37698480921905586,1.333827205275579,0.07478504246215002,0.9183673469387755,0.6410256410256411,-0.4584020399739104,0.2851850518081308
w/o redistribution,8,2025_november_22_28,november,0.36730187973760936,1.3291386595749632,0.09305173128279878,0.9212827988338192,0.64,-0.4584020399739104,0.2851850518081308
w/o gate,8,2025_november_22_28,november,0.4240766860847472,1.2769103769492136,0.16947524817131407,0.11078717201166181,0.19947506561679793,-0.4584020399739104,0.2851850518081308
w/o joint training,8,2025_november_22_28,november,0.37931451748759143,1.4152604644587434,0.1772816227102616,0.9096209912536443,0.6172839506172839,-0.5844653660623446,0.285614285417423
w/o classifier,8,2025_november_22_28,november,0.4176373936564447,1.2852900612551232,0.29126462272610026,0.11078717201166181,0.19947506561679793,-0.5844653660623446,0.285614285417423
full,9,2025_may_01_07,may,0.23927229226343694,0.8576857607886642,0.040717780958355335,0.9037900874635568,0.547945205479452,-0.3706510158927624,0.1593331578286857
w/o uncertainty,9,2025_may_01_07,may,0.23728767743205453,0.8500034123896909,0.05128449957808952,0.9008746355685131,0.5641025641025642,-0.3706510158927624,0.1593331578286857
w/o redistribution,9,2025_may_01_07,may,0.21096547285714284,0.7797885979517403,0.07323768376093295,0.9037900874635568,0.547945205479452,-0.3706510158927624,0.1593331578286857
w/o gate,9,2025_may_01_07,may,0.28568927278111245,0.7689057230357239,0.17847868988235108,0.10495626822157435,0.1899736147757256,-0.3706510158927624,0.1593331578286857
w/o joint training,9,2025_may_01_07,may,0.21458419186072825,0.8042423278023172,0.0881367703329934,0.9037900874635568,0.611764705882353,-0.4216104959119742,0.1692173866714987
w/o classifier,9,2025_may_01_07,may,0.27427284923414685,0.7804252853467879,0.1820081917904372,0.10495626822157435,0.1899736147757256,-0.4216104959119742,0.1692173866714987
full,9,2025_may_08_14,may,0.33037564890407073,1.0769944377146197,0.18614617242337422,0.9212827988338192,0.742857142857143,-0.5202317010958237,0.272457842557099
w/o uncertainty,9,2025_may_08_14,may,0.3422505588331015,1.0807029086733115,0.17756199940461742,0.9008746355685131,0.7017543859649122,-0.5202317010958237,0.272457842557099
w/o redistribution,9,2025_may_08_14,may,0.3363015641982507,1.1105681953334618,0.22502467860058306,0.9212827988338192,0.742857142857143,-0.5202317010958237,0.272457842557099
w/o gate,9,2025_may_08_14,may,0.41563922655128066,1.1052726229223773,0.29806747951762214,0.1661807580174927,0.285,-0.5202317010958237,0.272457842557099
w/o joint training,9,2025_may_08_14,may,0.37310536741795414,1.438503281666517,0.25155941101423795,0.9183673469387755,0.7454545454545455,-0.6044127918590688,0.31419228425984336
w/o classifier,9,2025_may_08_14,may,0.4400833805808499,1.4273114055993168,0.326473043687131,0.1661807580174927,0.285,-0.6044127918590688,0.31419228425984336
full,9,2025_may_15_21,may,0.2488281460599481,0.7725612595373889,0.09295011590593713,0.9125364431486881,0.625,-0.3873964707214326,0.1706819764124847
w/o uncertainty,9,2025_may_15_21,may,0.25803308918947476,0.7490451805091781,0.1161994810885295,0.8950437317784257,0.6,-0.3873964707214326,0.1706819764124847
w/o redistribution,9,2025_may_15_21,may,0.24230312288629735,0.7423327279355452,0.10598657944606406,0.9125364431486881,0.625,-0.3873964707214326,0.1706819764124847
w/o gate,9,2025_may_15_21,may,0.3435944073064607,0.7452301993090265,0.21823508870991898,0.09912536443148688,0.18037135278514588,-0.3873964707214326,0.1706819764124847
w/o joint training,9,2025_may_15_21,may,0.25039103458601214,0.7830006166040184,0.0993755168697166,0.892128279883382,0.5316455696202531,-0.4869472983276519,0.20430915957008108
w/o classifier,9,2025_may_15_21,may,0.35141914630303317,0.8098865769559325,0.24620519472834584,0.09912536443148688,0.18037135278514588,-0.4869472983276519,0.20430915957008108
full,9,2025_may_22_28,may,0.3257303648192652,1.043097140040565,0.0917733884885209,0.8979591836734694,0.6601941747572816,-0.4753207209056724,0.2230280203759796
w/o uncertainty,9,2025_may_22_28,may,0.32099887110540276,1.0419920701167493,0.08703462264255388,0.9008746355685131,0.6730769230769231,-0.4753207209056724,0.2230280203759796
w/o redistribution,9,2025_may_22_28,may,0.31641246180758015,1.0024282752963012,0.10590371055393583,0.8979591836734694,0.6601941747572816,-0.4753207209056724,0.2230280203759796
w/o gate,9,2025_may_22_28,may,0.38731092891645086,0.9951041926502233,0.20304012646559305,0.15451895043731778,0.2676767676767677,-0.4753207209056724,0.2230280203759796
w/o joint training,9,2025_may_22_28,may,0.37308944196748645,1.8368932767920516,0.1864114311353057,0.892128279883382,0.6476190476190475,-0.5601415407662627,0.28996075136471616
w/o classifier,9,2025_may_22_28,may,0.44038723690744824,1.6765272449814521,0.2713241994234326,0.15451895043731778,0.2676767676767677,-0.5601415407662627,0.28996075136471616
full,9,2025_november_01_07,november,0.22212994948777512,0.6172027276369659,0.08383792507051079,0.9125364431486881,0.7058823529411765,-0.4660013010266965,0.1798876685334069
w/o uncertainty,9,2025_november_01_07,november,0.23125321134443313,0.6232319878502576,0.099276174455689,0.9008746355685131,0.6851851851851852,-0.4660013010266965,0.1798876685334069
w/o redistribution,9,2025_november_01_07,november,0.22772491530612246,0.6350434415065553,0.11733122416909623,0.9125364431486881,0.7058823529411765,-0.4660013010266965,0.1798876685334069
w/o gate,9,2025_november_01_07,november,0.3032938498881697,0.6410776426422793,0.20594414217758317,0.14868804664723032,0.25888324873096447,-0.4660013010266965,0.1798876685334069
w/o joint training,9,2025_november_01_07,november,0.23889216681614273,0.6459608617495476,0.1203359289059248,0.8862973760932945,0.6355140186915887,-0.5268670965263242,0.19955308102031605
w/o classifier,9,2025_november_01_07,november,0.3141654403737689,0.6817933599425801,0.23060126040529993,0.14868804664723032,0.25888324873096447,-0.5268670965263242,0.19955308102031605
full,9,2025_november_08_14,november,0.27743791905583787,0.744012199062702,0.06510628295599329,0.8658892128279884,0.41025641025641024,-0.5067267239220636,0.1925032470395191
w/o uncertainty,9,2025_november_08_14,november,0.26827533036223994,0.725467907432034,0.05662151895074256,0.8688046647230321,0.4827586206896552,-0.5067267239220636,0.1925032470395191
w/o redistribution,9,2025_november_08_14,november,0.2635630811953353,0.7195749892125864,0.10752530597667638,0.8658892128279884,0.41025641025641024,-0.5067267239220636,0.1925032470395191
w/o gate,9,2025_november_08_14,november,0.3319778401388837,0.6863893977418639,0.18420401572936443,0.1282798833819242,0.227390180878553,-0.5067267239220636,0.1925032470395191
w/o joint training,9,2025_november_08_14,november,0.2565553292077582,0.69008093548848,0.09859793272743161,0.8688046647230321,0.5054945054945055,-0.5342549980324194,0.20621813792967847
w/o classifier,9,2025_november_08_14,november,0.3366333574094639,0.7065482413350255,0.2175170508764533,0.1282798833819242,0.227390180878553,-0.5342549980324194,0.20621813792967847
full,9,2025_november_15_21,november,0.2507086832879131,0.8173556113533287,0.0708835649046815,0.9096209912536443,0.5753424657534247,-0.3841827130395414,0.1763749971368047
w/o uncertainty,9,2025_november_15_21,november,0.2505265486015804,0.8045588147067476,0.09156777434715177,0.9008746355685131,0.5750000000000001,-0.3841827130395414,0.1763749971368047
w/o redistribution,9,2025_november_15_21,november,0.2409296495335277,0.8220525682687075,0.08891074364431473,0.9096209912536443,0.5753424657534247,-0.3841827130395414,0.1763749971368047
w/o gate,9,2025_november_15_21,november,0.31567179258829137,0.8027952543721467,0.18892893825402932,0.09912536443148688,0.18037135278514588,-0.3841827130395414,0.1763749971368047
w/o joint training,9,2025_november_15_21,november,0.2648106114385729,0.8443791662328421,0.12279809451279569,0.880466472303207,0.49382716049382713,-0.4315524679093077,0.18966612234371003
w/o classifier,9,2025_november_15_21,november,0.3260239877157,0.8503074711430992,0.2504716130915713,0.09912536443148688,0.18037135278514588,-0.4315524679093077,0.18966612234371003
full,9,2025_november_22_28,november,0.37169335455542885,1.3181399381794066,0.08621592470831024,0.9212827988338192,0.6301369863013698,-0.4618279762995811,0.2771818795249158
w/o uncertainty,9,2025_november_22_28,november,0.36635874896010395,1.28321788716247,0.0838966163704107,0.924198250728863,0.6578947368421053,-0.4618279762995811,0.2771818795249158
w/o redistribution,9,2025_november_22_28,november,0.3572474432361516,1.2780287564151291,0.12065120341107859,0.9212827988338192,0.6301369863013698,-0.4618279762995811,0.2771818795249158
w/o gate,9,2025_november_22_28,november,0.41916973144418435,1.2222301588863762,0.19998939333776472,0.11078717201166181,0.19947506561679793,-0.4618279762995811,0.2771818795249158
w/o joint training,9,2025_november_22_28,november,0.3914392432311637,1.6759315316811552,0.18202852911970102,0.9212827988338192,0.6582278481012659,-0.595267869685232,0.30815011819757493
w/o classifier,9,2025_november_22_28,november,0.4453255510617471,1.5744833717955569,0.29171696599741226,0.11078717201166181,0.19947506561679793,-0.595267869685232,0.30815011819757493
full,10,2025_may_01_07,may,0.2343660129878508,0.8835008523542444,0.035967771786864285,0.9154518950437318,0.5797101449275361,-0.3684170839244534,0.1613778364691388
w/o uncertainty,10,2025_may_01_07,may,0.23411081986397056,0.8404283787977641,0.0537065081000799,0.9008746355685131,0.575,-0.3684170839244534,0.1613778364691388
w/o redistribution,10,2025_may_01_07,may,0.2035943217201166,0.777433104474811,0.07312753169096212,0.9154518950437318,0.5797101449275361,-0.3684170839244534,0.1613778364691388
w/o gate,10,2025_may_01_07,may,0.2863032447666263,0.7725690180021901,0.1725290492142327,0.10495626822157435,0.1899736147757256,-0.3684170839244534,0.1613778364691388
w/o joint training,10,2025_may_01_07,may,0.22000051027136358,0.8362003858472832,0.0747018137868313,0.8688046647230321,0.5544554455445544,-0.41121657864023936,0.16911430330466723
w/o classifier,10,2025_may_01_07,may,0.269705197134438,0.7985662154375671,0.15837224040033826,0.10495626822157435,0.1899736147757256,-0.41121657864023936,0.16911430330466723
full,10,2025_may_08_14,may,0.3369276752272491,1.096080836925917,0.17453996216148807,0.9154518950437318,0.7184466019417476,-0.5324781401932929,0.2713624202294568
w/o uncertainty,10,2025_may_08_14,may,0.33425445926128,1.0713950254729874,0.1653461420967143,0.9154518950437318,0.7289719626168225,-0.5324781401932929,0.2713624202294568
w/o redistribution,10,2025_may_08_14,may,0.3376694993877551,1.1089950641139839,0.2167958604956268,0.9154518950437318,0.7184466019417476,-0.5324781401932929,0.2713624202294568
w/o gate,10,2025_may_08_14,may,0.4138135040967074,1.0988430903097557,0.28549045893661823,0.1661807580174927,0.285,-0.5324781401932929,0.2713624202294568
w/o joint training,10,2025_may_08_14,may,0.37776001517612734,1.5058926052179533,0.2676146041637022,0.9096209912536443,0.7304347826086957,-0.6280904577285714,0.3274619844465272
w/o classifier,10,2025_may_08_14,may,0.4475341583452793,1.486240451601592,0.3425041091202081,0.1661807580174927,0.285,-0.6280904577285714,0.3274619844465272
full,10,2025_may_15_21,may,0.2413963498564564,0.7656862436182255,0.07256302524593,0.9125364431486881,0.5833333333333334,-0.3977751505953034,0.1714167154755678
w/o uncertainty,10,2025_may_15_21,may,0.249418102189541,0.7358545407723851,0.09866868744354283,0.8950437317784257,0.5609756097560975,-0.3977751505953034,0.1714167154755678
w/o redistribution,10,2025_may_15_21,may,0.23500782638483964,0.7322938684319847,0.10044396551020401,0.9125364431486881,0.5833333333333334,-0.3977751505953034,0.1714167154755678
w/o gate,10,2025_may_15_21,may,0.33913136953737877,0.7273138699897712,0.22273344882381158,0.09912536443148688,0.18037135278514588,-0.3977751505953034,0.1714167154755678
w/o joint training,10,2025_may_15_21,may,0.23743472594846224,0.7404773092139091,0.12766862129487058,0.8746355685131195,0.5656565656565656,-0.46702956484644803,0.1918069083731571
w/o classifier,10,2025_may_15_21,may,0.33380570636149876,0.7624006911398022,0.2360756366171551,0.09912536443148688,0.18037135278514588,-0.46702956484644803,0.1918069083731571
full,10,2025_may_22_28,may,0.30810572925364654,1.0070070024057038,0.09441326169462522,0.9067055393586005,0.6862745098039216,-0.4733717139549602,0.2196585809629937
w/o uncertainty,10,2025_may_22_28,may,0.31037339545121834,1.0078506242410012,0.0920955700753227,0.9008746355685131,0.6730769230769231,-0.4733717139549602,0.2196585809629937
w/o redistribution,10,2025_may_22_28,may,0.30462813244897957,0.9791796575678453,0.10604973623906697,0.9067055393586005,0.6862745098039216,-0.4733717139549602,0.2196585809629937
w/o gate,10,2025_may_22_28,may,0.3704333110500681,0.9734948723464371,0.18773042073788293,0.15451895043731778,0.2676767676767677,-0.4733717139549602,0.2196585809629937
w/o joint training,10,2025_may_22_28,may,0.4106357880727696,2.1576574068858676,0.22015246219507467,0.8892128279883382,0.6724137931034483,-0.5788141254932601,0.3185764374132506
w/o classifier,10,2025_may_22_28,may,0.47487598361241096,2.0287892181099982,0.30065779547741917,0.15451895043731778,0.2676767676767677,-0.5788141254932601,0.3185764374132506
full,10,2025_november_01_07,november,0.22382471029330572,0.6136678176993811,0.0911542791152659,0.9067055393586005,0.6799999999999999,-0.4674119621686429,0.1786574560196286
w/o uncertainty,10,2025_november_01_07,november,0.22939942687554785,0.6140903125971124,0.10268697547967578,0.8979591836734694,0.6728971962616823,-0.4674119621686429,0.1786574560196286
w/o redistribution,10,2025_november_01_07,november,0.22727217376093295,0.6350596408131922,0.1252007027405248,0.9067055393586005,0.6799999999999999,-0.4674119621686429,0.1786574560196286
w/o gate,10,2025_november_01_07,november,0.2998398700190475,0.6333060249830756,0.20899017495433356,0.14868804664723032,0.25888324873096447,-0.4674119621686429,0.1786574560196286
w/o joint training,10,2025_november_01_07,november,0.22683919158887486,0.6296868056853452,0.12291086466071542,0.8950437317784257,0.660377358490566,-0.5204938999942904,0.19617327061192288
w/o classifier,10,2025_november_01_07,november,0.30835592135672973,0.6722813612371176,0.22233492074501718,0.14868804664723032,0.25888324873096447,-0.5204938999942904,0.19617327061192288
full,10,2025_november_08_14,november,0.2777750758963736,0.7310536403232621,0.07243139938725698,0.8600583090379009,0.41463414634146345,-0.5030815486102904,0.1950413917297508
w/o uncertainty,10,2025_november_08_14,november,0.28157363191646895,0.7129833896425712,0.0784170878202611,0.8454810495626822,0.4301075268817204,-0.5030815486102904,0.1950413917297508
w/o redistribution,10,2025_november_08_14,november,0.2709051065889213,0.7199863505105577,0.10996035545189511,0.8600583090379009,0.41463414634146345,-0.5030815486102904,0.1950413917297508
w/o gate,10,2025_november_08_14,november,0.3394210204535662,0.6943637512041959,0.19315547145754713,0.1282798833819242,0.227390180878553,-0.5030815486102904,0.1950413917297508
w/o joint training,10,2025_november_08_14,november,0.24815416897867829,0.6849872469883377,0.1025374184384523,0.8746355685131195,0.48192771084337344,-0.5278556790975881,0.20102180515333148
w/o classifier,10,2025_november_08_14,november,0.3283470251947728,0.692307165327073,0.21820865157698405,0.1282798833819242,0.227390180878553,-0.5278556790975881,0.20102180515333148
full,10,2025_november_15_21,november,0.24438108701160893,0.8006167859943203,0.06433994110084817,0.9096209912536443,0.5633802816901409,-0.3851219983537716,0.1732178209861985
w/o uncertainty,10,2025_november_15_21,november,0.2435735660042809,0.795184872721697,0.0823230978327427,0.9067055393586005,0.5789473684210527,-0.3851219983537716,0.1732178209861985
w/o redistribution,10,2025_november_15_21,november,0.23788171976676387,0.8115449919010655,0.09519885644314856,0.9096209912536443,0.5633802816901409,-0.3851219983537716,0.1732178209861985
w/o gate,10,2025_november_15_21,november,0.3094028544950105,0.7880095138095432,0.19668584251353768,0.09912536443148688,0.18037135278514588,-0.3851219983537716,0.1732178209861985
w/o joint training,10,2025_november_15_21,november,0.26501672059495446,0.8428210187071538,0.14625004709091016,0.8775510204081632,0.5333333333333333,-0.4444909404365641,0.19691726484955613
w/o classifier,10,2025_november_15_21,november,0.33622380740310637,0.862927467913547,0.25610998697557175,0.09912536443148688,0.18037135278514588,-0.4444909404365641,0.19691726484955613
full,10,2025_november_22_28,november,0.399471128386759,1.3969468059123054,0.09344578046165279,0.9125364431486881,0.5714285714285714,-0.4712924054670587,0.285434069807448
w/o uncertainty,10,2025_november_22_28,november,0.3692564729760749,1.297072652032282,0.0903408360320744,0.9271137026239067,0.6666666666666667,-0.4712924054670587,0.285434069807448
w/o redistribution,10,2025_november_22_28,november,0.3712413858309038,1.31499336539516,0.13350311795918357,0.9125364431486881,0.5714285714285714,-0.4712924054670587,0.285434069807448
w/o gate,10,2025_november_22_28,november,0.4265626730029006,1.2442916860635367,0.2035797970652775,0.11078717201166181,0.19947506561679793,-0.4712924054670587,0.285434069807448
w/o joint training,10,2025_november_22_28,november,0.39175036451258016,1.6614341888015303,0.18342763610558419,0.9271137026239067,0.6753246753246753,-0.604131591502956,0.30976603126358937
w/o classifier,10,2025_november_22_28,november,0.4441085941682274,1.5378373957065703,0.2921072954648654,0.11078717201166181,0.19947506561679793,-0.604131591502956,0.30976603126358937
