trial,mean_mae,mean_rmse,worst_window_mae,std_window_mae,mean_poisson_ll
37,7.171802318560195,9.055537030762636,11.304694352466441,2.9951662302391977,-5.252256827282203
51,7.2605999487128425,8.933447187554325,11.16247766927108,2.9875758451630015,-5.1385266133231475
55,7.264804534412645,9.46451893359942,8.972399256181646,1.8365325396808168,-5.248908463134424
59,7.2946830871573125,9.504474580533474,8.773316226843614,1.645465051253547,-5.259155951808234
21,7.317950525142612,9.535634252640302,9.331009089348468,1.8379048132788027,-5.271995100988692
47,7.323679117813659,9.001825070919766,10.598019714321882,2.8325528492947902,-5.139257864278175
50,7.3393354689630685,9.361691575092228,11.345476668787834,2.8494568751342917,-5.4422505161111685
43,7.350527581560703,9.305713879679315,11.927120270507427,2.7009181227373578,-5.1924992656180695
19,7.355592934581455,9.227356509874602,11.728010416201142,2.995473203168275,-5.394189725351474
25,7.370209318121015,9.200056941945949,10.780328584673043,2.808854308287652,-5.275240097802064
27,7.394830159934205,9.683715174439904,11.992151329525582,2.837645791812489,-5.47111150786
22,7.395892554321097,9.048213204606048,11.846138386117817,3.213112142808524,-5.341656164669465
30,7.403898771315008,9.305361775030716,11.071878123864389,3.0353355742163157,-5.225182067177795
34,7.413693221406148,9.165116773981156,11.387022059643197,2.964183723619449,-5.255281141568586
42,7.425349327137564,9.292815868604535,11.891797334036236,3.1586220181530607,-5.375562981312621
17,7.461025568430153,9.036067086062097,11.82818905468135,3.1535766757744654,-5.257883125961185
9,7.462540371514651,9.272521137756588,11.855312420966584,3.147829186225355,-5.344667272353806
16,7.472103044711358,9.647542415976972,9.65825327992944,1.7131181655281285,-5.415590455269825
14,7.483964973127202,9.317783101707287,10.176221241938293,2.711194760237699,-5.1445551891965335
54,7.494994055525783,9.421274414355434,11.286331003001496,3.052734552799952,-5.251219741168706
2,7.498637510584458,9.511822412134402,11.772323501439603,2.922924533058988,-5.526730858065509
40,7.505075006768212,9.444360221057206,10.803839982880133,2.7597598737413582,-5.380850226376851
52,7.515170787956261,9.245753212440446,9.997298179005037,2.713764350497701,-5.113184516476658
29,7.528457231751381,9.718933103313933,10.717352278725487,2.085946238222591,-5.493852618317995
45,7.532785781170751,9.69754432543833,11.734908201754182,2.4567878958089313,-5.495008289527671
56,7.536951045566165,9.571917373408892,10.778028036988562,2.6132426947602796,-5.263152165751644
6,7.543823165779647,9.512194388961886,11.651236800536767,3.1844657424054827,-5.307747732498159
38,7.562646112612884,9.600276667625087,11.282793214568983,2.8933062816405846,-5.3104654222204495
26,7.5713908968660455,9.561270894197108,11.422376041599591,3.1073708379174856,-5.316525916782191
58,7.5746152044603425,9.493636403912838,10.740782019836601,2.6428385066315787,-5.491786064056276
57,7.576053940473958,9.936329779546687,10.3198607640624,2.6163056411588803,-5.575167198907039
24,7.577965195469272,9.827077744965724,9.831682478408762,1.8399085362694758,-5.5358444784193495
35,7.5856210112823685,9.958584680491516,11.267596462168537,2.530338432508694,-5.60719994114945
49,7.604345044196538,9.300507998996453,11.376415649676016,2.63081055108273,-5.332137184299312
8,7.631021442199401,9.209468936950131,11.788167932556536,2.970242873386616,-5.339543798552533
0,7.652020450326927,9.594829668234219,10.508013712329655,2.7769918775046105,-5.414488846274255
39,7.686137932024445,9.763454625901385,12.285015770878825,2.988149232581145,-5.600710965649438
20,7.6879627101393195,10.018211147959565,11.803935105432576,2.3812475812125715,-5.713213919039705
41,7.7007335693288015,9.732827734591675,10.931327989121032,2.916367257700385,-5.386217207074614
18,7.709310575081281,9.526926473291669,10.908235304367407,2.9180814500759427,-5.5655049166343495
44,7.746059460396037,9.671681205623509,12.121336979073055,2.6363188103455104,-5.5143080182162985
12,7.79437055307184,10.017272539406397,10.494370492090098,2.73840295208237,-5.623774046485621
53,7.79826285824176,9.94478547246885,10.567369040049254,1.760910850579161,-5.550172231548083
5,7.860195383134321,9.995787061024641,11.870165077663652,3.045217281497457,-5.592193523710276
32,7.9070564948671045,9.899684978107159,12.810210762081523,3.288400090488385,-5.691174033075972
1,7.9996482306799725,9.942618171444671,10.023070417905627,2.4260951913397633,-5.494704850318405
13,8.119725105019501,10.306174722233093,10.494571699232361,1.8432048016979885,-5.728333603436526
23,8.147491589845842,10.54511016767635,13.144649123162722,3.269188120108043,-6.013727136998598
48,8.254871777499394,10.317009446233943,11.509507619578013,1.8766047640819852,-5.791474667751846
11,8.325912217270483,10.407703415720722,10.611071300435773,1.7609068393452565,-5.803113218148013
28,8.347999332219015,10.174714917312423,11.547588085868094,2.622937442456245,-5.783963512266657
46,8.356948126762054,10.26468906169396,11.586208785461306,2.9064891891017886,-5.941639641502876
7,8.578505742822,10.415112874850045,11.66579785563484,2.362916711608372,-5.910968286507406
10,9.08163937360125,11.068309571785129,11.752342234720771,1.8300628303624484,-6.2887125508418915
31,9.150859976834626,11.132183468792526,12.089541447682462,1.9471868289125607,-6.317326057937087
3,9.741331897729825,11.469734332224151,13.160572980613816,2.690766096922278,-6.85423346374433
33,9.984500804813106,11.761032610250846,13.279969184114512,2.460141634466452,-7.047396750467358
36,10.229623955304357,12.02605856841129,13.090960631304768,2.0706262966369313,-7.191884423502782
4,10.294669729427975,12.134702490744056,13.469404131906696,2.1626595233676595,-7.294701301903734
15,10.341134281565475,12.168610997811014,13.458786690491495,2.119885317287741,-7.357186414135222
