hidden_dim,num_layers,lr,mean_ll_obs,mae_obs,rmse_obs,mean_ll_daily,mae_daily,rmse_daily,daily_delta_corr,daily_direction_accuracy_moving
64,2,0.01,-0.456036239862442,0.3352419137954712,0.9358574748039246,-5.297518730163574,8.830774307250977,10.673492431640625,0.6306863917548364,0.8
32,2,0.01,-0.47947341203689575,0.33978188037872314,0.9707748889923096,-5.570395469665527,9.491559982299805,11.344644546508789,0.5242291693347748,1.0
16,2,0.01,-0.4897749722003937,0.35083186626434326,0.9434924721717834,-5.723006248474121,8.872254371643066,11.325264930725098,0.3564469388329078,0.6
64,1,0.01,-0.514978289604187,0.34739306569099426,1.0220297574996948,-5.9099955558776855,9.24383544921875,12.076876640319824,0.33725836991499963,0.6
32,1,0.01,-0.528290867805481,0.3599499762058258,1.007619857788086,-6.13256311416626,8.807147026062012,11.87300968170166,0.2897886725829024,0.6
32,3,0.01,-0.5465912818908691,0.36838939785957336,1.0347564220428467,-5.946472644805908,8.064566612243652,11.54776668548584,0.3063020339948508,0.4
64,3,0.01,-0.5673983097076416,0.3496873080730438,1.0010780096054077,-6.306282997131348,8.708117485046387,10.881330490112305,0.6732695731694416,0.8
16,1,0.01,-0.5740644931793213,0.37912827730178833,1.0401246547698975,-6.468958377838135,9.030295372009277,12.245028495788574,0.1435588835282607,0.4
64,2,0.001,-0.5799697637557983,0.40026140213012695,1.044427752494812,-5.467433452606201,9.159738540649414,11.252291679382324,0.43005056092968763,0.6
16,3,0.01,-0.5880703330039978,0.3970828354358673,1.0744733810424805,-6.128981590270996,10.11676025390625,12.479552268981934,0.4217974408085193,0.8
32,2,0.001,-0.5893131494522095,0.4033210575580597,1.0457960367202759,-5.799247741699219,8.496149063110352,11.603499412536621,0.2384621946579876,0.4
16,2,0.001,-0.5985790491104126,0.4080316722393036,1.0547947883605957,-5.76939058303833,8.428675651550293,11.689664840698242,0.30240764884262716,0.6
64,3,0.001,-0.6120437979698181,0.43006235361099243,1.0746725797653198,-5.495913028717041,9.491998672485352,11.36798095703125,0.40599834817137653,0.6
32,3,0.001,-0.6133469939231873,0.41554325819015503,1.0630089044570923,-5.9367356300354,9.946829795837402,11.893866539001465,0.24269118960046032,0.4
64,1,0.001,-0.6135170459747314,0.4140072464942932,1.0832301378250122,-5.769667148590088,8.047956466674805,11.648246765136719,0.30508598166899537,0.6
16,3,0.001,-0.6221319437026978,0.41081854701042175,1.0786887407302856,-5.753590106964111,8.608076095581055,11.672538757324219,0.35561733278609803,0.6
16,1,0.001,-0.6231460571289062,0.4255104959011078,1.0840256214141846,-6.126574516296387,8.246628761291504,11.883890151977539,0.24866277459847688,0.6
32,1,0.001,-0.6252622008323669,0.42043474316596985,1.0862653255462646,-6.141525745391846,8.431804656982422,11.877601623535156,0.21850792968353003,0.4
