window,month,model,mae_obs,rmse_obs,wasserstein,accuracy,f1
2025_may_01_07,may,hurdle-nogate,0.28900364881470314,0.7876816797828556,0.16994615050719009,0.10495626822157435,0.1899736147757256
2025_may_01_07,may,hurdle-fixed,0.24286898247850527,0.8845688654279152,0.03645190829870719,0.9037900874635568,0.547945205479452
2025_may_01_07,may,hurdle-lower,0.234006221615077,0.860201898472353,0.053291717165295655,0.9037900874635568,0.5925925925925926
2025_may_01_07,may,hurdle-higher,0.23633454607535767,0.8812084863326255,0.044448265563983826,0.9125364431486881,0.5454545454545454
2025_may_01_07,may,Red-LGCP,0.2145562358870821,0.8197090443397107,0.0722336555052458,0.892128279883382,0.5747126436781609
2025_may_08_14,may,hurdle-nogate,0.41416554172299863,1.08705984289211,0.2706864581098727,0.1661807580174927,0.285
2025_may_08_14,may,hurdle-fixed,0.34124532226751236,1.0803234694958284,0.16184247440848273,0.9125364431486881,0.7222222222222222
2025_may_08_14,may,hurdle-lower,0.34712062896653745,1.0724143175456906,0.15610733167561783,0.8979591836734694,0.6956521739130435
2025_may_08_14,may,hurdle-higher,0.33267914011944316,1.0922590534370795,0.1692697662868865,0.9300291545189504,0.7551020408163265
2025_may_08_14,may,Red-LGCP,0.386428614461981,1.6202955886031103,0.2539187876200489,0.9096209912536444,0.7304347826086957
2025_may_15_21,may,hurdle-nogate,0.3526140810772578,0.7617052476321906,0.23510163885681012,0.09912536443148688,0.18037135278514588
2025_may_15_21,may,hurdle-fixed,0.27151956330212434,0.762742203936616,0.12067288817411165,0.8833819241982507,0.5454545454545455
2025_may_15_21,may,hurdle-lower,0.2710094500334042,0.743778888866416,0.132574390863827,0.8746355685131195,0.5473684210526315
2025_may_15_21,may,hurdle-higher,0.25498106072976795,0.7739800052330921,0.0952425818054516,0.9125364431486881,0.605263157894737
2025_may_15_21,may,Red-LGCP,0.2401367287606,0.8137962677562098,0.1116943443713575,0.8892128279883382,0.5777777777777777
2025_may_22_28,may,hurdle-nogate,0.3842109885307851,1.020219477016042,0.20196751528943507,0.15451895043731778,0.2676767676767677
2025_may_22_28,may,hurdle-fixed,0.3260527656414883,1.079619111904291,0.09219138842240948,0.8979591836734694,0.6601941747572816
2025_may_22_28,may,hurdle-lower,0.320279678115002,1.0664699773373534,0.08726403081967866,0.9008746355685131,0.6792452830188679
2025_may_22_28,may,hurdle-higher,0.32307510498187636,1.0732226929401258,0.09519487348378354,0.9008746355685131,0.6666666666666666
2025_may_22_28,may,Red-LGCP,0.3533211821525737,1.4953135674466338,0.1962273105240763,0.8950437317784257,0.6727272727272728
2025_november_01_07,november,hurdle-nogate,0.3050264962451978,0.6415421616072051,0.20651163855681667,0.14868804664723032,0.25888324873096447
2025_november_01_07,november,hurdle-fixed,0.22986944680130508,0.6198945983349541,0.10214499527248645,0.9037900874635568,0.6972477064220184
2025_november_01_07,november,hurdle-lower,0.23127741418766978,0.6199613930920429,0.10100475458432084,0.9008746355685131,0.6909090909090908
2025_november_01_07,november,hurdle-higher,0.2314325201613105,0.6246683634512031,0.10154341995671975,0.9008746355685131,0.6851851851851852
2025_november_01_07,november,Red-LGCP,0.2539725322407315,0.6576617590431236,0.1326345126818339,0.8892128279883382,0.6779661016949152
2025_november_08_14,november,hurdle-nogate,0.3449994860746105,0.6878983269124316,0.20250760989977082,0.1282798833819242,0.227390180878553
2025_november_08_14,november,hurdle-fixed,0.27968268168702565,0.7076123266245988,0.07511950850377329,0.8513119533527697,0.4516129032258064
2025_november_08_14,november,hurdle-lower,0.28530595851275836,0.7058712049899764,0.08652098550777744,0.8396501457725948,0.4444444444444445
2025_november_08_14,november,hurdle-higher,0.27612948263698067,0.7176920482691354,0.06754311433479596,0.8658892128279884,0.4523809523809524
2025_november_08_14,november,Red-LGCP,0.2603767149114041,0.7011819414572154,0.1013700620471782,0.8717201166180758,0.5416666666666667
2025_november_15_21,november,hurdle-nogate,0.33025856315580526,0.8599696074873816,0.21699067980150133,0.09912536443148688,0.18037135278514588
2025_november_15_21,november,hurdle-fixed,0.26360753844493867,0.8447283640376231,0.11895125014431758,0.8979591836734694,0.5679012345679013
2025_november_15_21,november,hurdle-lower,0.2660055346931202,0.8408066225973508,0.12343760254820708,0.892128279883382,0.5542168674698795
2025_november_15_21,november,hurdle-higher,0.26202655475466763,0.8433356296038443,0.11373399314664516,0.8979591836734694,0.5569620253164557
2025_november_15_21,november,Red-LGCP,0.2834359464222049,0.9445525477476374,0.1513428466280416,0.8688046647230321,0.4827586206896551
2025_november_22_28,november,hurdle-nogate,0.4250328064912797,1.2657573953521355,0.19617870529660814,0.11078717201166181,0.19947506561679793
2025_november_22_28,november,hurdle-fixed,0.3735798517828559,1.3232646001385742,0.09494111334460922,0.9183673469387755,0.6410256410256411
2025_november_22_28,november,hurdle-lower,0.3746875049668813,1.3280278033517599,0.09303766048089981,0.9183673469387755,0.6410256410256411
2025_november_22_28,november,hurdle-higher,0.36791183419852713,1.3237822593066264,0.08970589556421577,0.9271137026239067,0.6666666666666667
2025_november_22_28,november,Red-LGCP,0.3815333308596227,1.4586248793980745,0.1954705943691045,0.9183673469387756,0.6888888888888889
