date,longitude,latitude,ais_vessels_count,rate_mean
2025-05-15,13.166667,45.479168,0.0,0.006
2025-05-15,13.208333,45.479168,0.0,0.004
2025-05-15,13.166667,45.520832,0.0,0.01
2025-05-15,13.208333,45.520832,0.0,0.008
2025-05-15,13.25,45.520832,0.0,0.006
2025-05-15,13.166667,45.5625,0.0,0.028
2025-05-15,13.208333,45.5625,0.0,0.01
2025-05-15,13.25,45.5625,0.0,0.002
2025-05-15,13.291667,45.5625,0.0,0.0
2025-05-15,13.333333,45.5625,0.0,0.0
2025-05-15,13.166667,45.604168,4.0,0.318
2025-05-15,13.208333,45.604168,0.0,0.234
2025-05-15,13.25,45.604168,0.0,0.09
2025-05-15,13.291667,45.604168,0.0,0.018
2025-05-15,13.333333,45.604168,0.0,0.058
2025-05-15,13.375,45.604168,0.0,0.318
2025-05-15,13.416667,45.604168,0.0,0.442
2025-05-15,13.458333,45.604168,0.0,0.404
2025-05-15,13.5,45.604168,0.0,0.706
2025-05-15,13.708333,45.604168,0.0,0.002
2025-05-15,13.166667,45.645832,0.0,0.344
2025-05-15,13.208333,45.645832,5.0,1.04
2025-05-15,13.25,45.645832,2.0,1.202
2025-05-15,13.291667,45.645832,2.0,1.058
2025-05-15,13.333333,45.645832,0.0,0.638
2025-05-15,13.375,45.645832,0.0,0.088
2025-05-15,13.416667,45.645832,0.0,0.016
2025-05-15,13.458333,45.645832,0.0,0.124
2025-05-15,13.5,45.645832,0.0,0.592
2025-05-15,13.541667,45.645832,0.0,0.626
2025-05-15,13.583333,45.645832,0.0,0.814
2025-05-15,13.625,45.645832,0.0,0.404
2025-05-15,13.666667,45.645832,0.0,0.11
2025-05-15,13.708333,45.645832,0.0,0.064
2025-05-15,13.166667,45.6875,1.0,0.11
2025-05-15,13.208333,45.6875,0.0,0.03
2025-05-15,13.25,45.6875,1.0,0.08
2025-05-15,13.291667,45.6875,0.0,0.0
2025-05-15,13.458333,45.6875,0.0,0.0
2025-05-15,13.5,45.6875,0.0,0.0
2025-05-15,13.541667,45.6875,0.0,0.168
2025-05-15,13.583333,45.6875,0.0,0.172
2025-05-15,13.625,45.6875,0.0,0.182
2025-05-15,13.666667,45.6875,0.0,0.032
2025-05-15,13.708333,45.6875,0.0,0.012
2025-05-15,13.541667,45.729168,0.0,0.0
2025-05-15,13.583333,45.729168,0.0,0.044
2025-05-15,13.625,45.729168,0.0,0.02
2025-05-15,13.666667,45.729168,0.0,0.002
2025-05-16,13.166667,45.479168,0.0,0.005988024
2025-05-16,13.208333,45.479168,0.0,0.003992016
2025-05-16,13.166667,45.520832,0.0,0.00998004
2025-05-16,13.208333,45.520832,0.0,0.007984032
2025-05-16,13.25,45.520832,0.0,0.005988024
2025-05-16,13.166667,45.5625,0.0,0.027944112
2025-05-16,13.208333,45.5625,0.0,0.00998004
2025-05-16,13.25,45.5625,0.0,0.001996008
2025-05-16,13.291667,45.5625,0.0,0.0
2025-05-16,13.333333,45.5625,0.0,0.0
2025-05-16,13.166667,45.604168,0.0,0.3253493
2025-05-16,13.208333,45.604168,0.0,0.23353294
2025-05-16,13.25,45.604168,0.0,0.08982036
2025-05-16,13.291667,45.604168,0.0,0.017964073
2025-05-16,13.333333,45.604168,0.0,0.05788423
2025-05-16,13.375,45.604168,0.0,0.31736526
2025-05-16,13.416667,45.604168,0.0,0.44111776
2025-05-16,13.458333,45.604168,0.0,0.40319362
2025-05-16,13.5,45.604168,0.0,0.7045908
2025-05-16,13.708333,45.604168,0.0,0.001996008
2025-05-16,13.166667,45.645832,0.0,0.34331337
2025-05-16,13.208333,45.645832,0.0,1.0479041
2025-05-16,13.25,45.645832,0.0,1.2035928
2025-05-16,13.291667,45.645832,0.0,1.0598803
2025-05-16,13.333333,45.645832,0.0,0.63672656
2025-05-16,13.375,45.645832,0.0,0.08782435
2025-05-16,13.416667,45.645832,0.0,0.015968064
2025-05-16,13.458333,45.645832,0.0,0.1237525
2025-05-16,13.5,45.645832,0.0,0.59081835
2025-05-16,13.541667,45.645832,0.0,0.6247505
2025-05-16,13.583333,45.645832,0.0,0.81237525
2025-05-16,13.625,45.645832,0.0,0.40319362
2025-05-16,13.666667,45.645832,0.0,0.10978044
2025-05-16,13.708333,45.645832,0.0,0.063872255
2025-05-16,13.166667,45.6875,0.0,0.11177645
2025-05-16,13.208333,45.6875,0.0,0.029940119
2025-05-16,13.25,45.6875,0.0,0.08183633
2025-05-16,13.291667,45.6875,0.0,0.0
2025-05-16,13.458333,45.6875,0.0,0.0
2025-05-16,13.5,45.6875,0.0,0.0
2025-05-16,13.541667,45.6875,0.0,0.16766468
2025-05-16,13.583333,45.6875,0.0,0.17165668
2025-05-16,13.625,45.6875,0.0,0.18163672
2025-05-16,13.666667,45.6875,0.0,0.031936128
2025-05-16,13.708333,45.6875,0.0,0.011976048
2025-05-16,13.541667,45.729168,0.0,0.0
2025-05-16,13.583333,45.729168,0.0,0.043912176
2025-05-16,13.625,45.729168,0.0,0.01996008
2025-05-16,13.666667,45.729168,0.0,0.001996008
2025-05-17,13.166667,45.479168,0.0,0.005976096
2025-05-17,13.208333,45.479168,0.0,0.003984064
2025-05-17,13.166667,45.520832,0.0,0.00996016
2025-05-17,13.208333,45.520832,0.0,0.007968128
2025-05-17,13.25,45.520832,0.0,0.005976096
2025-05-17,13.166667,45.5625,0.0,0.027888447
2025-05-17,13.208333,45.5625,0.0,0.00996016
2025-05-17,13.25,45.5625,0.0,0.001992032
2025-05-17,13.291667,45.5625,0.0,0.0
2025-05-17,13.333333,45.5625,0.0,0.0
2025-05-17,13.166667,45.604168,0.0,0.3247012
2025-05-17,13.208333,45.604168,0.0,0.23306774
2025-05-17,13.25,45.604168,0.0,0.08964144
2025-05-17,13.291667,45.604168,0.0,0.017928287
2025-05-17,13.333333,45.604168,0.0,0.057768926
2025-05-17,13.375,45.604168,0.0,0.31673306
2025-05-17,13.416667,45.604168,0.0,0.44023904
2025-05-17,13.458333,45.604168,0.0,0.40239045
2025-05-17,13.5,45.604168,0.0,0.7031872
2025-05-17,13.708333,45.604168,0.0,0.001992032
2025-05-17,13.166667,45.645832,0.0,0.3426295
2025-05-17,13.208333,45.645832,0.0,1.0458168
2025-05-17,13.25,45.645832,0.0,1.2011952
2025-05-17,13.291667,45.645832,0.0,1.057769
2025-05-17,13.333333,45.645832,0.0,0.6354582
2025-05-17,13.375,45.645832,0.0,0.087649405
2025-05-17,13.416667,45.645832,0.0,0.015936255
2025-05-17,13.458333,45.645832,0.0,0.12350598
2025-05-17,13.5,45.645832,0.0,0.58964145
2025-05-17,13.541667,45.645832,0.0,0.62350595
2025-05-17,13.583333,45.645832,0.0,0.810757
2025-05-17,13.625,45.645832,0.0,0.40239045
2025-05-17,13.666667,45.645832,1.0,0.109561756
2025-05-17,13.708333,45.645832,0.0,0.06374502
2025-05-17,13.166667,45.6875,0.0,0.11155379
2025-05-17,13.208333,45.6875,0.0,0.029880479
2025-05-17,13.25,45.6875,0.0,0.08167331
2025-05-17,13.291667,45.6875,0.0,0.0
2025-05-17,13.458333,45.6875,0.0,0.0
2025-05-17,13.5,45.6875,0.0,0.0
2025-05-17,13.541667,45.6875,0.0,0.16733068
2025-05-17,13.583333,45.6875,1.0,0.17131475
2025-05-17,13.625,45.6875,0.0,0.1812749
2025-05-17,13.666667,45.6875,0.0,0.03187251
2025-05-17,13.708333,45.6875,0.0,0.011952192
2025-05-17,13.541667,45.729168,0.0,0.0
2025-05-17,13.583333,45.729168,1.0,0.043824703
2025-05-17,13.625,45.729168,0.0,0.01992032
2025-05-17,13.666667,45.729168,0.0,0.001992032
2025-05-18,13.166667,45.479168,0.0,0.005964215
2025-05-18,13.208333,45.479168,0.0,0.003976143
2025-05-18,13.166667,45.520832,0.0,0.009940358
2025-05-18,13.208333,45.520832,0.0,0.007952286
2025-05-18,13.25,45.520832,0.0,0.005964215
2025-05-18,13.166667,45.5625,0.0,0.027833002
2025-05-18,13.208333,45.5625,0.0,0.009940358
2025-05-18,13.25,45.5625,0.0,0.0019880715
2025-05-18,13.291667,45.5625,0.0,0.0
2025-05-18,13.333333,45.5625,0.0,0.0
2025-05-18,13.166667,45.604168,0.0,0.32405567
2025-05-18,13.208333,45.604168,0.0,0.23260437
2025-05-18,13.25,45.604168,0.0,0.08946322
2025-05-18,13.291667,45.604168,0.0,0.017892644
2025-05-18,13.333333,45.604168,0.0,0.057654075
2025-05-18,13.375,45.604168,0.0,0.31610337
2025-05-18,13.416667,45.604168,0.0,0.4393638
2025-05-18,13.458333,45.604168,0.0,0.40159047
2025-05-18,13.5,45.604168,0.0,0.70178926
2025-05-18,13.708333,45.604168,0.0,0.0019880715
2025-05-18,13.166667,45.645832,1.0,0.3419483
2025-05-18,13.208333,45.645832,0.0,1.0437375
2025-05-18,13.25,45.645832,0.0,1.1988071
2025-05-18,13.291667,45.645832,0.0,1.055666
2025-05-18,13.333333,45.645832,0.0,0.63419485
2025-05-18,13.375,45.645832,0.0,0.08747515
2025-05-18,13.416667,45.645832,0.0,0.015904572
2025-05-18,13.458333,45.645832,0.0,0.12326044
2025-05-18,13.5,45.645832,0.0,0.5884692
2025-05-18,13.541667,45.645832,0.0,0.6222664
2025-05-18,13.583333,45.645832,0.0,0.80914515
2025-05-18,13.625,45.645832,0.0,0.40159047
2025-05-18,13.666667,45.645832,0.0,0.11133201
2025-05-18,13.708333,45.645832,0.0,0.06361829
2025-05-18,13.166667,45.6875,0.0,0.11133201
2025-05-18,13.208333,45.6875,0.0,0.029821074
2025-05-18,13.25,45.6875,0.0,0.08151093
2025-05-18,13.291667,45.6875,0.0,0.0
2025-05-18,13.458333,45.6875,0.0,0.0
2025-05-18,13.5,45.6875,0.0,0.0
2025-05-18,13.541667,45.6875,0.0,0.16699801
2025-05-18,13.583333,45.6875,0.0,0.17296223
2025-05-18,13.625,45.6875,0.0,0.1809145
2025-05-18,13.666667,45.6875,2.0,0.031809144
2025-05-18,13.708333,45.6875,1.0,0.01192843
2025-05-18,13.541667,45.729168,0.0,0.0
2025-05-18,13.583333,45.729168,0.0,0.045725647
2025-05-18,13.625,45.729168,0.0,0.019880716
2025-05-18,13.666667,45.729168,0.0,0.0019880715
2025-05-19,13.166667,45.479168,0.0,0.005952381
2025-05-19,13.208333,45.479168,0.0,0.003968254
2025-05-19,13.166667,45.520832,0.0,0.009920635
2025-05-19,13.208333,45.520832,0.0,0.007936508
2025-05-19,13.25,45.520832,0.0,0.005952381
2025-05-19,13.166667,45.5625,0.0,0.027777778
2025-05-19,13.208333,45.5625,0.0,0.009920635
2025-05-19,13.25,45.5625,0.0,0.001984127
2025-05-19,13.291667,45.5625,0.0,0.0
2025-05-19,13.333333,45.5625,0.0,0.0
2025-05-19,13.166667,45.604168,5.0,0.3234127
2025-05-19,13.208333,45.604168,1.0,0.23214285
2025-05-19,13.25,45.604168,0.0,0.08928572
2025-05-19,13.291667,45.604168,0.0,0.017857144
2025-05-19,13.333333,45.604168,0.0,0.057539683
2025-05-19,13.375,45.604168,0.0,0.31547618
2025-05-19,13.416667,45.604168,0.0,0.43849206
2025-05-19,13.458333,45.604168,0.0,0.40079364
2025-05-19,13.5,45.604168,0.0,0.70039684
2025-05-19,13.708333,45.604168,0.0,0.001984127
2025-05-19,13.166667,45.645832,1.0,0.34325397
2025-05-19,13.208333,45.645832,4.0,1.0416666
2025-05-19,13.25,45.645832,4.0,1.1964285
2025-05-19,13.291667,45.645832,1.0,1.0535715
2025-05-19,13.333333,45.645832,2.0,0.63293654
2025-05-19,13.375,45.645832,0.0,0.08730159
2025-05-19,13.416667,45.645832,0.0,0.015873017
2025-05-19,13.458333,45.645832,0.0,0.12301587
2025-05-19,13.5,45.645832,0.0,0.5873016
2025-05-19,13.541667,45.645832,0.0,0.62103176
2025-05-19,13.583333,45.645832,0.0,0.8075397
2025-05-19,13.625,45.645832,0.0,0.40079364
2025-05-19,13.666667,45.645832,0.0,0.11111111
2025-05-19,13.708333,45.645832,0.0,0.06349207
2025-05-19,13.166667,45.6875,0.0,0.11111111
2025-05-19,13.208333,45.6875,0.0,0.029761905
2025-05-19,13.25,45.6875,0.0,0.08134921
2025-05-19,13.291667,45.6875,0.0,0.0
2025-05-19,13.458333,45.6875,0.0,0.0
2025-05-19,13.5,45.6875,0.0,0.0
2025-05-19,13.541667,45.6875,0.0,0.16666667
2025-05-19,13.583333,45.6875,0.0,0.17261904
2025-05-19,13.625,45.6875,0.0,0.18055555
2025-05-19,13.666667,45.6875,0.0,0.035714287
2025-05-19,13.708333,45.6875,0.0,0.013888889
2025-05-19,13.541667,45.729168,0.0,0.0
2025-05-19,13.583333,45.729168,0.0,0.04563492
2025-05-19,13.625,45.729168,0.0,0.01984127
2025-05-19,13.666667,45.729168,0.0,0.001984127
2025-05-20,13.166667,45.479168,0.0,0.0059405942
2025-05-20,13.208333,45.479168,0.0,0.003960396
2025-05-20,13.166667,45.520832,0.0,0.00990099
2025-05-20,13.208333,45.520832,0.0,0.007920792
2025-05-20,13.25,45.520832,0.0,0.0059405942
2025-05-20,13.166667,45.5625,0.0,0.027722772
2025-05-20,13.208333,45.5625,0.0,0.00990099
2025-05-20,13.25,45.5625,0.0,0.001980198
2025-05-20,13.291667,45.5625,0.0,0.0
2025-05-20,13.333333,45.5625,0.0,0.0
2025-05-20,13.166667,45.604168,6.0,0.33267328
2025-05-20,13.208333,45.604168,4.0,0.23366337
2025-05-20,13.25,45.604168,0.0,0.089108914
2025-05-20,13.291667,45.604168,0.0,0.017821781
2025-05-20,13.333333,45.604168,0.0,0.05742574
2025-05-20,13.375,45.604168,0.0,0.3148515
2025-05-20,13.416667,45.604168,0.0,0.43762377
2025-05-20,13.458333,45.604168,0.0,0.4
2025-05-20,13.5,45.604168,0.0,0.6990099
2025-05-20,13.708333,45.604168,0.0,0.001980198
2025-05-20,13.166667,45.645832,4.0,0.34455445
2025-05-20,13.208333,45.645832,11.0,1.0475248
2025-05-20,13.25,45.645832,4.0,1.2019802
2025-05-20,13.291667,45.645832,3.0,1.0534654
2025-05-20,13.333333,45.645832,1.0,0.63564354
2025-05-20,13.375,45.645832,0.0,0.087128714
2025-05-20,13.416667,45.645832,0.0,0.015841585
2025-05-20,13.458333,45.645832,0.0,0.12277228
2025-05-20,13.5,45.645832,0.0,0.5861386
2025-05-20,13.541667,45.645832,0.0,0.619802
2025-05-20,13.583333,45.645832,0.0,0.80594057
2025-05-20,13.625,45.645832,0.0,0.4
2025-05-20,13.666667,45.645832,0.0,0.11089109
2025-05-20,13.708333,45.645832,0.0,0.06336634
2025-05-20,13.166667,45.6875,0.0,0.11089109
2025-05-20,13.208333,45.6875,0.0,0.02970297
2025-05-20,13.25,45.6875,0.0,0.08118812
2025-05-20,13.291667,45.6875,0.0,0.0
2025-05-20,13.458333,45.6875,0.0,0.0
2025-05-20,13.5,45.6875,0.0,0.0
2025-05-20,13.541667,45.6875,0.0,0.16633664
2025-05-20,13.583333,45.6875,0.0,0.17227723
2025-05-20,13.625,45.6875,0.0,0.18019801
2025-05-20,13.666667,45.6875,0.0,0.035643563
2025-05-20,13.708333,45.6875,0.0,0.013861386
2025-05-20,13.541667,45.729168,0.0,0.0
2025-05-20,13.583333,45.729168,0.0,0.045544554
2025-05-20,13.625,45.729168,0.0,0.01980198
2025-05-20,13.666667,45.729168,0.0,0.001980198
2025-05-21,13.166667,45.479168,0.0,0.0059288535
2025-05-21,13.208333,45.479168,0.0,0.0039525693
2025-05-21,13.166667,45.520832,0.0,0.009881423
2025-05-21,13.208333,45.520832,0.0,0.007905139
2025-05-21,13.25,45.520832,0.0,0.0059288535
2025-05-21,13.166667,45.5625,0.0,0.027667984
2025-05-21,13.208333,45.5625,0.0,0.009881423
2025-05-21,13.25,45.5625,0.0,0.0019762847
2025-05-21,13.291667,45.5625,0.0,0.0
2025-05-21,13.333333,45.5625,0.0,0.0
2025-05-21,13.166667,45.604168,4.0,0.34387353
2025-05-21,13.208333,45.604168,4.0,0.24110672
2025-05-21,13.25,45.604168,0.0,0.088932805
2025-05-21,13.291667,45.604168,0.0,0.01778656
2025-05-21,13.333333,45.604168,0.0,0.057312254
2025-05-21,13.375,45.604168,0.0,0.31422925
2025-05-21,13.416667,45.604168,0.0,0.4367589
2025-05-21,13.458333,45.604168,0.0,0.3992095
2025-05-21,13.5,45.604168,0.0,0.69762844
2025-05-21,13.708333,45.604168,0.0,0.0019762847
2025-05-21,13.166667,45.645832,4.0,0.35177866
2025-05-21,13.208333,45.645832,15.0,1.0671936
2025-05-21,13.25,45.645832,5.0,1.2075099
2025-05-21,13.291667,45.645832,1.0,1.0573123
2025-05-21,13.333333,45.645832,0.0,0.6363636
2025-05-21,13.375,45.645832,0.0,0.08695652
2025-05-21,13.416667,45.645832,0.0,0.015810277
2025-05-21,13.458333,45.645832,0.0,0.12252964
2025-05-21,13.5,45.645832,0.0,0.58498025
2025-05-21,13.541667,45.645832,0.0,0.61857706
2025-05-21,13.583333,45.645832,0.0,0.8043478
2025-05-21,13.625,45.645832,0.0,0.3992095
2025-05-21,13.666667,45.645832,0.0,0.11067194
2025-05-21,13.708333,45.645832,0.0,0.06324111
2025-05-21,13.166667,45.6875,2.0,0.11067194
2025-05-21,13.208333,45.6875,1.0,0.02964427
2025-05-21,13.25,45.6875,0.0,0.08102767
2025-05-21,13.291667,45.6875,0.0,0.0
2025-05-21,13.458333,45.6875,0.0,0.0
2025-05-21,13.5,45.6875,0.0,0.0
2025-05-21,13.541667,45.6875,0.0,0.1660079
2025-05-21,13.583333,45.6875,0.0,0.17193677
2025-05-21,13.625,45.6875,0.0,0.17984189
2025-05-21,13.666667,45.6875,0.0,0.03557312
2025-05-21,13.708333,45.6875,0.0,0.013833992
2025-05-21,13.541667,45.729168,0.0,0.0
2025-05-21,13.583333,45.729168,0.0,0.045454547
2025-05-21,13.625,45.729168,0.0,0.019762846
2025-05-21,13.666667,45.729168,0.0,0.0019762847
