seed,name,month,rule,mae_obs,rmse_obs,wasserstein,accuracy,f1
1,2025_may_01_07,may,nogate,0.28900364881470314,0.7876816797828556,0.16994615050719009,0.10495626822157435,0.1899736147757256
1,2025_may_01_07,may,fixed,0.24286898247850527,0.8845688654279152,0.03645190829870719,0.9037900874635568,0.547945205479452
1,2025_may_01_07,may,lower,0.234006221615077,0.860201898472353,0.053291717165295655,0.9037900874635568,0.5925925925925926
1,2025_may_01_07,may,higher,0.23633454607535767,0.8812084863326255,0.044448265563983826,0.9125364431486881,0.5454545454545454
1,2025_may_08_14,may,nogate,0.41416554172299863,1.08705984289211,0.2706864581098727,0.1661807580174927,0.285
1,2025_may_08_14,may,fixed,0.34124532226751236,1.0803234694958284,0.16184247440848273,0.9125364431486881,0.7222222222222222
1,2025_may_08_14,may,lower,0.34712062896653745,1.0724143175456906,0.15610733167561783,0.8979591836734694,0.6956521739130435
1,2025_may_08_14,may,higher,0.33267914011944316,1.0922590534370795,0.1692697662868865,0.9300291545189504,0.7551020408163265
1,2025_may_15_21,may,nogate,0.3526140810772578,0.7617052476321906,0.23510163885681012,0.09912536443148688,0.18037135278514588
1,2025_may_15_21,may,fixed,0.27151956330212434,0.762742203936616,0.12067288817411165,0.8833819241982507,0.5454545454545455
1,2025_may_15_21,may,lower,0.2710094500334042,0.743778888866416,0.132574390863827,0.8746355685131195,0.5473684210526315
1,2025_may_15_21,may,higher,0.25498106072976795,0.7739800052330921,0.0952425818054516,0.9125364431486881,0.605263157894737
1,2025_may_22_28,may,nogate,0.3842109885307851,1.020219477016042,0.20196751528943507,0.15451895043731778,0.2676767676767677
1,2025_may_22_28,may,fixed,0.3260527656414883,1.079619111904291,0.09219138842240948,0.8979591836734694,0.6601941747572816
1,2025_may_22_28,may,lower,0.320279678115002,1.0664699773373534,0.08726403081967866,0.9008746355685131,0.6792452830188679
1,2025_may_22_28,may,higher,0.32307510498187636,1.0732226929401258,0.09519487348378354,0.9008746355685131,0.6666666666666666
1,2025_november_01_07,november,nogate,0.3050264962451978,0.6415421616072051,0.20651163855681667,0.14868804664723032,0.25888324873096447
1,2025_november_01_07,november,fixed,0.22986944680130508,0.6198945983349541,0.10214499527248645,0.9037900874635568,0.6972477064220184
1,2025_november_01_07,november,lower,0.23127741418766978,0.6199613930920429,0.10100475458432084,0.9008746355685131,0.6909090909090908
1,2025_november_01_07,november,higher,0.2314325201613105,0.6246683634512031,0.10154341995671975,0.9008746355685131,0.6851851851851852
1,2025_november_08_14,november,nogate,0.3449994860746105,0.6878983269124316,0.20250760989977082,0.1282798833819242,0.227390180878553
1,2025_november_08_14,november,fixed,0.27968268168702565,0.7076123266245988,0.07511950850377329,0.8513119533527697,0.4516129032258064
1,2025_november_08_14,november,lower,0.28530595851275836,0.7058712049899764,0.08652098550777744,0.8396501457725948,0.4444444444444445
1,2025_november_08_14,november,higher,0.27612948263698067,0.7176920482691354,0.06754311433479596,0.8658892128279884,0.4523809523809524
1,2025_november_15_21,november,nogate,0.33025856315580526,0.8599696074873816,0.21699067980150133,0.09912536443148688,0.18037135278514588
1,2025_november_15_21,november,fixed,0.26360753844493867,0.8447283640376231,0.11895125014431758,0.8979591836734694,0.5679012345679013
1,2025_november_15_21,november,lower,0.2660055346931202,0.8408066225973508,0.12343760254820708,0.892128279883382,0.5542168674698795
1,2025_november_15_21,november,higher,0.26202655475466763,0.8433356296038443,0.11373399314664516,0.8979591836734694,0.5569620253164557
1,2025_november_22_28,november,nogate,0.4250328064912797,1.2657573953521355,0.19617870529660814,0.11078717201166181,0.19947506561679793
1,2025_november_22_28,november,fixed,0.3735798517828559,1.3232646001385742,0.09494111334460922,0.9183673469387755,0.6410256410256411
1,2025_november_22_28,november,lower,0.3746875049668813,1.3280278033517599,0.09303766048089981,0.9183673469387755,0.6410256410256411
1,2025_november_22_28,november,higher,0.36791183419852713,1.3237822593066264,0.08970589556421577,0.9271137026239067,0.6666666666666667
2,2025_may_01_07,may,nogate,0.2865110671488762,0.7800761402206627,0.1751406020633142,0.10495626822157435,0.1899736147757256
2,2025_may_01_07,may,fixed,0.23972748749909895,0.8790075979134006,0.046579071540758264,0.9067055393586005,0.5428571428571428
2,2025_may_01_07,may,lower,0.22730535382336814,0.8376703755193221,0.06372291866836989,0.9154518950437318,0.6419753086419753
2,2025_may_01_07,may,higher,0.24713615968650415,0.9083337200656605,0.05729450838885469,0.9096209912536443,0.5079365079365079
2,2025_may_08_14,may,nogate,0.41282241570994466,1.0867928349177625,0.26096876051380485,0.1661807580174927,0.285
2,2025_may_08_14,may,fixed,0.34099265889388464,1.0814618077342284,0.14163185255983696,0.9096209912536443,0.7207207207207207
2,2025_may_08_14,may,lower,0.34573779779281016,1.0754481887363248,0.14317198800922815,0.8979591836734694,0.7008547008547009
2,2025_may_08_14,may,higher,0.336719185956321,1.0868924575996077,0.14909706934446876,0.9183673469387755,0.7307692307692306
2,2025_may_15_21,may,nogate,0.3657470746695131,0.8257430096725531,0.23162583914430465,0.09912536443148688,0.18037135278514588
2,2025_may_15_21,may,fixed,0.2754584739218989,0.8110945728075772,0.12121181645340948,0.892128279883382,0.5934065934065933
2,2025_may_15_21,may,lower,0.28076578730398194,0.8118658047741301,0.12621724952354252,0.8775510204081632,0.5625
2,2025_may_15_21,may,higher,0.2727328550914956,0.8408356196131097,0.10121872585349426,0.9067055393586005,0.6097560975609756
2,2025_may_22_28,may,nogate,0.38534646103060466,0.9673514057789229,0.20017468238281624,0.15451895043731778,0.2676767676767677
2,2025_may_22_28,may,fixed,0.3180570624606357,0.9985040072183528,0.07737210706104912,0.9008746355685131,0.6792452830188679
2,2025_may_22_28,may,lower,0.31910599011442453,0.9939013322310167,0.07963955771363303,0.8979591836734694,0.6788990825688073
2,2025_may_22_28,may,higher,0.3172598670630869,0.9951450131573648,0.08463551600713455,0.9008746355685131,0.6730769230769231
2,2025_november_01_07,november,nogate,0.3028336709894866,0.6418680631236912,0.20753369118188947,0.14868804664723032,0.25888324873096447
2,2025_november_01_07,november,fixed,0.2292949586816831,0.6231779372406165,0.10301369736528068,0.9037900874635568,0.6915887850467289
2,2025_november_01_07,november,lower,0.23071887123944365,0.6228204489162282,0.1022681745946272,0.9008746355685131,0.6851851851851852
2,2025_november_01_07,november,higher,0.23284767225898045,0.6311520187091811,0.09127342389347864,0.9008746355685131,0.6666666666666666
2,2025_november_08_14,november,nogate,0.33406495870253594,0.6851514767771657,0.20126084436629574,0.1282798833819242,0.227390180878553
2,2025_november_08_14,november,fixed,0.2741842548431765,0.7090151870425412,0.08378299783862309,0.8542274052478134,0.46808510638297873
2,2025_november_08_14,november,lower,0.2788650998421503,0.7095376990736226,0.08826787174262594,0.8454810495626822,0.4536082474226804
2,2025_november_08_14,november,higher,0.2692842016404362,0.7194932562869006,0.07555106943166691,0.8717201166180758,0.45
2,2025_november_15_21,november,nogate,0.3229771730301745,0.8705231239941821,0.20985806069704901,0.09912536443148688,0.18037135278514588
2,2025_november_15_21,november,fixed,0.25851927012994025,0.8588898849709163,0.11123738048121565,0.9008746355685131,0.5641025641025642
2,2025_november_15_21,november,lower,0.2610942887673721,0.858819108785339,0.11915713737173493,0.8979591836734694,0.5679012345679013
2,2025_november_15_21,november,higher,0.2587571509403506,0.8828958304013851,0.09555945042147687,0.9096209912536443,0.5753424657534247
2,2025_november_22_28,november,nogate,0.43286944571583813,1.3257465371023174,0.17705567628443888,0.11078717201166181,0.19947506561679793
2,2025_november_22_28,november,fixed,0.3863747774276634,1.3829145457860494,0.08464846988345023,0.9183673469387755,0.6410256410256411
2,2025_november_22_28,november,lower,0.38770821597028354,1.3877784853178738,0.08253500958033413,0.9183673469387755,0.6410256410256411
2,2025_november_22_28,november,higher,0.38780045449411227,1.3792793817002913,0.08034122356739871,0.9212827988338192,0.6301369863013698
3,2025_may_01_07,may,nogate,0.2793808588575576,0.7574588043369073,0.17367594319935334,0.10495626822157435,0.1899736147757256
3,2025_may_01_07,may,fixed,0.22611388397382498,0.8204849311038992,0.049654930519954586,0.9096209912536443,0.5633802816901409
3,2025_may_01_07,may,lower,0.22838780773695105,0.814210632139787,0.06682817274431571,0.9008746355685131,0.5853658536585366
3,2025_may_01_07,may,higher,0.2413295129463866,0.8758712760823933,0.0629960153895999,0.9067055393586005,0.5
3,2025_may_08_14,may,nogate,0.40948297076496437,1.0783329625587867,0.3008527671420198,0.1661807580174927,0.285
3,2025_may_08_14,may,fixed,0.32739699108493925,1.0285171891946714,0.18171814383848967,0.9183673469387755,0.7407407407407408
3,2025_may_08_14,may,lower,0.33873837131734646,1.0390210152041852,0.1866709238691125,0.8950437317784257,0.6949152542372881
3,2025_may_08_14,may,higher,0.3252852333066396,1.0328134659139283,0.18673546237772304,0.924198250728863,0.7547169811320754
3,2025_may_15_21,may,nogate,0.34027767354380783,0.7683465608423973,0.20575343534841797,0.09912536443148688,0.18037135278514588
3,2025_may_15_21,may,fixed,0.2609395850416851,0.7840036156671285,0.09257050011905331,0.9008746355685131,0.5750000000000001
3,2025_may_15_21,may,lower,0.2685123871206182,0.7710151642278527,0.1091605916178587,0.880466472303207,0.5393258426966292
3,2025_may_15_21,may,higher,0.2485905374329865,0.8048949726859065,0.07082172469859355,0.924198250728863,0.6285714285714287
3,2025_may_22_28,may,nogate,0.37982692966478343,1.0074540306898225,0.19145175168965844,0.15451895043731778,0.2676767676767677
3,2025_may_22_28,may,fixed,0.31493590769403074,1.0609433005130466,0.0831694923911164,0.9037900874635568,0.6857142857142857
3,2025_may_22_28,may,lower,0.31764621438540175,1.0659761157082026,0.0867792271533591,0.8979591836734694,0.6846846846846846
3,2025_may_22_28,may,higher,0.3162448167866183,1.0665435317193965,0.08895123374646416,0.9008746355685131,0.6666666666666666
3,2025_november_01_07,november,nogate,0.3041588997842502,0.6296880183369596,0.20808992048627656,0.14868804664723032,0.25888324873096447
3,2025_november_01_07,november,fixed,0.22834660211616944,0.6153417781797815,0.08821516270385918,0.9008746355685131,0.679245283018868
3,2025_november_01_07,november,lower,0.227548649205336,0.6094268449684093,0.09214630441451306,0.9008746355685131,0.6851851851851852
3,2025_november_01_07,november,higher,0.22797520739377958,0.6169460754072011,0.08390935965398046,0.9037900874635568,0.6666666666666667
3,2025_november_08_14,november,nogate,0.3335944664790231,0.6809087096217821,0.19089790923425384,0.1282798833819242,0.227390180878553
3,2025_november_08_14,november,fixed,0.27285904138444445,0.7109132421876503,0.06318884171913752,0.8600583090379009,0.4418604651162791
3,2025_november_08_14,november,lower,0.273659462311395,0.7021315706817096,0.07690251268877973,0.8513119533527697,0.4631578947368421
3,2025_november_08_14,november,higher,0.269781265192898,0.7121401300305663,0.06968256835101638,0.8688046647230321,0.44444444444444453
3,2025_november_15_21,november,nogate,0.32778560784372157,0.8424093281013295,0.20673786545043013,0.09912536443148688,0.18037135278514588
3,2025_november_15_21,november,fixed,0.2547295906366701,0.8408805624200664,0.10059467551375208,0.8950437317784257,0.5609756097560975
3,2025_november_15_21,november,lower,0.25684035493734786,0.843123354108479,0.10161580711371952,0.892128279883382,0.5542168674698795
3,2025_november_15_21,november,higher,0.2490734864042557,0.8334963923661216,0.08013746937237437,0.9008746355685131,0.5526315789473685
3,2025_november_22_28,november,nogate,0.41124335695198533,1.1996190857347362,0.22587638838471133,0.11078717201166181,0.19947506561679793
3,2025_november_22_28,november,fixed,0.35755577552643963,1.2434849325299016,0.11719994539939853,0.9271137026239067,0.6666666666666667
3,2025_november_22_28,november,lower,0.36246631499430926,1.2432038376284618,0.12040583311689876,0.9183673469387755,0.6410256410256411
3,2025_november_22_28,november,higher,0.3784129919857352,1.316488750327193,0.12049525006141606,0.9154518950437318,0.5915492957746479
4,2025_may_01_07,may,nogate,0.293794190041437,0.77947266695547,0.17866726820540002,0.10495626822157435,0.1899736147757256
4,2025_may_01_07,may,fixed,0.23561497143010285,0.8791721977778418,0.04470629001145607,0.9154518950437318,0.6133333333333332
4,2025_may_01_07,may,lower,0.23512343793383347,0.8542071112044993,0.0658754541027752,0.8950437317784257,0.5909090909090908
4,2025_may_01_07,may,higher,0.2431259129710812,0.9116279795616951,0.04362503321271521,0.9154518950437318,0.5797101449275361
4,2025_may_08_14,may,nogate,0.4104304761042604,1.081550711148598,0.2988382565211133,0.1661807580174927,0.285
4,2025_may_08_14,may,fixed,0.3347928046034326,1.0491008100537067,0.1753275410884784,0.9037900874635568,0.7079646017699114
4,2025_may_08_14,may,lower,0.3363686231589865,1.0444527515665472,0.17225593308888884,0.8979591836734694,0.6956521739130435
4,2025_may_08_14,may,higher,0.3260115187731105,1.0482452937399986,0.18049494961213414,0.9183673469387755,0.7307692307692306
4,2025_may_15_21,may,nogate,0.363512265770862,0.7914571862777778,0.2309748338102243,0.09912536443148688,0.18037135278514588
4,2025_may_15_21,may,fixed,0.27172897975237736,0.7807556583910826,0.11949830658570629,0.892128279883382,0.5934065934065933
4,2025_may_15_21,may,lower,0.2750998085804288,0.7838868753837183,0.12618998470424037,0.8862973760932945,0.5894736842105264
4,2025_may_15_21,may,higher,0.26807191265114705,0.8127094298919697,0.09418750038331974,0.9037900874635568,0.5925925925925926
4,2025_may_22_28,may,nogate,0.3752469340902161,0.9108447305454643,0.20023728524513845,0.15451895043731778,0.2676767676767677
4,2025_may_22_28,may,fixed,0.30985200527683276,0.9361118721738334,0.079565504679759,0.9008746355685131,0.6792452830188679
4,2025_may_22_28,may,lower,0.3117570679497712,0.9425796874124864,0.08479085260016128,0.9008746355685131,0.6909090909090909
4,2025_may_22_28,may,higher,0.3093578360526896,0.9373443413029151,0.08676529910811265,0.9037900874635568,0.6796116504854369
4,2025_november_01_07,november,nogate,0.3030847184421629,0.6302641529571111,0.21215375998719604,0.14868804664723032,0.25888324873096447
4,2025_november_01_07,november,fixed,0.2235896618159294,0.6049883071679258,0.0953506096199506,0.9037900874635568,0.6915887850467289
4,2025_november_01_07,november,lower,0.22361175556347568,0.6004976764913414,0.09706003972930632,0.9037900874635568,0.6972477064220184
4,2025_november_01_07,november,higher,0.22475228342005535,0.6136078187005687,0.08649661393974876,0.9037900874635568,0.6796116504854369
4,2025_november_08_14,november,nogate,0.3428186972498235,0.6855372710884404,0.19590337789720913,0.1282798833819242,0.227390180878553
4,2025_november_08_14,november,fixed,0.27525564915012246,0.7126443503972449,0.05791003104471339,0.8600583090379009,0.4666666666666666
4,2025_november_08_14,november,lower,0.2761564684536935,0.713254380931299,0.0649440222300669,0.8542274052478134,0.46808510638297873
4,2025_november_08_14,november,higher,0.2788129817389846,0.7185289784083791,0.05861013133338368,0.8571428571428571,0.42352941176470593
4,2025_november_15_21,november,nogate,0.331692363050284,0.8657035008798262,0.2196258418197093,0.09912536443148688,0.18037135278514588
4,2025_november_15_21,november,fixed,0.2634129661722941,0.8625668091758476,0.11118326315683605,0.8979591836734694,0.5569620253164557
4,2025_november_15_21,november,lower,0.25924257565763026,0.8484394665417337,0.11446620967903288,0.8979591836734694,0.5679012345679013
4,2025_november_15_21,november,higher,0.25803798670968436,0.8579013540118416,0.10000369608396692,0.9037900874635568,0.56
4,2025_november_22_28,november,nogate,0.40400281995682963,1.1981514375756233,0.20840187954807426,0.11078717201166181,0.19947506561679793
4,2025_november_22_28,november,fixed,0.3555230233368544,1.2683661754902853,0.10484190304480516,0.9212827988338192,0.64
4,2025_november_22_28,november,lower,0.356687979024909,1.2448841767281567,0.1080418930582796,0.9183673469387755,0.6410256410256411
4,2025_november_22_28,november,higher,0.37580684447331675,1.326963011786046,0.1085138321978086,0.9154518950437318,0.5797101449275363
5,2025_may_01_07,may,nogate,0.2909565869162572,0.7774406662516306,0.1718862100086597,0.10495626822157435,0.1899736147757256
5,2025_may_01_07,may,fixed,0.23251295272025627,0.8396471958782691,0.056745574277613044,0.9008746355685131,0.5853658536585366
5,2025_may_01_07,may,lower,0.23279944222017188,0.8324582935194922,0.06509405868873344,0.892128279883382,0.5842696629213483
5,2025_may_01_07,may,higher,0.23230006644678822,0.8844652144129456,0.044304860219723345,0.924198250728863,0.6176470588235293
5,2025_may_08_14,may,nogate,0.40418627398691565,1.0717848075405028,0.29743491844070663,0.1661807580174927,0.285
5,2025_may_08_14,may,fixed,0.33054407573855904,1.0247067807144727,0.18015388303120286,0.9067055393586005,0.7142857142857142
5,2025_may_08_14,may,lower,0.3358840031208631,1.0314595084328577,0.1856395244443947,0.8950437317784257,0.6949152542372881
5,2025_may_08_14,may,higher,0.32022285416668483,1.0125565856693242,0.18462135715047404,0.924198250728863,0.7547169811320754
5,2025_may_15_21,may,nogate,0.3523320603603268,0.7765435177187795,0.22341641383144187,0.09912536443148688,0.18037135278514588
5,2025_may_15_21,may,fixed,0.26755284078853986,0.7735051394041862,0.11832346554341376,0.8892128279883382,0.5777777777777777
5,2025_may_15_21,may,lower,0.26890542551439856,0.766590834667625,0.1224842299902611,0.880466472303207,0.5591397849462365
5,2025_may_15_21,may,higher,0.2513693984189081,0.7939915253847116,0.08771520530254198,0.9271137026239067,0.6666666666666666
5,2025_may_22_28,may,nogate,0.38787962306156504,1.040842708032107,0.19507112880735675,0.15451895043731778,0.2676767676767677
5,2025_may_22_28,may,fixed,0.33057550923034995,1.1112108082304868,0.08825121049854173,0.9008746355685131,0.6730769230769231
5,2025_may_22_28,may,lower,0.3344375526730475,1.0986999453602753,0.09016136962185979,0.8950437317784257,0.6727272727272728
5,2025_may_22_28,may,higher,0.3286560747977706,1.102703407296632,0.09463518074291027,0.9008746355685131,0.6666666666666666
5,2025_november_01_07,november,nogate,0.29360533294077207,0.6292456442466716,0.19750219925816526,0.14868804664723032,0.25888324873096447
5,2025_november_01_07,november,fixed,0.22936053975263676,0.6143467127402149,0.09771566560443487,0.9008746355685131,0.679245283018868
5,2025_november_01_07,november,lower,0.22880899967356053,0.6122402839382668,0.10055429480521098,0.9008746355685131,0.6851851851851852
5,2025_november_01_07,november,higher,0.22416547350487478,0.6095823861305654,0.09111668360612507,0.9067055393586005,0.6799999999999999
5,2025_november_08_14,november,nogate,0.3320528283050357,0.6776765873784579,0.1998583492675305,0.1282798833819242,0.227390180878553
5,2025_november_08_14,november,fixed,0.26676864767863434,0.7011476272634563,0.069603469013938,0.8629737609329446,0.45977011494252873
5,2025_november_08_14,november,lower,0.2709127204999619,0.6940121066048975,0.08975180019913694,0.8454810495626822,0.4536082474226804
5,2025_november_08_14,november,higher,0.2645875296117519,0.7159570361159696,0.07738275311943796,0.8717201166180758,0.45
5,2025_november_15_21,november,nogate,0.3070851954584288,0.7935202637152434,0.17808692697587916,0.09912536443148688,0.18037135278514588
5,2025_november_15_21,november,fixed,0.24768833405584062,0.8054164363143174,0.07910185392637406,0.9008746355685131,0.5641025641025642
5,2025_november_15_21,november,lower,0.2517179269074611,0.7967979249960171,0.08814749315791809,0.8892128279883382,0.5365853658536585
5,2025_november_15_21,november,higher,0.24228239721667394,0.804655196575664,0.0705801443866748,0.9096209912536443,0.5866666666666668
5,2025_november_22_28,november,nogate,0.4205222671171267,1.2489337351318046,0.1856741977153592,0.11078717201166181,0.19947506561679793
5,2025_november_22_28,november,fixed,0.3685584635775902,1.2982039962629517,0.08011020388734397,0.924198250728863,0.6578947368421053
5,2025_november_22_28,november,lower,0.3717459162786234,1.2993772337406666,0.08401015213975827,0.9183673469387755,0.6410256410256411
5,2025_november_22_28,november,higher,0.3723570396021127,1.2928334436337585,0.08290518061486986,0.9212827988338192,0.6301369863013698
6,2025_may_01_07,may,nogate,0.27723334876881284,0.769937324232451,0.16580731662322645,0.10495626822157435,0.1899736147757256
6,2025_may_01_07,may,fixed,0.2350415261352246,0.839206642885701,0.0501334798238442,0.8979591836734694,0.5070422535211268
6,2025_may_01_07,may,lower,0.23168724359514434,0.8257165649719125,0.05504816655067892,0.8979591836734694,0.5333333333333333
6,2025_may_01_07,may,higher,0.23567198660263713,0.8705400508659361,0.062109856391510426,0.9125364431486881,0.5161290322580646
6,2025_may_08_14,may,nogate,0.4101728078966259,1.1094683926108424,0.2864010924109585,0.1661807580174927,0.285
6,2025_may_08_14,may,fixed,0.34079133505232145,1.0851056594534334,0.17865218725453583,0.9154518950437318,0.7289719626168225
6,2025_may_08_14,may,lower,0.3438380948141058,1.0830480321773943,0.1740824433830143,0.9067055393586005,0.7142857142857142
6,2025_may_08_14,may,higher,0.33894997261899873,1.0820457577933689,0.18350361238420343,0.9183673469387755,0.7254901960784313
6,2025_may_15_21,may,nogate,0.3517933437556949,0.7738078283799442,0.22710789337739995,0.09912536443148688,0.18037135278514588
6,2025_may_15_21,may,fixed,0.2651947935669704,0.7636816597805421,0.12337639616782813,0.9037900874635568,0.6206896551724137
6,2025_may_15_21,may,lower,0.2717740419395143,0.7560771261570723,0.13274014629560993,0.880466472303207,0.5684210526315789
6,2025_may_15_21,may,higher,0.2591871963335634,0.7866460574357345,0.10087299873501157,0.9212827988338192,0.64
6,2025_may_22_28,may,nogate,0.35529838701695127,0.9031621358211278,0.1718887690584097,0.15451895043731778,0.2676767676767677
6,2025_may_22_28,may,fixed,0.3046684069699603,0.932563330936289,0.08603237903612257,0.9008746355685131,0.6730769230769231
6,2025_may_22_28,may,lower,0.30320846975049964,0.9265208428707822,0.08306175365840375,0.9008746355685131,0.6792452830188679
6,2025_may_22_28,may,higher,0.30629180229961744,0.937503662177356,0.09208113865321245,0.9037900874635568,0.6732673267326733
6,2025_november_01_07,november,nogate,0.3041760970269825,0.633955701940416,0.19642303541085726,0.14868804664723032,0.25888324873096447
6,2025_november_01_07,november,fixed,0.23721909397887367,0.624302023588003,0.08347658114829107,0.9008746355685131,0.679245283018868
6,2025_november_01_07,november,lower,0.23548647873375217,0.6177480304162999,0.08794736740520809,0.9037900874635568,0.6972477064220184
6,2025_november_01_07,november,higher,0.23494886227602216,0.6275925370814006,0.07830802544361223,0.9067055393586005,0.6799999999999999
6,2025_november_08_14,november,nogate,0.3347011081122677,0.6782697351776943,0.19554415841403777,0.1282798833819242,0.227390180878553
6,2025_november_08_14,november,fixed,0.272560416471711,0.7037757417667704,0.0742053406112271,0.8513119533527697,0.4631578947368421
6,2025_november_08_14,november,lower,0.27687573620211087,0.7071872370449401,0.07753822844163978,0.8425655976676385,0.44897959183673464
6,2025_november_08_14,november,higher,0.2755389511448319,0.7273796047041472,0.0650019685389551,0.8658892128279884,0.425
6,2025_november_15_21,november,nogate,0.3126027662170075,0.8257505424444248,0.19992875598913046,0.09912536443148688,0.18037135278514588
6,2025_november_15_21,november,fixed,0.24559359089746216,0.8166556119684469,0.10457159356732772,0.8979591836734694,0.5679012345679013
6,2025_november_15_21,november,lower,0.24591614731450565,0.8103704983915329,0.10533654309630527,0.8950437317784257,0.5609756097560975
6,2025_november_15_21,november,higher,0.24274649733701995,0.8303575781648278,0.08157588433091834,0.9067055393586005,0.5675675675675677
6,2025_november_22_28,november,nogate,0.40812200764339224,1.2012087183404734,0.21398053507576995,0.11078717201166181,0.19947506561679793
6,2025_november_22_28,november,fixed,0.3605750008163524,1.237387407092821,0.11272692785974216,0.9183673469387755,0.6216216216216216
6,2025_november_22_28,november,lower,0.3593846159057708,1.2393828704518335,0.11581014745711815,0.9183673469387755,0.6410256410256411
6,2025_november_22_28,november,higher,0.3791868467125388,1.3262666704703183,0.11565379219374498,0.9096209912536443,0.5633802816901409
7,2025_may_01_07,may,nogate,0.2979712981745591,0.8086455417439743,0.1620527786958877,0.10495626822157435,0.1899736147757256
7,2025_may_01_07,may,fixed,0.24175531545129872,0.877602388240779,0.048978027612817665,0.9067055393586005,0.6
7,2025_may_01_07,may,lower,0.24676427014776336,0.8833041686712682,0.05492846301051708,0.8950437317784257,0.5813953488372093
7,2025_may_01_07,may,higher,0.24235780737013443,0.8814019798403769,0.044835801984276204,0.9067055393586005,0.5897435897435898
7,2025_may_08_14,may,nogate,0.41980913812409576,1.07881808028279,0.27478390274869,0.1661807580174927,0.285
7,2025_may_08_14,may,fixed,0.3484987159294164,1.0637299205494117,0.15092675978001813,0.9008746355685131,0.7017543859649122
7,2025_may_08_14,may,lower,0.3498349836938954,1.057545470632461,0.151434756209588,0.8950437317784257,0.689655172413793
7,2025_may_08_14,may,higher,0.34069028139655744,1.0645076608866286,0.15523643910768997,0.9154518950437318,0.7289719626168225
7,2025_may_15_21,may,nogate,0.34608949231915176,0.7567491803451818,0.22143864634164415,0.09912536443148688,0.18037135278514588
7,2025_may_15_21,may,fixed,0.26281464642175084,0.7646301878178166,0.11729462381690257,0.8950437317784257,0.6
7,2025_may_15_21,may,lower,0.2651182937301431,0.7493889407178861,0.1228321166635696,0.8775510204081632,0.5625
7,2025_may_15_21,may,higher,0.25772312996261076,0.797876695444669,0.0892699155958986,0.9125364431486881,0.605263157894737
7,2025_may_22_28,may,nogate,0.3715626240074777,0.9519998147955422,0.19596801834995858,0.15451895043731778,0.2676767676767677
7,2025_may_22_28,may,fixed,0.3137322834339228,0.9908597603845741,0.09116413952873281,0.9008746355685131,0.6730769230769231
7,2025_may_22_28,may,lower,0.31159588534650134,0.9877368710974365,0.08975583336089361,0.8979591836734694,0.6728971962616822
7,2025_may_22_28,may,higher,0.30986712816548395,0.9950288328777364,0.09830444713445034,0.9037900874635568,0.6732673267326733
7,2025_november_01_07,november,nogate,0.3048503221206409,0.6450646486532601,0.21469428018777026,0.14868804664723032,0.25888324873096447
7,2025_november_01_07,november,fixed,0.22957915103265217,0.6184198560838877,0.10854528754086785,0.9008746355685131,0.6851851851851852
7,2025_november_01_07,november,lower,0.2303745516823894,0.6153419797644147,0.11278602841211102,0.8979591836734694,0.6846846846846847
7,2025_november_01_07,november,higher,0.22493635932243944,0.6131097836493191,0.09749555236219547,0.9096209912536443,0.6990291262135924
7,2025_november_08_14,november,nogate,0.33515271760787885,0.687913998758659,0.19668428343988015,0.1282798833819242,0.227390180878553
7,2025_november_08_14,november,fixed,0.2777963501019566,0.7119808274365315,0.076378050933369,0.8513119533527697,0.43956043956043955
7,2025_november_08_14,november,lower,0.2804030898393684,0.7056417519488768,0.09142804457960557,0.8396501457725948,0.4329896907216495
7,2025_november_08_14,november,higher,0.28214396923984264,0.7597903951576541,0.07373125343249334,0.8600583090379009,0.38461538461538464
7,2025_november_15_21,november,nogate,0.3169849177998282,0.8399584130423216,0.204515461405025,0.09912536443148688,0.18037135278514588
7,2025_november_15_21,november,fixed,0.254149451422151,0.8359456336671175,0.10880419474466312,0.9037900874635568,0.5822784810126582
7,2025_november_15_21,november,lower,0.2559206000200914,0.8267166584632076,0.1144204427009607,0.8950437317784257,0.5609756097560975
7,2025_november_15_21,november,higher,0.24857849543709526,0.8357367634635174,0.10075090647655233,0.9125364431486881,0.605263157894737
7,2025_november_22_28,november,nogate,0.4134566918954015,1.2666452462406723,0.18228359741391098,0.11078717201166181,0.19947506561679793
7,2025_november_22_28,november,fixed,0.36967130170521617,1.3137490553869084,0.08993788312866581,0.924198250728863,0.6486486486486486
7,2025_november_22_28,november,lower,0.3685456077534791,1.314376541313303,0.08813846238773151,0.924198250728863,0.6578947368421053
7,2025_november_22_28,november,higher,0.3855348733086637,1.3836827266124325,0.0925337463865412,0.9183673469387755,0.6
8,2025_may_01_07,may,nogate,0.2709697017758369,0.7668745925379753,0.15474075895948214,0.10495626822157435,0.1899736147757256
8,2025_may_01_07,may,fixed,0.23096400809945106,0.8624054795123542,0.042535499135181884,0.9154518950437318,0.5797101449275361
8,2025_may_01_07,may,lower,0.22774220121660793,0.8427743756103236,0.04525272418652793,0.9096209912536443,0.5974025974025975
8,2025_may_01_07,may,higher,0.22543231282525691,0.8730024125612293,0.05492321209535657,0.9183673469387755,0.5625000000000001
8,2025_may_08_14,may,nogate,0.4075781008110802,1.1106003340601367,0.2706175806654095,0.1661807580174927,0.285
8,2025_may_08_14,may,fixed,0.34576992543213153,1.1020221145568412,0.17570212747391742,0.9125364431486881,0.7272727272727273
8,2025_may_08_14,may,lower,0.348616762298305,1.093568286179477,0.17030428058472183,0.9037900874635568,0.7079646017699114
8,2025_may_08_14,may,higher,0.33937619267327407,1.096188848852171,0.17820302572476632,0.924198250728863,0.7547169811320754
8,2025_may_15_21,may,nogate,0.34020348192274624,0.749135562106637,0.21382429758475627,0.09912536443148688,0.18037135278514588
8,2025_may_15_21,may,fixed,0.2515756223937375,0.7463487907401627,0.10125668755039569,0.9037900874635568,0.6117647058823529
8,2025_may_15_21,may,lower,0.2575365399506,0.7369059020091208,0.11240410715239929,0.8833819241982507,0.5652173913043479
8,2025_may_15_21,may,higher,0.24726994886183273,0.7662519769443119,0.08163380149509812,0.9125364431486881,0.605263157894737
8,2025_may_22_28,may,nogate,0.3806574389258479,1.0063715729314193,0.19237776466499518,0.15451895043731778,0.2676767676767677
8,2025_may_22_28,may,fixed,0.3296679351315711,1.041596215748943,0.09686059339828029,0.8950437317784257,0.660377358490566
8,2025_may_22_28,may,lower,0.330731933042985,1.0367366281126642,0.0968902400719924,0.892128279883382,0.6542056074766356
8,2025_may_22_28,may,higher,0.32902721521312867,1.038474453632485,0.09750627145976812,0.8950437317784257,0.660377358490566
8,2025_november_01_07,november,nogate,0.3042448762495922,0.6381378656624058,0.21265428356849048,0.14868804664723032,0.25888324873096447
8,2025_november_01_07,november,fixed,0.2313329621275256,0.6183756498609876,0.09806421899006308,0.9037900874635568,0.6915887850467289
8,2025_november_01_07,november,lower,0.23326259019889337,0.6183201488079055,0.09845143372058639,0.9008746355685131,0.6851851851851852
8,2025_november_01_07,november,higher,0.23408953976894994,0.6263292116255567,0.09073771498337768,0.9008746355685131,0.6730769230769231
8,2025_november_08_14,november,nogate,0.3306551325659438,0.6831140579245539,0.1979676062765702,0.1282798833819242,0.227390180878553
8,2025_november_08_14,november,fixed,0.2654318237839577,0.7136314135065724,0.0711554701662149,0.8629737609329446,0.4470588235294118
8,2025_november_08_14,november,lower,0.26893012923683746,0.7002018265435807,0.07876719794048304,0.8513119533527697,0.4516129032258064
8,2025_november_08_14,november,higher,0.27271709467222804,0.7297402134422619,0.07602912434513545,0.8629737609329446,0.4050632911392405
8,2025_november_15_21,november,nogate,0.3151825943081158,0.8126918994698431,0.19599235298119824,0.09912536443148688,0.18037135278514588
8,2025_november_15_21,november,fixed,0.24802433869663595,0.8108654157635683,0.09277561986200292,0.9037900874635568,0.5822784810126582
8,2025_november_15_21,november,lower,0.25022132122033375,0.8052778781816922,0.09601731604919163,0.8979591836734694,0.5679012345679013
8,2025_november_15_21,november,higher,0.24727606214199346,0.8255784375938274,0.0687211451044728,0.9125364431486881,0.5833333333333334
8,2025_november_22_28,november,nogate,0.4240766860847472,1.2769103769492136,0.16947524817131407,0.11078717201166181,0.19947506561679793
8,2025_november_22_28,november,fixed,0.37698480921905586,1.333827205275579,0.07478504246215002,0.9183673469387755,0.6410256410256411
8,2025_november_22_28,november,lower,0.37880062967248823,1.3368850018891612,0.07562658372051106,0.9154518950437318,0.6329113924050632
8,2025_november_22_28,november,higher,0.37729979402325553,1.3667366996323487,0.06778338815754084,0.9212827988338192,0.64
9,2025_may_01_07,may,nogate,0.28568927278111245,0.7689057230357239,0.17847868988235108,0.10495626822157435,0.1899736147757256
9,2025_may_01_07,may,fixed,0.23728767743205453,0.8500034123896909,0.05128449957808952,0.9008746355685131,0.5641025641025642
9,2025_may_01_07,may,lower,0.2335654973255192,0.8356605879107009,0.06578107279512982,0.8979591836734694,0.588235294117647
9,2025_may_01_07,may,higher,0.23927229226343694,0.8576857607886642,0.040717780958355335,0.9037900874635568,0.547945205479452
9,2025_may_08_14,may,nogate,0.41563922655128066,1.1052726229223773,0.29806747951762214,0.1661807580174927,0.285
9,2025_may_08_14,may,fixed,0.3422505588331015,1.0807029086733115,0.17756199940461742,0.9008746355685131,0.7017543859649122
9,2025_may_08_14,may,lower,0.34243731361863977,1.072634837556537,0.17476148425797763,0.8979591836734694,0.6956521739130435
9,2025_may_08_14,may,higher,0.33037564890407073,1.0769944377146197,0.18614617242337422,0.9212827988338192,0.742857142857143
9,2025_may_15_21,may,nogate,0.3435944073064607,0.7452301993090265,0.21823508870991898,0.09912536443148688,0.18037135278514588
9,2025_may_15_21,may,fixed,0.25803308918947476,0.7490451805091781,0.1161994810885295,0.8950437317784257,0.6
9,2025_may_15_21,may,lower,0.26303794183933227,0.7443802829520073,0.12136290620610045,0.880466472303207,0.5684210526315789
9,2025_may_15_21,may,higher,0.2488281460599481,0.7725612595373889,0.09295011590593713,0.9125364431486881,0.625
9,2025_may_22_28,may,nogate,0.38731092891645086,0.9951041926502233,0.20304012646559305,0.15451895043731778,0.2676767676767677
9,2025_may_22_28,may,fixed,0.32099887110540276,1.0419920701167493,0.08703462264255388,0.9008746355685131,0.6730769230769231
9,2025_may_22_28,may,lower,0.3223321818450368,1.0337549329443256,0.08585936665805961,0.892128279883382,0.6605504587155964
9,2025_may_22_28,may,higher,0.3257303648192652,1.043097140040565,0.0917733884885209,0.8979591836734694,0.6601941747572816
9,2025_november_01_07,november,nogate,0.3032938498881697,0.6410776426422793,0.20594414217758317,0.14868804664723032,0.25888324873096447
9,2025_november_01_07,november,fixed,0.23125321134443313,0.6232319878502576,0.099276174455689,0.9008746355685131,0.6851851851851852
9,2025_november_01_07,november,lower,0.23095891741252872,0.6196337106749656,0.10100797950468639,0.9008746355685131,0.6909090909090908
9,2025_november_01_07,november,higher,0.22212994948777512,0.6172027276369659,0.08383792507051079,0.9125364431486881,0.7058823529411765
9,2025_november_08_14,november,nogate,0.3319778401388837,0.6863893977418639,0.18420401572936443,0.1282798833819242,0.227390180878553
9,2025_november_08_14,november,fixed,0.26827533036223994,0.725467907432034,0.05662151895074256,0.8688046647230321,0.4827586206896552
9,2025_november_08_14,november,lower,0.27364108746341287,0.7107282192392851,0.07029389067460937,0.8513119533527697,0.4631578947368421
9,2025_november_08_14,november,higher,0.27743791905583787,0.744012199062702,0.06510628295599329,0.8658892128279884,0.41025641025641024
9,2025_november_15_21,november,nogate,0.31567179258829137,0.8027952543721467,0.18892893825402932,0.09912536443148688,0.18037135278514588
9,2025_november_15_21,november,fixed,0.2505265486015804,0.8045588147067476,0.09156777434715177,0.9008746355685131,0.5750000000000001
9,2025_november_15_21,november,lower,0.2531830671062882,0.7953421685061367,0.09814120864464022,0.892128279883382,0.5542168674698795
9,2025_november_15_21,november,higher,0.2507086832879131,0.8173556113533287,0.0708835649046815,0.9096209912536443,0.5753424657534247
9,2025_november_22_28,november,nogate,0.41916973144418435,1.2222301588863762,0.19998939333776472,0.11078717201166181,0.19947506561679793
9,2025_november_22_28,november,fixed,0.36635874896010395,1.28321788716247,0.0838966163704107,0.924198250728863,0.6578947368421053
9,2025_november_22_28,november,lower,0.36674672613161385,1.269599722900476,0.09205049077945514,0.9183673469387755,0.6500000000000001
9,2025_november_22_28,november,higher,0.37169335455542885,1.3181399381794066,0.08621592470831024,0.9212827988338192,0.6301369863013698
10,2025_may_01_07,may,nogate,0.2863032447666263,0.7725690180021901,0.1725290492142327,0.10495626822157435,0.1899736147757256
10,2025_may_01_07,may,fixed,0.23411081986397056,0.8404283787977641,0.0537065081000799,0.9008746355685131,0.575
10,2025_may_01_07,may,lower,0.23436548010379926,0.8410408588495882,0.060644991859504394,0.8979591836734694,0.588235294117647
10,2025_may_01_07,may,higher,0.2343660129878508,0.8835008523542444,0.035967771786864285,0.9154518950437318,0.5797101449275361
10,2025_may_08_14,may,nogate,0.4138135040967074,1.0988430903097557,0.28549045893661823,0.1661807580174927,0.285
10,2025_may_08_14,may,fixed,0.33425445926128,1.0713950254729874,0.1653461420967143,0.9154518950437318,0.7289719626168225
10,2025_may_08_14,may,lower,0.34417641115007447,1.0739052823243342,0.15993892930240533,0.8950437317784257,0.6842105263157895
10,2025_may_08_14,may,higher,0.3369276752272491,1.096080836925917,0.17453996216148807,0.9154518950437318,0.7184466019417476
10,2025_may_15_21,may,nogate,0.33913136953737877,0.7273138699897712,0.22273344882381158,0.09912536443148688,0.18037135278514588
10,2025_may_15_21,may,fixed,0.249418102189541,0.7358545407723851,0.09866868744354283,0.8950437317784257,0.5609756097560975
10,2025_may_15_21,may,lower,0.25355598189674894,0.7124608995999253,0.11477536628684828,0.880466472303207,0.5494505494505495
10,2025_may_15_21,may,higher,0.2413963498564564,0.7656862436182255,0.07256302524593,0.9125364431486881,0.5833333333333334
10,2025_may_22_28,may,nogate,0.3704333110500681,0.9734948723464371,0.18773042073788293,0.15451895043731778,0.2676767676767677
10,2025_may_22_28,may,fixed,0.31037339545121834,1.0078506242410012,0.0920955700753227,0.9008746355685131,0.6730769230769231
10,2025_may_22_28,may,lower,0.3122121685747401,1.0102075987404384,0.08953453553113364,0.8979591836734694,0.6788990825688073
10,2025_may_22_28,may,higher,0.30810572925364654,1.0070070024057038,0.09441326169462522,0.9067055393586005,0.6862745098039216
10,2025_november_01_07,november,nogate,0.2998398700190475,0.6333060249830756,0.20899017495433356,0.14868804664723032,0.25888324873096447
10,2025_november_01_07,november,fixed,0.22939942687554785,0.6140903125971124,0.10268697547967578,0.8979591836734694,0.6728971962616823
10,2025_november_01_07,november,lower,0.22651932011722178,0.6078552337070232,0.10537499081329808,0.9037900874635568,0.6972477064220184
10,2025_november_01_07,november,higher,0.22382471029330572,0.6136678176993811,0.0911542791152659,0.9067055393586005,0.6799999999999999
10,2025_november_08_14,november,nogate,0.3394210204535662,0.6943637512041959,0.19315547145754713,0.1282798833819242,0.227390180878553
10,2025_november_08_14,november,fixed,0.28157363191646895,0.7129833896425712,0.0784170878202611,0.8454810495626822,0.4301075268817204
10,2025_november_08_14,november,lower,0.2819121548634506,0.7113341526575117,0.08933514517667754,0.8425655976676385,0.44897959183673464
10,2025_november_08_14,november,higher,0.2777750758963736,0.7310536403232621,0.07243139938725698,0.8600583090379009,0.41463414634146345
10,2025_november_15_21,november,nogate,0.3094028544950105,0.7880095138095432,0.19668584251353768,0.09912536443148688,0.18037135278514588
10,2025_november_15_21,november,fixed,0.2435735660042809,0.795184872721697,0.0823230978327427,0.9067055393586005,0.5789473684210527
10,2025_november_15_21,november,lower,0.24307524837349345,0.7871135494249499,0.09313482339250032,0.9008746355685131,0.5750000000000001
10,2025_november_15_21,november,higher,0.24438108701160893,0.8006167859943203,0.06433994110084817,0.9096209912536443,0.5633802816901409
10,2025_november_22_28,november,nogate,0.4265626730029006,1.2442916860635367,0.2035797970652775,0.11078717201166181,0.19947506561679793
10,2025_november_22_28,november,fixed,0.3692564729760749,1.297072652032282,0.0903408360320744,0.9271137026239067,0.6666666666666667
10,2025_november_22_28,november,lower,0.37629136157810444,1.3000400563714456,0.09680424197414239,0.9154518950437318,0.6329113924050632
10,2025_november_22_28,november,higher,0.399471128386759,1.3969468059123054,0.09344578046165279,0.9125364431486881,0.5714285714285714
