longitude,latitude
13.166666984558105,45.47916793823242
13.208333015441895,45.47916793823242
13.166666984558105,45.52083206176758
13.208333015441895,45.52083206176758
13.25,45.52083206176758
13.166666984558105,45.5625
13.208333015441895,45.5625
13.25,45.5625
13.291666984558105,45.5625
13.333333015441895,45.5625
13.166666984558105,45.60416793823242
13.208333015441895,45.60416793823242
13.25,45.60416793823242
13.291666984558105,45.60416793823242
13.333333015441895,45.60416793823242
13.375,45.60416793823242
13.416666984558105,45.60416793823242
13.458333015441895,45.60416793823242
13.5,45.60416793823242
13.708333015441895,45.60416793823242
13.166666984558105,45.64583206176758
13.208333015441895,45.64583206176758
13.25,45.64583206176758
13.291666984558105,45.64583206176758
13.333333015441895,45.64583206176758
13.375,45.64583206176758
13.416666984558105,45.64583206176758
13.458333015441895,45.64583206176758
13.5,45.64583206176758
13.541666984558105,45.64583206176758
13.583333015441895,45.64583206176758
13.625,45.64583206176758
13.666666984558105,45.64583206176758
13.708333015441895,45.64583206176758
13.166666984558105,45.6875
13.208333015441895,45.6875
13.25,45.6875
13.291666984558105,45.6875
13.458333015441895,45.6875
13.5,45.6875
13.541666984558105,45.6875
13.583333015441895,45.6875
13.625,45.6875
13.666666984558105,45.6875
13.708333015441895,45.6875
13.541666984558105,45.72916793823242
13.583333015441895,45.72916793823242
13.625,45.72916793823242
13.666666984558105,45.72916793823242
