transform,lag_days,distance_bin,distance_min_km,distance_max_km,distance_mid_km,semivariance_mean,semivariance_median,q25_semivariance,q75_semivariance,n_pairs
y,1,0,0.0,4.006581279503483,2.0032906397517416,0.47624477385024705,0.0,0.0,0.0,2631
y,1,1,4.006581279503483,8.013162559006966,6.009871919255225,0.9426743275006529,0.0,0.0,0.0,7658
y,1,2,8.013162559006966,12.01974383851045,10.016453198758708,0.9715883998233475,0.0,0.0,0.0,6793
y,1,3,12.01974383851045,16.026325118013933,14.023034478262192,0.7241984732824428,0.0,0.0,0.0,6550
y,1,4,16.026325118013933,20.032906397517415,18.029615757765676,0.9657082958969752,0.0,0.0,0.0,6678
y,1,5,20.032906397517415,24.0394876770209,22.036197037269158,0.9391824526420738,0.0,0.0,0.0,4012
y,1,6,24.0394876770209,28.046068956524383,26.04277831677264,1.0799237611181702,0.0,0.0,0.0,3935
y,1,7,28.046068956524383,32.052650236027866,30.049359596276126,0.8664626288659794,0.0,0.0,0.0,3104
y,1,8,32.052650236027866,36.05923151553135,34.05594087577961,0.8197220867869333,0.0,0.0,0.0,4102
y,1,9,36.05923151553135,40.06581279503483,38.06252215528309,0.4437919463087248,0.0,0.0,0.0,2384
y,1,10,40.06581279503483,44.072394074538316,42.06910343478657,0.241636798088411,0.0,0.0,0.0,1674
y,1,11,44.072394074538316,48.078975354041795,46.075684714290055,0.033402922755741124,0.0,0.0,0.0,479
y,3,0,0.0,4.006581279503483,2.0032906397517416,0.8207013574660633,0.0,0.0,0.0,2652
y,3,1,4.006581279503483,8.013162559006966,6.009871919255225,1.0104753175330627,0.0,0.0,0.0,7637
y,3,2,8.013162559006966,12.01974383851045,10.016453198758708,1.0762295081967213,0.0,0.0,0.0,6710
y,3,3,12.01974383851045,16.026325118013933,14.023034478262192,0.8171699875466999,0.0,0.0,0.0,6424
y,3,4,16.026325118013933,20.032906397517415,18.029615757765676,0.9271290605794557,0.0,0.0,0.0,6834
y,3,5,20.032906397517415,24.0394876770209,22.036197037269158,0.8678133269184508,0.0,0.0,0.0,4157
y,3,6,24.0394876770209,28.046068956524383,26.04277831677264,0.9698132514709644,0.0,0.0,0.0,3909
y,3,7,28.046068956524383,32.052650236027866,30.049359596276126,0.8673175416133163,0.0,0.0,0.0,3124
y,3,8,32.052650236027866,36.05923151553135,34.05594087577961,0.8583499005964215,0.0,0.0,0.0,4024
y,3,9,36.05923151553135,40.06581279503483,38.06252215528309,0.4083473154362416,0.0,0.0,0.0,2384
y,3,10,40.06581279503483,44.072394074538316,42.06910343478657,0.20006146281499693,0.0,0.0,0.0,1627
y,3,11,44.072394074538316,48.078975354041795,46.075684714290055,0.033783783783783786,0.0,0.0,0.0,518
y,7,0,0.0,4.006581279503483,2.0032906397517416,0.6009897360703812,0.0,0.0,0.0,2728
y,7,1,4.006581279503483,8.013162559006966,6.009871919255225,0.9793619791666667,0.0,0.0,0.0,7680
y,7,2,8.013162559006966,12.01974383851045,10.016453198758708,1.0364243323442137,0.0,0.0,0.0,6740
y,7,3,12.01974383851045,16.026325118013933,14.023034478262192,0.8434877214796395,0.0,0.0,0.0,6434
y,7,4,16.026325118013933,20.032906397517415,18.029615757765676,0.9312994181709682,0.0,0.0,0.0,6703
y,7,5,20.032906397517415,24.0394876770209,22.036197037269158,0.8381182147165259,0.0,0.0,0.0,4145
y,7,6,24.0394876770209,28.046068956524383,26.04277831677264,1.1209454362584863,0.0,0.0,0.0,3977
y,7,7,28.046068956524383,32.052650236027866,30.049359596276126,0.8589540412044374,0.0,0.0,0.0,3155
y,7,8,32.052650236027866,36.05923151553135,34.05594087577961,0.8,0.0,0.0,0.0,4050
y,7,9,36.05923151553135,40.06581279503483,38.06252215528309,0.26971214017521905,0.0,0.0,0.0,2397
y,7,10,40.06581279503483,44.072394074538316,42.06910343478657,0.13624338624338625,0.0,0.0,0.0,1512
y,7,11,44.072394074538316,48.078975354041795,46.075684714290055,0.011482254697286013,0.0,0.0,0.0,479
y,10,0,0.0,4.006581279503483,2.0032906397517416,0.6846125863950527,0.0,0.0,0.0,2749
y,10,1,4.006581279503483,8.013162559006966,6.009871919255225,0.9822360881191902,0.0,0.0,0.0,7853
y,10,2,8.013162559006966,12.01974383851045,10.016453198758708,0.9786612758310872,0.0,0.0,0.0,6678
y,10,3,12.01974383851045,16.026325118013933,14.023034478262192,0.8719184576485461,0.0,0.0,0.0,6328
y,10,4,16.026325118013933,20.032906397517415,18.029615757765676,1.0190440060698027,0.0,0.0,0.0,6590
y,10,5,20.032906397517415,24.0394876770209,22.036197037269158,0.9132469402447804,0.0,0.0,0.0,4167
y,10,6,24.0394876770209,28.046068956524383,26.04277831677264,1.0316200554295791,0.0,0.0,0.0,3969
y,10,7,28.046068956524383,32.052650236027866,30.049359596276126,0.8321405335068315,0.0,0.0,0.0,3074
y,10,8,32.052650236027866,36.05923151553135,34.05594087577961,0.7676389927698828,0.0,0.0,0.0,4011
y,10,9,36.05923151553135,40.06581279503483,38.06252215528309,0.33672654690618764,0.0,0.0,0.0,2505
y,10,10,40.06581279503483,44.072394074538316,42.06910343478657,0.22776365946632782,0.0,0.0,0.0,1574
y,10,11,44.072394074538316,48.078975354041795,46.075684714290055,0.0249003984063745,0.0,0.0,0.0,502
y,14,0,0.0,4.006581279503483,2.0032906397517416,0.5532192035727577,0.0,0.0,0.0,2687
y,14,1,4.006581279503483,8.013162559006966,6.009871919255225,1.0245280595864903,0.0,0.0,0.0,7787
y,14,2,8.013162559006966,12.01974383851045,10.016453198758708,1.0126232446967434,0.0,0.0,0.0,6694
y,14,3,12.01974383851045,16.026325118013933,14.023034478262192,0.8394039735099338,0.0,0.0,0.0,6342
y,14,4,16.026325118013933,20.032906397517415,18.029615757765676,0.812962962962963,0.0,0.0,0.0,6750
y,14,5,20.032906397517415,24.0394876770209,22.036197037269158,0.8837935174069628,0.0,0.0,0.0,4165
y,14,6,24.0394876770209,28.046068956524383,26.04277831677264,0.9918891939106563,0.0,0.0,0.0,4007
y,14,7,28.046068956524383,32.052650236027866,30.049359596276126,0.7846598202824133,0.0,0.0,0.0,3116
y,14,8,32.052650236027866,36.05923151553135,34.05594087577961,0.8467317806160781,0.0,0.0,0.0,3993
y,14,9,36.05923151553135,40.06581279503483,38.06252215528309,0.4278481012658228,0.0,0.0,0.0,2370
y,14,10,40.06581279503483,44.072394074538316,42.06910343478657,0.15173501577287066,0.0,0.0,0.0,1585
y,14,11,44.072394074538316,48.078975354041795,46.075684714290055,0.018849206349206348,0.0,0.0,0.0,504
y,21,0,0.0,4.006581279503483,2.0032906397517416,0.6128663875142748,0.0,0.0,0.0,2627
y,21,1,4.006581279503483,8.013162559006966,6.009871919255225,1.040862002813659,0.0,0.0,0.0,7819
y,21,2,8.013162559006966,12.01974383851045,10.016453198758708,0.9334964412811388,0.0,0.0,0.0,6744
y,21,3,12.01974383851045,16.026325118013933,14.023034478262192,0.8229265216020183,0.0,0.0,0.0,6342
y,21,4,16.026325118013933,20.032906397517415,18.029615757765676,0.8678449933441799,0.0,0.0,0.0,6761
y,21,5,20.032906397517415,24.0394876770209,22.036197037269158,0.8677242366412213,0.0,0.0,0.0,4192
y,21,6,24.0394876770209,28.046068956524383,26.04277831677264,1.0290578597030209,0.0,0.0,0.0,3906
y,21,7,28.046068956524383,32.052650236027866,30.049359596276126,0.9434418304866259,0.0,0.0,0.0,3103
y,21,8,32.052650236027866,36.05923151553135,34.05594087577961,0.8318441300570861,0.0,0.0,0.0,4029
y,21,9,36.05923151553135,40.06581279503483,38.06252215528309,0.42484725050916494,0.0,0.0,0.0,2455
y,21,10,40.06581279503483,44.072394074538316,42.06910343478657,0.22407170294494239,0.0,0.0,0.0,1562
y,21,11,44.072394074538316,48.078975354041795,46.075684714290055,0.04021739130434782,0.0,0.0,0.0,460
y,30,0,0.0,4.006581279503483,2.0032906397517416,0.7932412790697675,0.0,0.0,0.0,2752
y,30,1,4.006581279503483,8.013162559006966,6.009871919255225,1.086067180760685,0.0,0.0,0.0,7651
y,30,2,8.013162559006966,12.01974383851045,10.016453198758708,1.095230998509687,0.0,0.0,0.0,6710
y,30,3,12.01974383851045,16.026325118013933,14.023034478262192,0.9293624426514792,0.0,0.0,0.0,6321
y,30,4,16.026325118013933,20.032906397517415,18.029615757765676,1.1331312832643405,0.0,0.0,0.0,6764
y,30,5,20.032906397517415,24.0394876770209,22.036197037269158,0.7799241526428063,0.0,0.0,0.0,4219
y,30,6,24.0394876770209,28.046068956524383,26.04277831677264,1.0361069465267367,0.0,0.0,0.0,4002
y,30,7,28.046068956524383,32.052650236027866,30.049359596276126,0.816025641025641,0.0,0.0,0.0,3120
y,30,8,32.052650236027866,36.05923151553135,34.05594087577961,0.7452759820984585,0.0,0.0,0.0,4022
y,30,9,36.05923151553135,40.06581279503483,38.06252215528309,0.41829929137140476,0.0,0.0,0.0,2399
y,30,10,40.06581279503483,44.072394074538316,42.06910343478657,0.16913183279742766,0.0,0.0,0.0,1555
y,30,11,44.072394074538316,48.078975354041795,46.075684714290055,0.029896907216494847,0.0,0.0,0.0,485
log1p_y,1,0,0.0,4.006581279503483,2.0032906397517416,0.06509593493328601,0.0,0.0,0.0,2672
log1p_y,1,1,4.006581279503483,8.013162559006966,6.009871919255225,0.12985433841092597,0.0,0.0,0.0,7670
log1p_y,1,2,8.013162559006966,12.01974383851045,10.016453198758708,0.12602783337446025,0.0,0.0,0.0,6684
log1p_y,1,3,12.01974383851045,16.026325118013933,14.023034478262192,0.1207161112314343,0.0,0.0,0.0,6345
log1p_y,1,4,16.026325118013933,20.032906397517415,18.029615757765676,0.13913489124736902,0.0,0.0,0.0,6826
log1p_y,1,5,20.032906397517415,24.0394876770209,22.036197037269158,0.1252528446367962,0.0,0.0,0.0,4316
log1p_y,1,6,24.0394876770209,28.046068956524383,26.04277831677264,0.14574090970883896,0.0,0.0,0.0,3985
log1p_y,1,7,28.046068956524383,32.052650236027866,30.049359596276126,0.11938945090289288,0.0,0.0,0.0,3084
log1p_y,1,8,32.052650236027866,36.05923151553135,34.05594087577961,0.10430857880998377,0.0,0.0,0.0,3929
log1p_y,1,9,36.05923151553135,40.06581279503483,38.06252215528309,0.06363569255905104,0.0,0.0,0.0,2457
log1p_y,1,10,40.06581279503483,44.072394074538316,42.06910343478657,0.03986095159283286,0.0,0.0,0.0,1517
log1p_y,1,11,44.072394074538316,48.078975354041795,46.075684714290055,0.016587537984642277,0.0,0.0,0.0,515
log1p_y,3,0,0.0,4.006581279503483,2.0032906397517416,0.10379406758891778,0.0,0.0,0.0,2790
log1p_y,3,1,4.006581279503483,8.013162559006966,6.009871919255225,0.14200107262701114,0.0,0.0,0.0,7784
log1p_y,3,2,8.013162559006966,12.01974383851045,10.016453198758708,0.13096433939285027,0.0,0.0,0.0,6760
log1p_y,3,3,12.01974383851045,16.026325118013933,14.023034478262192,0.12691189862508134,0.0,0.0,0.0,6464
log1p_y,3,4,16.026325118013933,20.032906397517415,18.029615757765676,0.1323560076630098,0.0,0.0,0.0,6622
log1p_y,3,5,20.032906397517415,24.0394876770209,22.036197037269158,0.12435042624482642,0.0,0.0,0.0,4083
log1p_y,3,6,24.0394876770209,28.046068956524383,26.04277831677264,0.1452219644040376,0.0,0.0,0.0,4025
log1p_y,3,7,28.046068956524383,32.052650236027866,30.049359596276126,0.13165502024040396,0.0,0.0,0.0,2984
log1p_y,3,8,32.052650236027866,36.05923151553135,34.05594087577961,0.12027270451923444,0.0,0.0,0.0,4038
log1p_y,3,9,36.05923151553135,40.06581279503483,38.06252215528309,0.065924619139475,0.0,0.0,0.0,2380
log1p_y,3,10,40.06581279503483,44.072394074538316,42.06910343478657,0.031704969708605334,0.0,0.0,0.0,1573
log1p_y,3,11,44.072394074538316,48.078975354041795,46.075684714290055,0.007992881295474406,0.0,0.0,0.0,497
log1p_y,7,0,0.0,4.006581279503483,2.0032906397517416,0.07369532824405313,0.0,0.0,0.0,2619
log1p_y,7,1,4.006581279503483,8.013162559006966,6.009871919255225,0.1291814135407833,0.0,0.0,0.0,7718
log1p_y,7,2,8.013162559006966,12.01974383851045,10.016453198758708,0.13301767511449503,0.0,0.0,0.0,6679
log1p_y,7,3,12.01974383851045,16.026325118013933,14.023034478262192,0.11049134698987022,0.0,0.0,0.0,6357
log1p_y,7,4,16.026325118013933,20.032906397517415,18.029615757765676,0.13849321360227035,0.0,0.0,0.0,6744
log1p_y,7,5,20.032906397517415,24.0394876770209,22.036197037269158,0.12779684013693443,0.0,0.0,0.0,4177
log1p_y,7,6,24.0394876770209,28.046068956524383,26.04277831677264,0.137772975009921,0.0,0.0,0.0,3992
log1p_y,7,7,28.046068956524383,32.052650236027866,30.049359596276126,0.12513247094542979,0.0,0.0,0.0,3125
log1p_y,7,8,32.052650236027866,36.05923151553135,34.05594087577961,0.10759859316693696,0.0,0.0,0.0,4093
log1p_y,7,9,36.05923151553135,40.06581279503483,38.06252215528309,0.06503768637148287,0.0,0.0,0.0,2407
log1p_y,7,10,40.06581279503483,44.072394074538316,42.06910343478657,0.03314084251219501,0.0,0.0,0.0,1577
log1p_y,7,11,44.072394074538316,48.078975354041795,46.075684714290055,0.016913646684690982,0.0,0.0,0.0,512
log1p_y,10,0,0.0,4.006581279503483,2.0032906397517416,0.12293387266891705,0.0,0.0,0.0,2752
log1p_y,10,1,4.006581279503483,8.013162559006966,6.009871919255225,0.1373025262294956,0.0,0.0,0.0,7628
log1p_y,10,2,8.013162559006966,12.01974383851045,10.016453198758708,0.14419569434796498,0.0,0.0,0.0,6669
log1p_y,10,3,12.01974383851045,16.026325118013933,14.023034478262192,0.12339132302818,0.0,0.0,0.0,6544
log1p_y,10,4,16.026325118013933,20.032906397517415,18.029615757765676,0.1408079256480555,0.0,0.0,0.0,6701
log1p_y,10,5,20.032906397517415,24.0394876770209,22.036197037269158,0.13159064598088252,0.0,0.0,0.0,4114
log1p_y,10,6,24.0394876770209,28.046068956524383,26.04277831677264,0.13922798182682677,0.0,0.0,0.0,3965
log1p_y,10,7,28.046068956524383,32.052650236027866,30.049359596276126,0.12041255302871968,0.0,0.0,0.0,3145
log1p_y,10,8,32.052650236027866,36.05923151553135,34.05594087577961,0.12086764661278596,0.0,0.0,0.0,3948
log1p_y,10,9,36.05923151553135,40.06581279503483,38.06252215528309,0.07762194598862152,0.0,0.0,0.0,2462
log1p_y,10,10,40.06581279503483,44.072394074538316,42.06910343478657,0.03771205433773376,0.0,0.0,0.0,1572
log1p_y,10,11,44.072394074538316,48.078975354041795,46.075684714290055,0.015901480867437274,0.0,0.0,0.0,500
log1p_y,14,0,0.0,4.006581279503483,2.0032906397517416,0.09609705993302292,0.0,0.0,0.0,2700
log1p_y,14,1,4.006581279503483,8.013162559006966,6.009871919255225,0.13305174814282641,0.0,0.0,0.0,7645
log1p_y,14,2,8.013162559006966,12.01974383851045,10.016453198758708,0.147484152782829,0.0,0.0,0.0,6642
log1p_y,14,3,12.01974383851045,16.026325118013933,14.023034478262192,0.11907600879546258,0.0,0.0,0.0,6455
log1p_y,14,4,16.026325118013933,20.032906397517415,18.029615757765676,0.13659211484630274,0.0,0.0,0.0,6877
log1p_y,14,5,20.032906397517415,24.0394876770209,22.036197037269158,0.11935513729062228,0.0,0.0,0.0,4193
log1p_y,14,6,24.0394876770209,28.046068956524383,26.04277831677264,0.13779135493553765,0.0,0.0,0.0,3917
log1p_y,14,7,28.046068956524383,32.052650236027866,30.049359596276126,0.11918912377603164,0.0,0.0,0.0,3159
log1p_y,14,8,32.052650236027866,36.05923151553135,34.05594087577961,0.11353081547160071,0.0,0.0,0.0,3900
log1p_y,14,9,36.05923151553135,40.06581279503483,38.06252215528309,0.06329407145691716,0.0,0.0,0.0,2415
log1p_y,14,10,40.06581279503483,44.072394074538316,42.06910343478657,0.04713713517713307,0.0,0.0,0.0,1594
log1p_y,14,11,44.072394074538316,48.078975354041795,46.075684714290055,0.012696540607308038,0.0,0.0,0.0,503
log1p_y,21,0,0.0,4.006581279503483,2.0032906397517416,0.0922295102482262,0.0,0.0,0.0,2657
log1p_y,21,1,4.006581279503483,8.013162559006966,6.009871919255225,0.13073059148027397,0.0,0.0,0.0,7760
log1p_y,21,2,8.013162559006966,12.01974383851045,10.016453198758708,0.13844975854585118,0.0,0.0,0.0,6638
log1p_y,21,3,12.01974383851045,16.026325118013933,14.023034478262192,0.11004262870188944,0.0,0.0,0.0,6440
log1p_y,21,4,16.026325118013933,20.032906397517415,18.029615757765676,0.13832418403063151,0.0,0.0,0.0,6847
log1p_y,21,5,20.032906397517415,24.0394876770209,22.036197037269158,0.13619332116122454,0.0,0.0,0.0,4056
log1p_y,21,6,24.0394876770209,28.046068956524383,26.04277831677264,0.1371458292428095,0.0,0.0,0.0,3918
log1p_y,21,7,28.046068956524383,32.052650236027866,30.049359596276126,0.1342176854599155,0.0,0.0,0.0,3166
log1p_y,21,8,32.052650236027866,36.05923151553135,34.05594087577961,0.1138906039933466,0.0,0.0,0.0,4014
log1p_y,21,9,36.05923151553135,40.06581279503483,38.06252215528309,0.0748085973149657,0.0,0.0,0.0,2431
log1p_y,21,10,40.06581279503483,44.072394074538316,42.06910343478657,0.040776777984288616,0.0,0.0,0.0,1561
log1p_y,21,11,44.072394074538316,48.078975354041795,46.075684714290055,0.01832122387390446,0.0,0.0,0.0,512
log1p_y,30,0,0.0,4.006581279503483,2.0032906397517416,0.12007119004875774,0.0,0.0,0.0,2594
log1p_y,30,1,4.006581279503483,8.013162559006966,6.009871919255225,0.15516172850055654,0.0,0.0,0.0,7829
log1p_y,30,2,8.013162559006966,12.01974383851045,10.016453198758708,0.1465946796887464,0.0,0.0,0.0,6644
log1p_y,30,3,12.01974383851045,16.026325118013933,14.023034478262192,0.12662888399034372,0.0,0.0,0.0,6425
log1p_y,30,4,16.026325118013933,20.032906397517415,18.029615757765676,0.13861714771200145,0.0,0.0,0.0,6819
log1p_y,30,5,20.032906397517415,24.0394876770209,22.036197037269158,0.11964185713346719,0.0,0.0,0.0,4115
log1p_y,30,6,24.0394876770209,28.046068956524383,26.04277831677264,0.14384826424658892,0.0,0.0,0.0,3948
log1p_y,30,7,28.046068956524383,32.052650236027866,30.049359596276126,0.1215731242963053,0.0,0.0,0.0,3086
log1p_y,30,8,32.052650236027866,36.05923151553135,34.05594087577961,0.11900585830191458,0.0,0.0,0.0,3991
log1p_y,30,9,36.05923151553135,40.06581279503483,38.06252215528309,0.07266982263854982,0.0,0.0,0.0,2471
log1p_y,30,10,40.06581279503483,44.072394074538316,42.06910343478657,0.03957395071785297,0.0,0.0,0.0,1609
log1p_y,30,11,44.072394074538316,48.078975354041795,46.075684714290055,0.009494488310808062,0.0,0.0,0.0,469
