month,metric,mean,std,n
may,accuracy,0.13119533527696792,0.029516700774513974,40
may,daily_delta_corr,0.5619601812100516,0.291946351668624,40
may,daily_direction_accuracy_moving,0.6749999999999999,0.0950146187582615,40
may,f1,0.23075543380940977,0.04611770332558308,40
may,mae_daily,8.363819241523743,1.266345124637452,40
may,mae_obs,0.33865406885743143,0.05433562675260637,40
may,mean_ll_daily,-5.871769142150879,0.8625266263054179,40
may,mean_ll_obs,-0.5060852147638798,0.07037295410011686,40
may,precision,0.13119533527696792,0.029516700774513974,40
may,recall,1.0,0.0,40
may,rmse_daily,10.550938856601714,1.1741488610821333,40
may,rmse_obs,0.9400049716234207,0.1463477175185221,40
may,wasserstein,0.21901138408355536,0.0681794577902985,40
november,accuracy,0.1217201166180758,0.01871063797812454,40
november,daily_delta_corr,0.46001782543309383,0.40169394277595977,40
november,daily_direction_accuracy_moving,0.6075,0.22815534425279438,40
november,f1,0.2165299620028653,0.029622878666664312,40
november,mae_daily,6.178163003921509,2.651883081040069,40
november,mae_obs,0.30917351953685285,0.042939572803948486,40
november,mean_ll_daily,-4.376599958539009,1.6447304415086952,40
november,mean_ll_obs,-0.5119003787636757,0.05670773033278727,40
november,precision,0.1217201166180758,0.01871063797812454,40
november,recall,1.0,0.0,40
november,rmse_daily,8.498466867208482,3.484561071216835,40
november,rmse_obs,0.8150706067681313,0.16945617972935093,40
november,wasserstein,0.17648252904181774,0.04557285828577072,40
