date,x,y,observed,p_active_mean,p_active_std,cond_mean,lambda_mean,expected_count,pred_fixed,pred_lower,pred_higher,tau_fixed,tau_lower,tau_higher
2025-11-22,-1.290851,-2.43128,0,0.00014407634,0.00023331275,1.410744,0.7220767,0.00020325484,0.0,0.0,0.0,0.3,0.2997667,0.30023333
2025-11-22,-1.0583107,-2.43128,0,9.45979e-05,0.00023476858,1.404488,0.71491224,0.0001328616,0.0,0.0,0.0,0.3,0.29976523,0.3002348
2025-11-22,-1.290851,-1.7620314,0,0.0013637815,0.0031774924,1.5495772,0.95041025,0.0021132848,0.0,0.0,0.0,0.3,0.29682252,0.3031775
2025-11-22,-1.0583107,-1.7620314,0,0.0006152509,0.00085892656,1.5201107,0.9029184,0.0009352495,0.0,0.0,0.0,0.3,0.29914108,0.30085894
2025-11-22,-0.82576525,-1.7620314,0,0.0005428714,0.000852983,1.5126696,0.8855546,0.00082118507,0.0,0.0,0.0,0.3,0.29914704,0.30085298
2025-11-22,-1.290851,-1.0927217,0,0.009253997,0.014599394,1.2836154,0.51677966,0.011878573,0.0,0.0,0.0,0.3,0.28540063,0.3145994
2025-11-22,-1.0583107,-1.0927217,0,0.006195945,0.009162355,1.3086485,0.55882895,0.008108314,0.0,0.0,0.0,0.3,0.29083765,0.30916238
2025-11-22,-0.82576525,-1.0927217,0,0.0037369682,0.003255403,1.3967465,0.70307523,0.0052195974,0.0,0.0,0.0,0.3,0.2967446,0.3032554
2025-11-22,-0.5932197,-1.0927217,0,0.0022240386,0.0020599414,1.4299446,0.75704646,0.0031802522,0.0,0.0,0.0,0.3,0.29794008,0.30205995
2025-11-22,-0.3606795,-1.0927217,0,0.0024985964,0.0044511626,1.4544399,0.7997875,0.0036340584,0.0,0.0,0.0,0.3,0.29554886,0.30445117
2025-11-22,-1.290851,-0.42341205,0,0.04730063,0.038342945,1.5484421,0.94849163,0.073242284,0.0,0.0,0.0,0.3,0.26165706,0.33834296
2025-11-22,-1.0583107,-0.42341205,0,0.030359479,0.015694968,1.4807305,0.8436327,0.044954207,0.0,0.0,0.0,0.3,0.28430504,0.315695
2025-11-22,-0.82576525,-0.42341205,0,0.026772467,0.019400464,1.301361,0.5508682,0.034840643,0.0,0.0,0.0,0.3,0.28059953,0.3194005
2025-11-22,-0.5932197,-0.42341205,0,0.020927684,0.011678029,1.2289393,0.42640054,0.025718853,0.0,0.0,0.0,0.3,0.28832197,0.31167805
2025-11-22,-0.3606795,-0.42341205,0,0.015790047,0.009750496,1.2636995,0.4863236,0.019953875,0.0,0.0,0.0,0.3,0.29024953,0.3097505
2025-11-22,-0.12813397,-0.42341205,0,0.017048834,0.00760442,1.4307146,0.76366913,0.024392016,0.0,0.0,0.0,0.3,0.2923956,0.30760443
2025-11-22,0.104411565,-0.42341205,0,0.017095847,0.008692619,1.6847544,1.1514728,0.028802304,0.0,0.0,0.0,0.3,0.2913074,0.30869263
2025-11-22,0.33695176,-0.42341205,0,0.017481666,0.008780788,1.7114854,1.1908368,0.029919617,0.0,0.0,0.0,0.3,0.29121923,0.3087808
2025-11-22,0.5694973,-0.42341205,0,0.01670475,0.00800811,1.8002836,1.316674,0.030073285,0.0,0.0,0.0,0.3,0.2919919,0.30800813
2025-11-22,1.7322143,-0.42341205,0,0.012666211,0.0066484483,1.5424504,0.92889076,0.019537004,0.0,0.0,0.0,0.3,0.29335156,0.30664846
2025-11-22,-1.290851,0.24583635,0,0.08675439,0.0429235,1.5083065,0.88599557,0.13085221,0.0,0.0,0.0,0.3,0.2570765,0.34292352
2025-11-22,-1.0583107,0.24583635,0,0.09751359,0.043695685,2.133441,1.7683469,0.20803948,0.0,0.0,0.0,0.3,0.25630432,0.3436957
2025-11-22,-0.82576525,0.24583635,0,0.070181474,0.033218067,2.4148197,2.1250045,0.1694756,0.0,0.0,0.0,0.3,0.26678196,0.33321807
2025-11-22,-0.5932197,0.24583635,0,0.0652665,0.030825425,2.2426875,1.9084365,0.14637236,0.0,0.0,0.0,0.3,0.26917458,0.33082545
2025-11-22,-0.3606795,0.24583635,0,0.030456962,0.011763132,1.8090466,1.3299087,0.055098064,0.0,0.0,0.0,0.3,0.2882369,0.31176314
2025-11-22,-0.12813397,0.24583635,0,0.031233316,0.013231844,1.4285825,0.76031095,0.04461937,0.0,0.0,0.0,0.3,0.28676817,0.31323186
2025-11-22,0.104411565,0.24583635,0,0.032343682,0.011810524,1.2500199,0.46229666,0.040430248,0.0,0.0,0.0,0.3,0.2881895,0.31181052
2025-11-22,0.33695176,0.24583635,0,0.02970994,0.009764446,1.3642416,0.6550503,0.04053154,0.0,0.0,0.0,0.3,0.29023558,0.30976444
2025-11-22,0.5694973,0.24583635,0,0.031585954,0.009607472,1.8146533,1.3359907,0.057317555,0.0,0.0,0.0,0.3,0.29039255,0.30960748
2025-11-22,0.80204284,0.24583635,0,0.029848875,0.009172813,1.8537532,1.392656,0.05533245,0.0,0.0,0.0,0.3,0.29082718,0.30917284
2025-11-22,1.0345831,0.24583635,0,0.030917421,0.0112550445,2.0063162,1.5995394,0.06203012,0.0,0.0,0.0,0.3,0.28874496,0.31125507
2025-11-22,1.2671286,0.24583635,0,0.02874904,0.010440542,1.8525921,1.3884088,0.053260244,0.0,0.0,0.0,0.3,0.28955948,0.31044054
2025-11-22,1.4996741,0.24583635,0,0.024784701,0.0073592663,1.4426308,0.7813951,0.035755172,0.0,0.0,0.0,0.3,0.29264075,0.30735928
2025-11-22,1.7322143,0.24583635,0,0.023773134,0.006728442,1.3339679,0.60363513,0.0317126,0.0,0.0,0.0,0.3,0.29327157,0.30672845
2025-11-22,-1.290851,0.91514605,0,0.029371284,0.016338997,1.2869772,0.5260856,0.03780017,0.0,0.0,0.0,0.3,0.283661,0.31633902
2025-11-22,-1.0583107,0.91514605,0,0.022898383,0.009218868,1.2591313,0.47831562,0.028832072,0.0,0.0,0.0,0.3,0.29078114,0.30921888
2025-11-22,-0.82576525,0.91514605,0,0.021919213,0.010342557,1.3543429,0.6386481,0.029686132,0.0,0.0,0.0,0.3,0.28965744,0.31034258
2025-11-22,-0.5932197,0.91514605,0,0.01675311,0.006974916,1.4425222,0.7832456,0.024166731,0.0,0.0,0.0,0.3,0.2930251,0.30697492
2025-11-22,0.33695176,0.91514605,0,0.015335619,0.0063901795,1.5082893,0.87455934,0.023130551,0.0,0.0,0.0,0.3,0.29360983,0.3063902
2025-11-22,0.5694973,0.91514605,0,0.016368384,0.00516588,1.5904924,0.99828845,0.026033789,0.0,0.0,0.0,0.3,0.29483414,0.3051659
2025-11-22,0.80204284,0.91514605,0,0.016695596,0.004329468,1.5952196,1.0133907,0.026633143,0.0,0.0,0.0,0.3,0.29567054,0.30432948
2025-11-22,1.0345831,0.91514605,0,0.025841676,0.009981113,1.5770773,0.9908397,0.04075432,0.0,0.0,0.0,0.3,0.2900189,0.30998114
2025-11-22,1.2671286,0.91514605,0,0.026084192,0.010133225,1.5404972,0.9364188,0.040182624,0.0,0.0,0.0,0.3,0.28986678,0.31013325
2025-11-22,1.4996741,0.91514605,0,0.02734748,0.012394616,1.5419594,0.93771005,0.042168707,0.0,0.0,0.0,0.3,0.2876054,0.31239462
2025-11-22,1.7322143,0.91514605,0,0.027229998,0.012298042,1.5498979,0.94793373,0.042203717,0.0,0.0,0.0,0.3,0.28770196,0.31229806
2025-11-22,0.80204284,1.5844557,0,0.005316432,0.003491649,1.6769792,1.1203014,0.008915546,0.0,0.0,0.0,0.3,0.29650837,0.30349165
2025-11-22,1.0345831,1.5844557,0,0.008361543,0.0064207963,2.1689196,1.7768247,0.018135514,0.0,0.0,0.0,0.3,0.29357922,0.3064208
2025-11-22,1.2671286,1.5844557,0,0.007991758,0.004743665,1.8575852,1.3765063,0.014845371,0.0,0.0,0.0,0.3,0.29525635,0.30474368
2025-11-22,1.4996741,1.5844557,0,0.00955006,0.008082445,1.6157149,1.033783,0.015430175,0.0,0.0,0.0,0.3,0.29191756,0.30808246
2025-11-23,-1.290851,-2.43128,0,0.00018948723,0.0005079956,1.4058743,0.71493816,0.00026639522,0.0,0.0,0.0,0.3,0.299492,0.30050802
2025-11-23,-1.0583107,-2.43128,0,8.556831e-05,0.00012169699,1.4041094,0.71395093,0.00012014726,0.0,0.0,0.0,0.3,0.29987833,0.3001217
2025-11-23,-1.290851,-1.7620314,0,0.0009265621,0.001573901,1.5253258,0.9128052,0.0014133091,0.0,0.0,0.0,0.3,0.29842612,0.3015739
2025-11-23,-1.0583107,-1.7620314,0,0.00068456895,0.0007993475,1.4969196,0.86537945,0.0010247447,0.0,0.0,0.0,0.3,0.29920065,0.30079937
2025-11-23,-0.82576525,-1.7620314,0,0.00056234153,0.0008794317,1.4901447,0.8513377,0.0008379703,0.0,0.0,0.0,0.3,0.29912058,0.30087945
2025-11-23,-1.290851,-1.0927217,0,0.006648493,0.009895596,1.3162742,0.57243925,0.00875124,0.0,0.0,0.0,0.3,0.29010442,0.3098956
2025-11-23,-1.0583107,-1.0927217,0,0.005435827,0.00838539,1.3277608,0.59064007,0.0072174785,0.0,0.0,0.0,0.3,0.29161462,0.3083854
2025-11-23,-0.82576525,-1.0927217,0,0.004150138,0.005178708,1.3925389,0.6991813,0.005779228,0.0,0.0,0.0,0.3,0.2948213,0.30517873
2025-11-23,-0.5932197,-1.0927217,0,0.0031281614,0.0039282134,1.4149352,0.73278224,0.004426146,0.0,0.0,0.0,0.3,0.2960718,0.30392823
2025-11-23,-0.3606795,-1.0927217,0,0.002143029,0.0025137714,1.4284928,0.7567324,0.0030613013,0.0,0.0,0.0,0.3,0.29748625,0.30251378
2025-11-23,-1.290851,-0.42341205,0,0.04266751,0.030971033,1.5579622,0.9626522,0.06647437,0.0,0.0,0.0,0.3,0.269029,0.33097103
2025-11-23,-1.0583107,-0.42341205,0,0.03183572,0.023237607,1.4887544,0.8561469,0.04739557,0.0,0.0,0.0,0.3,0.2767624,0.32323763
2025-11-23,-0.82576525,-0.42341205,0,0.0263932,0.018973794,1.3146397,0.5733565,0.034697548,0.0,0.0,0.0,0.3,0.2810262,0.3189738
2025-11-23,-0.5932197,-0.42341205,0,0.020048732,0.01397742,1.2303141,0.4287591,0.024666239,0.0,0.0,0.0,0.3,0.2860226,0.31397742
2025-11-23,-0.3606795,-0.42341205,0,0.014681581,0.0078060967,1.2482193,0.45927298,0.018325832,0.0,0.0,0.0,0.3,0.29219392,0.3078061
2025-11-23,-0.12813397,-0.42341205,0,0.015093353,0.0063588056,1.4349989,0.77015656,0.021658944,0.0,0.0,0.0,0.3,0.2936412,0.3063588
2025-11-23,0.104411565,-0.42341205,0,0.017415905,0.008851762,1.7596438,1.2587229,0.03064579,0.0,0.0,0.0,0.3,0.29114825,0.30885178
2025-11-23,0.33695176,-0.42341205,0,0.018006284,0.0066024275,1.7735807,1.279266,0.0319356,0.0,0.0,0.0,0.3,0.29339758,0.30660245
2025-11-23,0.5694973,-0.42341205,0,0.017729064,0.008632766,1.8837018,1.431798,0.03339627,0.0,0.0,0.0,0.3,0.29136723,0.3086328
2025-11-23,1.7322143,-0.42341205,0,0.011503351,0.0045580287,1.5242699,0.90543395,0.017534211,0.0,0.0,0.0,0.3,0.295442,0.30455804
2025-11-23,-1.290851,0.24583635,3,0.08269629,0.047368865,1.5058964,0.8829526,0.12453205,0.0,0.0,0.0,0.3,0.25263116,0.34736887
2025-11-23,-1.0583107,0.24583635,0,0.06697801,0.03234281,1.919281,1.482443,0.12854962,0.0,0.0,0.0,0.3,0.2676572,0.33234283
2025-11-23,-0.82576525,0.24583635,0,0.048183963,0.018239824,1.9752408,1.5590274,0.09517493,0.0,0.0,0.0,0.3,0.2817602,0.31823984
2025-11-23,-0.5932197,0.24583635,0,0.039742026,0.015629515,1.8856267,1.436539,0.074938625,0.0,0.0,0.0,0.3,0.28437048,0.31562954
2025-11-23,-0.3606795,0.24583635,0,0.030739985,0.01176776,1.7652344,1.2674197,0.05426328,0.0,0.0,0.0,0.3,0.28823227,0.31176776
2025-11-23,-0.12813397,0.24583635,0,0.028704159,0.007777647,1.4079477,0.7266283,0.040413953,0.0,0.0,0.0,0.3,0.29222235,0.30777767
2025-11-23,0.104411565,0.24583635,0,0.030081332,0.009854192,1.2436802,0.45023412,0.03741156,0.0,0.0,0.0,0.3,0.2901458,0.3098542
2025-11-23,0.33695176,0.24583635,0,0.028423438,0.0075228084,1.359285,0.6470642,0.038635552,0.0,0.0,0.0,0.3,0.2924772,0.30752283
2025-11-23,0.5694973,0.24583635,0,0.030001424,0.01007866,1.6725975,1.1329371,0.05018031,0.0,0.0,0.0,0.3,0.28992134,0.31007868
2025-11-23,0.80204284,0.24583635,0,0.029325122,0.007752483,1.7145736,1.1951852,0.05028008,0.0,0.0,0.0,0.3,0.29224753,0.3077525
2025-11-23,1.0345831,0.24583635,0,0.030737845,0.010546542,1.8589793,1.3993777,0.05714102,0.0,0.0,0.0,0.3,0.28945348,0.31054655
2025-11-23,1.2671286,0.24583635,0,0.028189883,0.009501561,1.7206335,1.2022411,0.048504457,0.0,0.0,0.0,0.3,0.29049847,0.30950156
2025-11-23,1.4996741,0.24583635,0,0.025728628,0.008614959,1.3903282,0.6963237,0.035771236,0.0,0.0,0.0,0.3,0.29138505,0.30861497
2025-11-23,1.7322143,0.24583635,0,0.025123343,0.010889874,1.3210557,0.58285266,0.033189334,0.0,0.0,0.0,0.3,0.28911012,0.3108899
2025-11-23,-1.290851,0.91514605,1,0.026096107,0.013356047,1.2888687,0.52998966,0.033634454,0.0,0.0,0.0,0.3,0.28664395,0.31335607
2025-11-23,-1.0583107,0.91514605,0,0.02475209,0.015352274,1.2718335,0.50070554,0.03148054,0.0,0.0,0.0,0.3,0.28464773,0.3153523
2025-11-23,-0.82576525,0.91514605,0,0.019052098,0.008358925,1.344532,0.62182736,0.025616156,0.0,0.0,0.0,0.3,0.2916411,0.30835894
2025-11-23,-0.5932197,0.91514605,0,0.015780065,0.0070421593,1.4186352,0.74475086,0.022386156,0.0,0.0,0.0,0.3,0.29295784,0.30704218
2025-11-23,0.33695176,0.91514605,0,0.014030862,0.0045982725,1.4967824,0.85280186,0.021001147,0.0,0.0,0.0,0.3,0.29540175,0.30459827
2025-11-23,0.5694973,0.91514605,0,0.016994404,0.0065985285,1.4750295,0.8205113,0.025067246,0.0,0.0,0.0,0.3,0.29340148,0.30659854
2025-11-23,0.80204284,0.91514605,0,0.015199887,0.0051642284,1.4437406,0.77986133,0.021944694,0.0,0.0,0.0,0.3,0.29483578,0.30516425
2025-11-23,1.0345831,0.91514605,0,0.023622531,0.007903496,1.496238,0.8669235,0.03534493,0.0,0.0,0.0,0.3,0.29209653,0.3079035
2025-11-23,1.2671286,0.91514605,0,0.025577517,0.009833619,1.5091918,0.8879662,0.03860138,0.0,0.0,0.0,0.3,0.29016638,0.30983365
2025-11-23,1.4996741,0.91514605,0,0.025830355,0.010610558,1.5241272,0.9104342,0.03936875,0.0,0.0,0.0,0.3,0.28938946,0.31061056
2025-11-23,1.7322143,0.91514605,0,0.0274873,0.013611105,1.5461156,0.94318175,0.042498544,0.0,0.0,0.0,0.3,0.2863889,0.31361112
2025-11-23,0.80204284,1.5844557,0,0.0048862873,0.0030024392,1.6444721,1.0731378,0.008035364,0.0,0.0,0.0,0.3,0.29699758,0.30300245
2025-11-23,1.0345831,1.5844557,0,0.007193073,0.004200176,2.2749271,1.9083447,0.016363718,0.0,0.0,0.0,0.3,0.29579982,0.3042002
2025-11-23,1.2671286,1.5844557,0,0.00841017,0.0056307046,1.9561149,1.4998661,0.016451258,0.0,0.0,0.0,0.3,0.2943693,0.3056307
2025-11-23,1.4996741,1.5844557,0,0.009496454,0.0063086567,1.6327025,1.0510013,0.0155048845,0.0,0.0,0.0,0.3,0.29369137,0.30630866
2025-11-24,-1.290851,-2.43128,0,0.0024438398,0.0036111788,1.5851309,0.9934375,0.003873806,0.0,0.0,0.0,0.3,0.29638883,0.3036112
2025-11-24,-1.0583107,-2.43128,0,0.001787379,0.0032286623,1.6031797,1.0165389,0.0028654898,0.0,0.0,0.0,0.3,0.29677135,0.30322868
2025-11-24,-1.290851,-1.7620314,0,0.014554859,0.014521672,1.7163357,1.1973716,0.024981024,0.0,0.0,0.0,0.3,0.28547835,0.31452167
2025-11-24,-1.0583107,-1.7620314,0,0.011435995,0.01448897,1.680664,1.1398007,0.019220063,0.0,0.0,0.0,0.3,0.28551105,0.31448898
2025-11-24,-0.82576525,-1.7620314,0,0.0083013335,0.010089768,1.6656867,1.117117,0.013827421,0.0,0.0,0.0,0.3,0.28991026,0.31008977
2025-11-24,-1.290851,-1.0927217,0,0.07163052,0.04020323,1.4934932,0.85751945,0.1069797,0.0,0.0,0.0,0.3,0.2597968,0.34020323
2025-11-24,-1.0583107,-1.0927217,0,0.05513537,0.03786776,1.4842695,0.8395741,0.08183575,0.0,0.0,0.0,0.3,0.26213226,0.33786777
2025-11-24,-0.82576525,-1.0927217,0,0.04464126,0.020292923,1.5438064,0.93723226,0.06891747,0.0,0.0,0.0,0.3,0.27970707,0.32029295
2025-11-24,-0.5932197,-1.0927217,0,0.035337504,0.018913941,1.5724102,0.971928,0.05556505,0.0,0.0,0.0,0.3,0.28108606,0.31891397
2025-11-24,-0.3606795,-1.0927217,0,0.045609612,0.026782459,1.5719135,0.97266173,0.07169437,0.0,0.0,0.0,0.3,0.27321756,0.32678246
2025-11-24,-1.290851,-0.42341205,2,0.2735554,0.060211003,2.0141027,1.6095194,0.55096865,0.0,0.7066010041071485,0.0,0.3,0.23978901,0.360211
2025-11-24,-1.0583107,-0.42341205,3,0.29530513,0.06567079,1.9090887,1.4683629,0.5637637,0.0,0.7356715672572991,0.0,0.3,0.23432922,0.3656708
2025-11-24,-0.82576525,-0.42341205,0,0.13324748,0.029831175,1.4623702,0.8123397,0.19485714,0.0,0.0,0.0,0.3,0.27016884,0.32983118
2025-11-24,-0.5932197,-0.42341205,0,0.10738413,0.023324674,1.3442202,0.6210457,0.1443479,0.0,0.0,0.0,0.3,0.27667534,0.32332468
2025-11-24,-0.3606795,-0.42341205,0,0.10626252,0.0256717,1.395874,0.70574564,0.1483291,0.0,0.0,0.0,0.3,0.27432832,0.3256717
2025-11-24,-0.12813397,-0.42341205,0,0.11149634,0.03044557,1.6953263,1.1657246,0.18902268,0.0,0.0,0.0,0.3,0.26955444,0.3304456
2025-11-24,0.104411565,-0.42341205,0,0.124479495,0.02646033,2.138757,1.7733266,0.2662314,0.0,0.0,0.0,0.3,0.2735397,0.32646033
2025-11-24,0.33695176,-0.42341205,0,0.13129182,0.032264467,2.1132627,1.7414306,0.2774541,0.0,0.0,0.0,0.3,0.26773554,0.33226448
2025-11-24,0.5694973,-0.42341205,0,0.13949451,0.04352584,2.3122478,1.9943589,0.32254586,0.0,0.0,0.0,0.3,0.25647417,0.34352586
2025-11-24,1.7322143,-0.42341205,0,0.086217575,0.039172623,1.801947,1.3156459,0.1553595,0.0,0.0,0.0,0.3,0.2608274,0.33917263
2025-11-24,-1.290851,0.24583635,1,0.6509331,0.06070223,2.0951948,1.7191617,1.3638316,2.9975219875258787,2.280526567853108,5.509282750150646,0.3,0.23929778,0.36070225
2025-11-24,-1.0583107,0.24583635,6,0.33666405,0.037185274,2.5448575,2.2833874,0.85676205,1.3875604471078882,1.154603192526316,0.0,0.3,0.26281473,0.3371853
2025-11-24,-0.82576525,0.24583635,13,0.33139765,0.03481267,2.7571626,2.5374951,0.9137172,1.4709464120402496,1.2263891825798336,0.0,0.3,0.26518735,0.33481267
2025-11-24,-0.5932197,0.24583635,7,0.11123749,0.024938174,2.6009192,2.3507345,0.28931972,0.0,0.0,0.0,0.3,0.27506185,0.32493818
2025-11-24,-0.3606795,0.24583635,0,0.10557787,0.02149062,2.4032736,2.1077416,0.2537325,0.0,0.0,0.0,0.3,0.27850938,0.32149065
2025-11-24,-0.12813397,0.24583635,0,0.09996669,0.016962886,1.6511617,1.1000792,0.16506116,0.0,0.0,0.0,0.3,0.28303713,0.3169629
2025-11-24,0.104411565,0.24583635,0,0.101591565,0.021897076,1.3752494,0.66971916,0.13971373,0.0,0.0,0.0,0.3,0.27810293,0.3218971
2025-11-24,0.33695176,0.24583635,0,0.110398285,0.029870959,1.5145274,0.8945637,0.16720124,0.0,0.0,0.0,0.3,0.27012905,0.32987097
2025-11-24,0.5694973,0.24583635,0,0.11824443,0.03169392,1.8214601,1.3471861,0.21537752,0.0,0.0,0.0,0.3,0.26830608,0.33169395
2025-11-24,0.80204284,0.24583635,0,0.116157554,0.026515411,1.8615651,1.4037766,0.21623485,0.0,0.0,0.0,0.3,0.2734846,0.32651544
2025-11-24,1.0345831,0.24583635,0,0.09871163,0.025670523,1.9715323,1.5542672,0.19461317,0.0,0.0,0.0,0.3,0.27432948,0.32567054
2025-11-24,1.2671286,0.24583635,0,0.08997648,0.029947825,1.8859965,1.436059,0.16969533,0.0,0.0,0.0,0.3,0.2700522,0.32994783
2025-11-24,1.4996741,0.24583635,0,0.078903235,0.026366673,1.5229709,0.9029359,0.12016733,0.0,0.0,0.0,0.3,0.27363333,0.3263667
2025-11-24,1.7322143,0.24583635,0,0.07996158,0.032918103,1.4669482,0.8165316,0.1172995,0.0,0.0,0.0,0.3,0.26708192,0.3329181
2025-11-24,-1.290851,0.91514605,0,0.16918208,0.04929745,1.4558382,0.8021993,0.24630173,0.0,0.0,0.0,0.3,0.25070256,0.34929746
2025-11-24,-1.0583107,0.91514605,0,0.0319605,0.013719918,1.4070222,0.72456765,0.044969134,0.0,0.0,0.0,0.3,0.2862801,0.31371993
2025-11-24,-0.82576525,0.91514605,0,0.030089175,0.013438761,1.5222324,0.9042688,0.045802716,0.0,0.0,0.0,0.3,0.28656125,0.31343877
2025-11-24,-0.5932197,0.91514605,0,0.02795194,0.013723828,1.6404742,1.0854164,0.045854438,0.0,0.0,0.0,0.3,0.2862762,0.31372383
2025-11-24,0.33695176,0.91514605,0,0.036978148,0.021006724,1.6826195,1.1274467,0.062220152,0.0,0.0,0.0,0.3,0.27899328,0.32100675
2025-11-24,0.5694973,0.91514605,0,0.03401557,0.014101049,1.5840043,0.9840259,0.053880807,0.0,0.0,0.0,0.3,0.28589895,0.31410107
2025-11-24,0.80204284,0.91514605,0,0.03564732,0.014555957,1.5314648,0.9159245,0.054592617,0.0,0.0,0.0,0.3,0.28544405,0.31455597
2025-11-24,1.0345831,0.91514605,0,0.037382834,0.013689544,1.5852667,1.0025979,0.05926176,0.0,0.0,0.0,0.3,0.28631046,0.31368956
2025-11-24,1.2671286,0.91514605,0,0.030988405,0.013533997,1.6948564,1.1656772,0.052520897,0.0,0.0,0.0,0.3,0.286466,0.31353402
2025-11-24,1.4996741,0.91514605,0,0.030357394,0.015205853,1.7962669,1.3103228,0.054529984,0.0,0.0,0.0,0.3,0.28479415,0.31520587
2025-11-24,1.7322143,0.91514605,0,0.03159331,0.017880617,1.8881453,1.4368262,0.059652764,0.0,0.0,0.0,0.3,0.2821194,0.31788063
2025-11-24,0.80204284,1.5844557,0,0.007375943,0.0054166783,1.8746336,1.3996413,0.01382719,0.0,0.0,0.0,0.3,0.29458332,0.3054167
2025-11-24,1.0345831,1.5844557,0,0.0076359026,0.0084110685,2.5249915,2.2210534,0.01928059,0.0,0.0,0.0,0.3,0.29158893,0.3084111
2025-11-24,1.2671286,1.5844557,0,0.0076325936,0.006216142,2.3816245,2.0401194,0.018177971,0.0,0.0,0.0,0.3,0.29378387,0.30621615
2025-11-24,1.4996741,1.5844557,0,0.009733615,0.0067206216,2.0032203,1.5589375,0.019498575,0.0,0.0,0.0,0.3,0.29327938,0.30672064
2025-11-25,-1.290851,-2.43128,0,0.004089765,0.007118315,1.6591253,1.1029537,0.0067854323,0.0,0.0,0.0,0.3,0.2928817,0.30711833
2025-11-25,-1.0583107,-2.43128,0,0.0020356171,0.002937313,1.6864713,1.1367964,0.0034330098,0.0,0.0,0.0,0.3,0.2970627,0.30293733
2025-11-25,-1.290851,-1.7620314,0,0.026274849,0.041640498,1.7566347,1.2556782,0.04615531,0.0,0.0,0.0,0.3,0.25835952,0.3416405
2025-11-25,-1.0583107,-1.7620314,0,0.013873275,0.018440912,1.7313302,1.2154002,0.02401922,0.0,0.0,0.0,0.3,0.2815591,0.3184409
2025-11-25,-0.82576525,-1.7620314,0,0.009668897,0.009798551,1.7282605,1.2115513,0.016710373,0.0,0.0,0.0,0.3,0.29020146,0.30979857
2025-11-25,-1.290851,-1.0927217,0,0.08725187,0.049143568,1.5732938,0.9815697,0.13727283,0.0,0.0,0.0,0.3,0.25085646,0.34914356
2025-11-25,-1.0583107,-1.0927217,0,0.06414232,0.032277185,1.5518591,0.9426712,0.09953984,0.0,0.0,0.0,0.3,0.26772282,0.3322772
2025-11-25,-0.82576525,-1.0927217,0,0.0518408,0.02311681,1.6107501,1.0377234,0.083502576,0.0,0.0,0.0,0.3,0.2768832,0.3231168
2025-11-25,-0.5932197,-1.0927217,0,0.04690496,0.028886741,1.613009,1.0332199,0.07565812,0.0,0.0,0.0,0.3,0.27111328,0.32888675
2025-11-25,-0.3606795,-1.0927217,0,0.048059758,0.030543022,1.5963589,1.0051876,0.076720625,0.0,0.0,0.0,0.3,0.26945698,0.33054304
2025-11-25,-1.290851,-0.42341205,2,0.46758035,0.07817322,2.1175742,1.7457141,0.9901361,1.0347441839640459,1.0401825875187987,1.0304160274640788,0.3,0.22182679,0.37817323
2025-11-25,-1.0583107,-0.42341205,1,0.5120863,0.08560077,2.1030152,1.7269241,1.0769252,1.1300614466973558,1.1365395660949265,1.1249058317644305,0.3,0.21439925,0.38560078
2025-11-25,-0.82576525,-0.42341205,0,0.12806794,0.033137344,1.4650027,0.8156986,0.18761988,0.0,0.0,0.0,0.3,0.26686266,0.33313736
2025-11-25,-0.5932197,-0.42341205,0,0.10985837,0.027211376,1.3521931,0.633392,0.14854974,0.0,0.0,0.0,0.3,0.27278864,0.32721138
2025-11-25,-0.3606795,-0.42341205,0,0.11466794,0.032657,1.4765686,0.83541304,0.16931507,0.0,0.0,0.0,0.3,0.267343,0.332657
2025-11-25,-0.12813397,-0.42341205,2,0.12451973,0.028129373,1.7885262,1.2996503,0.2227068,0.0,0.0,0.0,0.3,0.27187064,0.32812938
2025-11-25,0.104411565,-0.42341205,0,0.12662694,0.030774156,2.0833313,1.7011228,0.26380587,0.0,0.0,0.0,0.3,0.26922587,0.33077416
2025-11-25,0.33695176,-0.42341205,6,0.14905298,0.039165463,2.0435874,1.6506344,0.3046028,0.0,0.0,0.0,0.3,0.26083454,0.33916548
2025-11-25,0.5694973,-0.42341205,6,0.16398013,0.0423843,2.3073108,1.9891927,0.37835312,0.0,0.0,0.0,0.3,0.25761572,0.3423843
2025-11-25,1.7322143,-0.42341205,0,0.08549393,0.046588268,1.8760016,1.4222821,0.16038674,0.0,0.0,0.0,0.3,0.25341174,0.34658828
2025-11-25,-1.290851,0.24583635,3,0.5122913,0.06390636,1.9309992,1.4988565,0.9892341,1.0380631789103154,1.0440161854098948,1.0333254753699108,0.3,0.23609366,0.36390638
2025-11-25,-1.0583107,0.24583635,2,0.8921803,0.051075738,4.244432,4.1771784,3.7867987,4.1123260180856125,4.152012733215593,4.08074132373132,0.3,0.24892427,0.35107574
2025-11-25,-0.82576525,0.24583635,3,0.99406236,0.006440751,8.71749,8.715684,8.665729,9.4957346429261,9.596924971228677,9.415202263751365,0.3,0.29355925,0.30644077
2025-11-25,-0.5932197,0.24583635,2,0.9404934,0.027601372,5.385345,5.3570027,5.0648813,5.523854797757154,5.579810624918721,5.479322321525463,0.3,0.27239865,0.32760137
2025-11-25,-0.3606795,0.24583635,0,0.10487463,0.022889258,2.747542,2.5216985,0.28814745,0.0,0.0,0.0,0.3,0.27711076,0.32288927
2025-11-25,-0.12813397,0.24583635,0,0.11060412,0.022557944,1.7544383,1.2505552,0.1940481,0.0,0.0,0.0,0.3,0.27744207,0.32255796
2025-11-25,0.104411565,0.24583635,0,0.11756858,0.022111466,1.4535762,0.7977816,0.17089489,0.0,0.0,0.0,0.3,0.27788854,0.3221115
2025-11-25,0.33695176,0.24583635,0,0.12965953,0.031051243,1.5658445,0.9743926,0.20302667,0.0,0.0,0.0,0.3,0.26894876,0.33105126
2025-11-25,0.5694973,0.24583635,2,0.13349126,0.03143085,1.7781681,1.2868341,0.23736991,0.0,0.0,0.0,0.3,0.26856917,0.33143085
2025-11-25,0.80204284,0.24583635,3,0.14208649,0.03494087,1.8161111,1.3406234,0.25804484,0.0,0.0,0.0,0.3,0.26505914,0.33494088
2025-11-25,1.0345831,0.24583635,4,0.11881296,0.03467646,1.9088291,1.4692982,0.22679365,0.0,0.0,0.0,0.3,0.26532355,0.33467647
2025-11-25,1.2671286,0.24583635,2,0.099322855,0.027517933,1.8467155,1.3826326,0.18342105,0.0,0.0,0.0,0.3,0.27248207,0.32751796
2025-11-25,1.4996741,0.24583635,0,0.08211609,0.03175405,1.5508916,0.94603986,0.12735316,0.0,0.0,0.0,0.3,0.26824597,0.33175406
2025-11-25,1.7322143,0.24583635,0,0.06478345,0.022083335,1.5248942,0.90534914,0.098787904,0.0,0.0,0.0,0.3,0.27791667,0.32208335
2025-11-25,-1.290851,0.91514605,0,0.055421576,0.034969583,1.4195421,0.7429249,0.07867326,0.0,0.0,0.0,0.3,0.26503044,0.33496958
2025-11-25,-1.0583107,0.91514605,0,0.041643776,0.02042332,1.4241339,0.7505485,0.059306312,0.0,0.0,0.0,0.3,0.2795767,0.32042333
2025-11-25,-0.82576525,0.91514605,0,0.02910947,0.01756112,1.5862663,1.0022761,0.04617537,0.0,0.0,0.0,0.3,0.2824389,0.31756112
2025-11-25,-0.5932197,0.91514605,0,0.027153991,0.01556249,1.7386823,1.2259021,0.047212165,0.0,0.0,0.0,0.3,0.28443754,0.3155625
2025-11-25,0.33695176,0.91514605,0,0.035684496,0.019534092,1.6725304,1.1224426,0.059683405,0.0,0.0,0.0,0.3,0.28046593,0.3195341
2025-11-25,0.5694973,0.91514605,0,0.03309258,0.013938752,1.6219236,1.0466236,0.053673636,0.0,0.0,0.0,0.3,0.28606126,0.31393877
2025-11-25,0.80204284,0.91514605,0,0.03871996,0.017883284,1.5664359,0.9715431,0.060652334,0.0,0.0,0.0,0.3,0.28211674,0.31788328
2025-11-25,1.0345831,0.91514605,0,0.03627803,0.013155457,1.5646259,0.9709255,0.056761548,0.0,0.0,0.0,0.3,0.28684455,0.31315547
2025-11-25,1.2671286,0.91514605,0,0.042410742,0.029144835,1.6417273,1.0853479,0.069626875,0.0,0.0,0.0,0.3,0.2708552,0.32914484
2025-11-25,1.4996741,0.91514605,0,0.035954237,0.024165517,1.8538562,1.3884417,0.06665398,0.0,0.0,0.0,0.3,0.2758345,0.32416552
2025-11-25,1.7322143,0.91514605,0,0.03486312,0.025823968,2.1456282,1.7763461,0.0748033,0.0,0.0,0.0,0.3,0.27417603,0.325824
2025-11-25,0.80204284,1.5844557,0,0.0066833138,0.003958936,1.8556472,1.3832957,0.012401872,0.0,0.0,0.0,0.3,0.29604107,0.30395895
2025-11-25,1.0345831,1.5844557,0,0.006967642,0.0045446693,2.2645326,1.9151753,0.015778452,0.0,0.0,0.0,0.3,0.29545534,0.3045447
2025-11-25,1.2671286,1.5844557,0,0.006721816,0.004679306,2.1997283,1.8276577,0.014786169,0.0,0.0,0.0,0.3,0.29532072,0.3046793
2025-11-25,1.4996741,1.5844557,0,0.007457049,0.008054682,1.9690771,1.5299591,0.014683505,0.0,0.0,0.0,0.3,0.29194534,0.3080547
2025-11-26,-1.290851,-2.43128,0,0.004405398,0.009350939,1.6871532,1.1364471,0.0074325814,0.0,0.0,0.0,0.3,0.2906491,0.30935094
2025-11-26,-1.0583107,-2.43128,0,0.0015322705,0.0014012053,1.7026402,1.1607692,0.0026089053,0.0,0.0,0.0,0.3,0.2985988,0.30140123
2025-11-26,-1.290851,-1.7620314,0,0.032561768,0.023365121,1.7888175,1.3020581,0.05824706,0.0,0.0,0.0,0.3,0.2766349,0.32336512
2025-11-26,-1.0583107,-1.7620314,0,0.055957746,0.043953113,1.8120197,1.3331574,0.10139654,0.0,0.0,0.0,0.3,0.2560469,0.34395313
2025-11-26,-0.82576525,-1.7620314,0,0.01082708,0.021563144,1.7354705,1.2242362,0.01879008,0.0,0.0,0.0,0.3,0.27843687,0.32156315
2025-11-26,-1.290851,-1.0927217,0,0.0765757,0.046348475,1.5983402,1.0205958,0.12239401,0.0,0.0,0.0,0.3,0.25365153,0.3463485
2025-11-26,-1.0583107,-1.0927217,0,0.06466376,0.04674766,1.5544581,0.94652325,0.10051711,0.0,0.0,0.0,0.3,0.25325236,0.34674767
2025-11-26,-0.82576525,-1.0927217,0,0.08680678,0.039756063,1.6353028,1.0729042,0.14195538,0.0,0.0,0.0,0.3,0.26024395,0.33975607
2025-11-26,-0.5932197,-1.0927217,0,0.043741193,0.032722957,1.5932605,1.0068403,0.069691114,0.0,0.0,0.0,0.3,0.26727706,0.33272296
2025-11-26,-0.3606795,-1.0927217,0,0.04261737,0.02324953,1.5733148,0.9709431,0.06705054,0.0,0.0,0.0,0.3,0.27675048,0.32324955
2025-11-26,-1.290851,-0.42341205,1,0.5188767,0.08151757,2.1427946,1.7795618,1.1118461,1.1548017832524962,1.1440516478236487,1.150852581874669,0.3,0.21848243,0.3815176
2025-11-26,-1.0583107,-0.42341205,0,0.3974415,0.057534285,1.9085364,1.4667656,0.7585316,0.7809785960194159,0.7753609806775892,0.7789148923205294,0.3,0.24246573,0.3575343
2025-11-26,-0.82576525,-0.42341205,0,0.12676018,0.035566855,1.4209845,0.74634606,0.18012425,0.0,0.0,0.0,0.3,0.26443315,0.33556688
2025-11-26,-0.5932197,-0.42341205,0,0.10841338,0.027606374,1.3158381,0.57375747,0.14265446,0.0,0.0,0.0,0.3,0.27239364,0.32760638
2025-11-26,-0.3606795,-0.42341205,0,0.10988019,0.023749277,1.487016,0.85258687,0.16339359,0.0,0.0,0.0,0.3,0.27625072,0.3237493
2025-11-26,-0.12813397,-0.42341205,0,0.5066311,0.07219805,1.9189211,1.4815676,0.9721851,1.008858603644889,0.9996806493192403,1.0054869633424588,0.3,0.22780196,0.37219805
2025-11-26,0.104411565,-0.42341205,1,0.12999608,0.030139579,1.9124514,1.4728825,0.24861118,0.0,0.0,0.0,0.3,0.26986045,0.33013958
2025-11-26,0.33695176,-0.42341205,3,0.91708565,0.042145945,3.037907,2.8639064,2.7860208,2.9762626513615933,2.9286525220236883,2.9587724541799627,0.3,0.25785407,0.34214595
2025-11-26,0.5694973,-0.42341205,7,0.9116252,0.04868077,3.7061906,3.6008017,3.3786569,3.6079929164189046,3.5505990438677815,3.5869085345468874,0.3,0.25131923,0.3486808
2025-11-26,1.7322143,-0.42341205,0,0.08356541,0.035111368,1.821188,1.347552,0.15218832,0.0,0.0,0.0,0.3,0.26488864,0.33511138
2025-11-26,-1.290851,0.24583635,0,0.6719494,0.06967683,2.1555607,1.7957088,1.4484277,1.5208955138565465,1.502759639697744,1.5142330657701863,0.3,0.23032318,0.36967683
2025-11-26,-1.0583107,0.24583635,0,0.6157119,0.11031095,3.5017138,3.3805048,2.1560469,2.2548902692800303,2.2301536194773233,2.2458029408337743,0.3,0.18968907,0.41031095
2025-11-26,-0.82576525,0.24583635,3,0.76317126,0.096093476,4.9440913,4.904754,3.7731884,3.9875970557350238,3.9339389166784704,3.9678850439100257,0.3,0.20390654,0.3960935
2025-11-26,-0.5932197,0.24583635,3,0.60690135,0.06508126,3.7564456,3.655843,2.2797918,2.382812702530152,2.3570305951948907,2.373341311729021,0.3,0.23491874,0.36508128
2025-11-26,-0.3606795,0.24583635,0,0.106755346,0.019004023,2.4960554,2.2219598,0.26646724,0.0,0.0,0.0,0.3,0.280996,0.31900403
2025-11-26,-0.12813397,0.24583635,0,0.11330719,0.027768612,1.6587427,1.1125587,0.18794748,0.0,0.0,0.0,0.3,0.2722314,0.32776862
2025-11-26,0.104411565,0.24583635,0,0.12503828,0.030582618,1.4696848,0.82547396,0.18376687,0.0,0.0,0.0,0.3,0.2694174,0.33058262
2025-11-26,0.33695176,0.24583635,0,0.13186625,0.03275462,1.578178,0.9938664,0.20810841,0.0,0.0,0.0,0.3,0.26724538,0.33275464
2025-11-26,0.5694973,0.24583635,3,0.60991013,0.060356367,1.9385567,1.5100715,1.1823454,1.2360389416885675,1.2226015391789964,1.2311025379700793,0.3,0.23964365,0.3603564
2025-11-26,0.80204284,0.24583635,2,0.75341165,0.055536088,2.192096,1.8455292,1.6515507,1.7441986721182086,1.7210124844817964,1.7356809260147912,0.3,0.24446392,0.3555361
2025-11-26,1.0345831,0.24583635,4,0.8031472,0.062221266,2.4930928,2.2218788,2.0023205,2.1220609179401433,2.092094566770328,2.1110523910139882,0.3,0.23777875,0.36222127
2025-11-26,1.2671286,0.24583635,0,0.64913994,0.060278397,2.2104926,1.8682853,1.434919,1.504273977611517,1.486917130637169,1.4978977152435204,0.3,0.23972161,0.3602784
2025-11-26,1.4996741,0.24583635,0,0.28562158,0.031713802,1.587719,1.0032808,0.4534868,0.0,0.4607174560014612,0.0,0.3,0.2682862,0.33171383
2025-11-26,1.7322143,0.24583635,0,0.076301955,0.035913333,1.5234259,0.90472513,0.116240375,0.0,0.0,0.0,0.3,0.26408666,0.33591336
2025-11-26,-1.290851,0.91514605,0,0.04803264,0.028502228,1.3531901,0.6355642,0.06499729,0.0,0.0,0.0,0.3,0.2714978,0.32850224
2025-11-26,-1.0583107,0.91514605,0,0.037207257,0.016190784,1.3312974,0.5985227,0.049533926,0.0,0.0,0.0,0.3,0.2838092,0.3161908
2025-11-26,-0.82576525,0.91514605,0,0.028894834,0.013219485,1.4956264,0.86404204,0.04321588,0.0,0.0,0.0,0.3,0.28678054,0.3132195
2025-11-26,-0.5932197,0.91514605,0,0.025847472,0.011481191,1.6563172,1.1045933,0.042811614,0.0,0.0,0.0,0.3,0.28851882,0.3114812
2025-11-26,0.33695176,0.91514605,0,0.032817468,0.012394863,1.6474761,1.0916358,0.054065995,0.0,0.0,0.0,0.3,0.28760514,0.3123949
2025-11-26,0.5694973,0.91514605,0,0.034759954,0.015548614,1.6924758,1.1532493,0.05883038,0.0,0.0,0.0,0.3,0.2844514,0.31554863
2025-11-26,0.80204284,0.91514605,0,0.038962785,0.015770946,1.6159722,1.0468498,0.06296278,0.0,0.0,0.0,0.3,0.28422907,0.31577095
2025-11-26,1.0345831,0.91514605,0,0.03677196,0.0180283,1.5746453,0.9861086,0.057902794,0.0,0.0,0.0,0.3,0.28197172,0.3180283
2025-11-26,1.2671286,0.91514605,1,0.033854686,0.01855729,1.6062965,1.0301158,0.054380663,0.0,0.0,0.0,0.3,0.28144273,0.3185573
2025-11-26,1.4996741,0.91514605,0,0.031729802,0.015198877,1.8333985,1.3564508,0.05817337,0.0,0.0,0.0,0.3,0.28480113,0.3151989
2025-11-26,1.7322143,0.91514605,0,0.030816982,0.015650615,2.2852225,1.9447341,0.07042366,0.0,0.0,0.0,0.3,0.28434938,0.31565064
2025-11-26,0.80204284,1.5844557,0,0.006822234,0.0044301297,1.664151,1.1159871,0.011353227,0.0,0.0,0.0,0.3,0.2955699,0.30443013
2025-11-26,1.0345831,1.5844557,0,0.0070489603,0.004741132,1.9728457,1.5482914,0.013906511,0.0,0.0,0.0,0.3,0.29525888,0.30474114
2025-11-26,1.2671286,1.5844557,0,0.007462622,0.0054443227,2.0145307,1.6020784,0.015033681,0.0,0.0,0.0,0.3,0.2945557,0.30544433
2025-11-26,1.4996741,1.5844557,0,0.008207309,0.0059520253,1.8595225,1.3944684,0.015261675,0.0,0.0,0.0,0.3,0.29404798,0.30595204
2025-11-27,-1.290851,-2.43128,0,0.0037271362,0.0137520665,1.7034479,1.1524295,0.0063489825,0.0,0.0,0.0,0.3,0.28624794,0.31375208
2025-11-27,-1.0583107,-2.43128,0,0.0017113051,0.0020356155,1.6989673,1.1581374,0.0029074515,0.0,0.0,0.0,0.3,0.2979644,0.30203563
2025-11-27,-1.290851,-1.7620314,0,0.016010221,0.017940534,1.7396448,1.2321292,0.027852098,0.0,0.0,0.0,0.3,0.2820595,0.31794053
2025-11-27,-1.0583107,-1.7620314,0,0.010604344,0.008739349,1.7264956,1.2128608,0.018308355,0.0,0.0,0.0,0.3,0.29126066,0.30873936
2025-11-27,-0.82576525,-1.7620314,0,0.007849438,0.006438732,1.7257082,1.211221,0.01354584,0.0,0.0,0.0,0.3,0.29356128,0.30643874
2025-11-27,-1.290851,-1.0927217,0,0.07032533,0.042931203,1.5906732,1.0078983,0.11186462,0.0,0.0,0.0,0.3,0.2570688,0.3429312
2025-11-27,-1.0583107,-1.0927217,0,0.049960405,0.029838925,1.5303073,0.90891063,0.07645477,0.0,0.0,0.0,0.3,0.2701611,0.32983893
2025-11-27,-0.82576525,-1.0927217,0,0.042259637,0.01972541,1.5806965,0.989482,0.066799656,0.0,0.0,0.0,0.3,0.2802746,0.31972542
2025-11-27,-0.5932197,-1.0927217,0,0.037795376,0.017299065,1.5668108,0.9678929,0.059218206,0.0,0.0,0.0,0.3,0.28270096,0.31729907
2025-11-27,-0.3606795,-1.0927217,0,0.038980283,0.022734413,1.5522782,0.94178486,0.06050824,0.0,0.0,0.0,0.3,0.2772656,0.32273442
2025-11-27,-1.290851,-0.42341205,0,0.38858303,0.08774682,1.9409404,1.5126145,0.7542165,0.7939189072217698,0.7866616358637696,0.8082328942749981,0.3,0.21225318,0.38774684
2025-11-27,-1.0583107,-0.42341205,0,0.1529445,0.03926826,1.7797892,1.2878474,0.272209,0.0,0.0,0.0,0.3,0.26073176,0.33926827
2025-11-27,-0.82576525,-0.42341205,0,0.12189909,0.034137227,1.4139022,0.7350596,0.17235339,0.0,0.0,0.0,0.3,0.2658628,0.33413723
2025-11-27,-0.5932197,-0.42341205,0,0.10746272,0.023642933,1.2944635,0.5378302,0.13910657,0.0,0.0,0.0,0.3,0.27635708,0.32364294
2025-11-27,-0.3606795,-0.42341205,0,0.105979465,0.02403398,1.4800084,0.8416432,0.1568505,0.0,0.0,0.0,0.3,0.27596602,0.324034
2025-11-27,-0.12813397,-0.42341205,0,0.11693838,0.029912243,1.7115574,1.1910945,0.20014675,0.0,0.0,0.0,0.3,0.27008778,0.32991225
2025-11-27,0.104411565,-0.42341205,0,0.42823794,0.050518733,1.90887,1.4691235,0.8174506,0.8648730037136617,0.8562045795053832,0.8819702990700503,0.3,0.24948128,0.35051873
2025-11-27,0.33695176,-0.42341205,0,0.7136775,0.07432588,2.4179716,2.1305537,1.725652,1.8924889517171763,1.8619925403799316,1.9526390019933082,0.3,0.22567412,0.3743259
2025-11-27,0.5694973,-0.42341205,0,0.9462841,0.03797236,4.169736,4.096043,3.9457548,4.451566273258969,4.359108135471085,4.633927455854469,0.3,0.26202765,0.33797237
2025-11-27,1.7322143,-0.42341205,0,0.092693426,0.04244974,1.7778658,1.2868241,0.16479647,0.0,0.0,0.0,0.3,0.25755027,0.34244975
2025-11-27,-1.290851,0.24583635,3,0.20261581,0.049446266,1.7033746,1.1775836,0.34513062,0.0,0.0,0.0,0.3,0.25055376,0.34944627
2025-11-27,-1.0583107,0.24583635,6,0.33766946,0.07406043,2.7258723,2.5005307,0.92044383,0.9625481029993451,0.9548517925034676,0.0,0.3,0.22593957,0.37406045
2025-11-27,-0.82576525,0.24583635,5,0.7100161,0.11945091,4.8591843,4.817674,3.450099,3.781945154702475,3.721286435240004,3.901586281817567,0.3,0.1805491,0.41945094
2025-11-27,-0.5932197,0.24583635,4,0.723892,0.06645586,3.2118046,3.0589538,2.3249996,2.552998970518066,2.511322575997176,2.6352000268337603,0.3,0.23354414,0.36645588
2025-11-27,-0.3606795,0.24583635,0,0.10546815,0.020606494,2.1147635,1.7423999,0.2230402,0.0,0.0,0.0,0.3,0.27939352,0.3206065
2025-11-27,-0.12813397,0.24583635,0,0.108244516,0.024916047,1.5628043,0.9685744,0.169165,0.0,0.0,0.0,0.3,0.27508396,0.32491606
2025-11-27,0.104411565,0.24583635,0,0.10588874,0.01946295,1.4937105,0.8636155,0.15816712,0.0,0.0,0.0,0.3,0.28053707,0.31946295
2025-11-27,0.33695176,0.24583635,0,0.11169927,0.026898397,1.6407586,1.0877736,0.18327154,0.0,0.0,0.0,0.3,0.27310163,0.3268984
2025-11-27,0.5694973,0.24583635,0,0.71883005,0.059421513,2.1359282,1.7727698,1.5353694,1.6848814366528908,1.6575518788026924,1.7387852963737964,0.3,0.2405785,0.35942152
2025-11-27,0.80204284,0.24583635,0,0.6257316,0.05312179,2.1793013,1.8290578,1.3636576,1.4792503127542909,1.4581209248310774,1.5209251751448376,0.3,0.24687822,0.35312182
2025-11-27,1.0345831,0.24583635,0,0.8237411,0.055628385,2.945841,2.7565625,2.4266102,2.69739723312198,2.647899620710837,2.795024584817705,0.3,0.24437162,0.3556284
2025-11-27,1.2671286,0.24583635,0,0.2767763,0.037009228,2.0446527,1.6518085,0.5659114,0.0,0.5832513372474531,0.0,0.3,0.26299077,0.33700925
2025-11-27,1.4996741,0.24583635,0,0.08863744,0.033681057,1.58362,0.9990337,0.14036801,0.0,0.0,0.0,0.3,0.26631895,0.33368108
2025-11-27,1.7322143,0.24583635,0,0.078928225,0.026040656,1.5131758,0.8908124,0.119432285,0.0,0.0,0.0,0.3,0.27395937,0.32604066
2025-11-27,-1.290851,0.91514605,0,0.0461156,0.023395106,1.3243451,0.5887819,0.061072968,0.0,0.0,0.0,0.3,0.2766049,0.32339513
2025-11-27,-1.0583107,0.91514605,0,0.03525403,0.017758664,1.2703949,0.4958579,0.044786543,0.0,0.0,0.0,0.3,0.28224134,0.31775868
2025-11-27,-0.82576525,0.91514605,0,0.032638773,0.017100144,1.4295857,0.7606135,0.046659924,0.0,0.0,0.0,0.3,0.28289986,0.31710017
2025-11-27,-0.5932197,0.91514605,0,0.026609506,0.010890108,1.5967917,1.0177597,0.04248984,0.0,0.0,0.0,0.3,0.28910992,0.3108901
2025-11-27,0.33695176,0.91514605,0,0.03458639,0.01976163,1.6720303,1.1294822,0.05782949,0.0,0.0,0.0,0.3,0.2802384,0.31976163
2025-11-27,0.5694973,0.91514605,0,0.033361074,0.015788268,1.8109344,1.3196156,0.060414717,0.0,0.0,0.0,0.3,0.28421175,0.31578827
2025-11-27,0.80204284,0.91514605,0,0.036250517,0.016297735,1.6838313,1.1451875,0.061039757,0.0,0.0,0.0,0.3,0.28370228,0.31629774
2025-11-27,1.0345831,0.91514605,0,0.03515783,0.018604707,1.5739775,0.9852053,0.05533763,0.0,0.0,0.0,0.3,0.28139532,0.3186047
2025-11-27,1.2671286,0.91514605,0,0.20787676,0.052179664,1.6096561,1.034733,0.33461007,0.0,0.0,0.0,0.3,0.24782035,0.35217968
2025-11-27,1.4996741,0.91514605,0,0.028133318,0.012068971,1.7929149,1.2992971,0.050440643,0.0,0.0,0.0,0.3,0.28793105,0.31206897
2025-11-27,1.7322143,0.91514605,0,0.03116612,0.015544335,2.334477,1.9984363,0.07275659,0.0,0.0,0.0,0.3,0.2844557,0.31554434
2025-11-27,0.80204284,1.5844557,0,0.0072971983,0.0052959374,1.5942487,1.0090948,0.011633549,0.0,0.0,0.0,0.3,0.29470408,0.30529594
2025-11-27,1.0345831,1.5844557,0,0.0076998714,0.008058138,1.8655528,1.4069968,0.014364516,0.0,0.0,0.0,0.3,0.29194188,0.30805814
2025-11-27,1.2671286,1.5844557,0,0.00967227,0.007755624,1.9088806,1.4667333,0.01846321,0.0,0.0,0.0,0.3,0.29224437,0.30775565
2025-11-27,1.4996741,1.5844557,0,0.010056169,0.0074722944,1.8279004,1.3546094,0.018381676,0.0,0.0,0.0,0.3,0.2925277,0.30747232
2025-11-28,-1.290851,-2.43128,0,0.0030489448,0.0067536132,1.692996,1.140175,0.005161851,0.0,0.0,0.0,0.3,0.2932464,0.30675364
2025-11-28,-1.0583107,-2.43128,0,0.0036185766,0.009589302,1.6891345,1.1473578,0.0061122626,0.0,0.0,0.0,0.3,0.2904107,0.30958933
2025-11-28,-1.290851,-1.7620314,0,0.014897097,0.018285569,1.716065,1.1981437,0.025564387,0.0,0.0,0.0,0.3,0.28171444,0.31828558
2025-11-28,-1.0583107,-1.7620314,0,0.011126523,0.01333051,1.7074652,1.1855843,0.01899815,0.0,0.0,0.0,0.3,0.2866695,0.31333053
2025-11-28,-0.82576525,-1.7620314,0,0.007296501,0.0066143028,1.7061837,1.1835321,0.012449171,0.0,0.0,0.0,0.3,0.2933857,0.3066143
2025-11-28,-1.290851,-1.0927217,0,0.06070786,0.040877897,1.5577172,0.95654154,0.094565675,0.0,0.0,0.0,0.3,0.2591221,0.34087792
2025-11-28,-1.0583107,-1.0927217,0,0.049849477,0.029719684,1.4923935,0.8489505,0.07439504,0.0,0.0,0.0,0.3,0.27028033,0.3297197
2025-11-28,-0.82576525,-1.0927217,0,0.038077936,0.018343557,1.557895,0.9493935,0.059321422,0.0,0.0,0.0,0.3,0.28165644,0.31834358
2025-11-28,-0.5932197,-1.0927217,0,0.035940934,0.023518564,1.5438572,0.9319647,0.05548767,0.0,0.0,0.0,0.3,0.27648145,0.32351857
2025-11-28,-0.3606795,-1.0927217,0,0.03770623,0.024163436,1.5183163,0.8919584,0.057249982,0.0,0.0,0.0,0.3,0.2758366,0.32416344
2025-11-28,-1.290851,-0.42341205,0,0.1801822,0.05902858,1.833332,1.364309,0.3303338,0.0,0.0,0.0,0.3,0.24097143,0.35902858
2025-11-28,-1.0583107,-0.42341205,0,0.1422941,0.0391034,1.8433712,1.3772289,0.26230082,0.0,0.0,0.0,0.3,0.26089662,0.3391034
2025-11-28,-0.82576525,-0.42341205,0,0.122689985,0.03523872,1.4678272,0.82079583,0.1800877,0.0,0.0,0.0,0.3,0.2647613,0.33523872
2025-11-28,-0.5932197,-0.42341205,0,0.102774546,0.025500558,1.31302,0.56851506,0.13494503,0.0,0.0,0.0,0.3,0.27449945,0.32550058
2025-11-28,-0.3606795,-0.42341205,0,0.107436985,0.029442044,1.468326,0.8231627,0.15775251,0.0,0.0,0.0,0.3,0.27055797,0.32944205
2025-11-28,-0.12813397,-0.42341205,0,0.11832716,0.027538382,1.6672909,1.1269382,0.1972858,0.0,0.0,0.0,0.3,0.27246162,0.3275384
2025-11-28,0.104411565,-0.42341205,0,0.1248615,0.031368215,1.7460874,1.2414258,0.2180191,0.0,0.0,0.0,0.3,0.2686318,0.33136824
2025-11-28,0.33695176,-0.42341205,0,0.12525809,0.02765634,1.8462996,1.3832061,0.23126397,0.0,0.0,0.0,0.3,0.27234367,0.32765636
2025-11-28,0.5694973,-0.42341205,0,0.12922202,0.037693184,2.2676995,1.9391892,0.2930367,0.0,0.0,0.0,0.3,0.26230684,0.33769318
2025-11-28,1.7322143,-0.42341205,0,0.091390975,0.038309872,1.7417033,1.2352436,0.15917596,0.0,0.0,0.0,0.3,0.26169014,0.33830988
2025-11-28,-1.290851,0.24583635,0,0.5514872,0.070668146,1.9453493,1.5172093,1.0728353,1.1981379328758517,1.2140692649920752,1.185745365943713,0.3,0.22933187,0.37066817
2025-11-28,-1.0583107,0.24583635,1,0.8812017,0.05462888,3.442482,3.314887,3.033521,3.5996479955547187,3.6716270104311883,3.543657400853746,0.3,0.24537113,0.3546289
2025-11-28,-0.82576525,0.24583635,1,0.8417088,0.051548474,3.4439979,3.3170424,2.8988433,3.4155905604042562,3.481291287852492,3.36448368142812,0.3,0.24845153,0.3515485
2025-11-28,-0.5932197,0.24583635,3,0.79543436,0.05535522,2.7695906,2.552842,2.2030275,2.5741487673587553,2.62133418937483,2.537444460632267,0.3,0.24464479,0.35535523
2025-11-28,-0.3606795,0.24583635,0,0.10296438,0.02139691,1.8304118,1.3585072,0.18846722,0.0,0.0,0.0,0.3,0.2786031,0.32139692
2025-11-28,-0.12813397,0.24583635,0,0.10114349,0.024052145,1.4712659,0.8255173,0.14880897,0.0,0.0,0.0,0.3,0.27594787,0.32405216
2025-11-28,0.104411565,0.24583635,0,0.09923521,0.022329006,1.4688654,0.8242989,0.14576316,0.0,0.0,0.0,0.3,0.277671,0.322329
2025-11-28,0.33695176,0.24583635,0,0.10571167,0.023245145,1.6604079,1.116503,0.17552449,0.0,0.0,0.0,0.3,0.27675486,0.32324517
2025-11-28,0.5694973,0.24583635,0,0.093524724,0.024106732,1.8855062,1.4369397,0.17634144,0.0,0.0,0.0,0.3,0.27589327,0.32410675
2025-11-28,0.80204284,0.24583635,0,0.090512656,0.023278968,1.9421176,1.5149266,0.17578621,0.0,0.0,0.0,0.3,0.27672103,0.323279
2025-11-28,1.0345831,0.24583635,0,0.08337092,0.03630054,2.322198,2.0085928,0.19360377,0.0,0.0,0.0,0.3,0.26369947,0.33630055
2025-11-28,1.2671286,0.24583635,0,0.08313281,0.02922938,2.1210961,1.7519971,0.17633268,0.0,0.0,0.0,0.3,0.27077064,0.32922938
2025-11-28,1.4996741,0.24583635,0,0.087732546,0.028165355,1.5787317,0.9917548,0.13850614,0.0,0.0,0.0,0.3,0.27183467,0.32816535
2025-11-28,1.7322143,0.24583635,0,0.08925517,0.031818938,1.4721262,0.8265054,0.13139488,0.0,0.0,0.0,0.3,0.2681811,0.33181894
2025-11-28,-1.290851,0.91514605,0,0.043996703,0.026392728,1.3144718,0.5728114,0.057832427,0.0,0.0,0.0,0.3,0.27360728,0.32639274
2025-11-28,-1.0583107,0.91514605,0,0.03605104,0.014108187,1.2457664,0.45380747,0.044911172,0.0,0.0,0.0,0.3,0.28589183,0.3141082
2025-11-28,-0.82576525,0.91514605,0,0.032168597,0.016042208,1.3994899,0.7129722,0.045019627,0.0,0.0,0.0,0.3,0.2839578,0.3160422
2025-11-28,-0.5932197,0.91514605,0,0.02780425,0.012283471,1.566944,0.97528666,0.043567702,0.0,0.0,0.0,0.3,0.28771654,0.3122835
2025-11-28,0.33695176,0.91514605,0,0.033043437,0.013940082,1.6617311,1.1150775,0.054909308,0.0,0.0,0.0,0.3,0.28605992,0.3139401
2025-11-28,0.5694973,0.91514605,0,0.032986555,0.01425394,1.812318,1.3224127,0.059782125,0.0,0.0,0.0,0.3,0.28574607,0.31425396
2025-11-28,0.80204284,0.91514605,0,0.034929972,0.014148535,1.6542133,1.1019337,0.057781626,0.0,0.0,0.0,0.3,0.28585148,0.31414855
2025-11-28,1.0345831,0.91514605,0,0.03087579,0.01854024,1.506823,0.8817106,0.04652435,0.0,0.0,0.0,0.3,0.28145978,0.31854025
2025-11-28,1.2671286,0.91514605,0,0.031204881,0.015971791,1.4853288,0.84649473,0.046349507,0.0,0.0,0.0,0.3,0.28402823,0.3159718
2025-11-28,1.4996741,0.91514605,0,0.03733506,0.026972167,1.7110518,1.1846281,0.063882224,0.0,0.0,0.0,0.3,0.27302784,0.3269722
2025-11-28,1.7322143,0.91514605,0,0.034577556,0.017161364,2.147484,1.7640542,0.07425475,0.0,0.0,0.0,0.3,0.28283864,0.31716138
2025-11-28,0.80204284,1.5844557,0,0.0065784706,0.0040390617,1.5990114,1.0100183,0.010519049,0.0,0.0,0.0,0.3,0.29596096,0.30403906
2025-11-28,1.0345831,1.5844557,0,0.008442314,0.0068618353,1.7806747,1.2893218,0.015033016,0.0,0.0,0.0,0.3,0.29313818,0.30686185
2025-11-28,1.2671286,1.5844557,0,0.008974867,0.0092835035,1.8132393,1.3360431,0.016273582,0.0,0.0,0.0,0.3,0.2907165,0.30928352
2025-11-28,1.4996741,1.5844557,0,0.008828252,0.0074293925,1.7800553,1.2869474,0.015714776,0.0,0.0,0.0,0.3,0.29257062,0.3074294
