method,week,date,longitude,latitude,y_true,y_pred
window_glm,november,2025-11-03,13.291666984558105,45.60416793823242,0.0,0.25229410660301266
window_glm,november,2025-11-03,13.208333015441895,45.6875,0.0,0.26029229067708887
window_glm,november,2025-11-03,13.708333015441895,45.60416793823242,0.0,0.2550229619801472
window_glm,november,2025-11-03,13.5,45.60416793823242,0.0,0.4270348021126165
window_glm,november,2025-11-03,13.5,45.6875,0.0,0.24707237821800146
window_glm,november,2025-11-03,13.166666984558105,45.5625,2.0,0.2087320170014545
window_glm,november,2025-11-03,13.208333015441895,45.5625,1.0,0.20275827330899918
window_glm,november,2025-11-03,13.291666984558105,45.5625,0.0,0.19814817828002654
window_glm,november,2025-11-03,13.166666984558105,45.52083206176758,0.0,0.27394438957965045
window_glm,november,2025-11-03,13.25,45.6875,0.0,0.25128660856219515
window_glm,november,2025-11-03,13.291666984558105,45.6875,0.0,0.247274549370391
window_glm,november,2025-11-03,13.458333015441895,45.60416793823242,0.0,0.5699416666462908
window_glm,november,2025-11-03,13.25,45.60416793823242,0.0,0.2773946909200493
window_glm,november,2025-11-03,13.5,45.64583206176758,1.0,0.5536551280699319
window_glm,november,2025-11-03,13.625,45.64583206176758,0.0,0.2648452917843919
window_glm,november,2025-11-03,13.166666984558105,45.60416793823242,2.0,0.47929496099599805
window_glm,november,2025-11-03,13.166666984558105,45.64583206176758,3.0,0.48305376563307656
window_glm,november,2025-11-03,13.583333015441895,45.72916793823242,0.0,0.26217399563900246
window_glm,november,2025-11-03,13.458333015441895,45.64583206176758,0.0,0.2998221188392477
window_glm,november,2025-11-03,13.375,45.60416793823242,1.0,0.3455997165287564
window_glm,november,2025-11-03,13.666666984558105,45.72916793823242,0.0,0.28560791601832686
window_glm,november,2025-11-03,13.333333015441895,45.64583206176758,0.0,0.24897777157432585
window_glm,november,2025-11-03,13.541666984558105,45.6875,0.0,0.2749140644697065
window_glm,november,2025-11-03,13.375,45.64583206176758,0.0,0.23783392857478255
window_glm,november,2025-11-03,13.208333015441895,45.47916793823242,0.0,0.189614867581571
window_glm,november,2025-11-03,13.208333015441895,45.52083206176758,1.0,0.2108721544093082
window_glm,november,2025-11-03,13.166666984558105,45.6875,0.0,0.2689466608781058
window_glm,november,2025-11-03,13.708333015441895,45.64583206176758,0.0,0.26991590781557195
window_glm,november,2025-11-03,13.416666984558105,45.64583206176758,0.0,0.2540188779185591
window_glm,november,2025-11-03,13.166666984558105,45.47916793823242,0.0,0.19062391340144877
window_glm,november,2025-11-03,13.25,45.5625,0.0,0.19916944531712974
window_glm,november,2025-11-03,13.625,45.72916793823242,0.0,0.27631183938091947
window_glm,november,2025-11-03,13.208333015441895,45.64583206176758,1.0,0.54197985801666
window_glm,november,2025-11-03,13.541666984558105,45.72916793823242,0.0,0.2516992049286484
window_glm,november,2025-11-03,13.25,45.64583206176758,0.0,0.3445414566003422
window_glm,november,2025-11-03,13.291666984558105,45.64583206176758,0.0,0.2640158337792566
window_glm,november,2025-11-03,13.666666984558105,45.64583206176758,0.0,0.27070357567340997
window_glm,november,2025-11-03,13.666666984558105,45.6875,0.0,0.27962622440957624
window_glm,november,2025-11-03,13.25,45.52083206176758,0.0,0.24676406794639047
window_glm,november,2025-11-03,13.333333015441895,45.5625,0.0,0.223355515427065
window_glm,november,2025-11-03,13.583333015441895,45.6875,1.0,0.3639494241929171
window_glm,november,2025-11-03,13.583333015441895,45.64583206176758,1.0,0.5952376630875537
window_glm,november,2025-11-03,13.333333015441895,45.60416793823242,0.0,0.2269632178051505
window_glm,november,2025-11-03,13.458333015441895,45.6875,0.0,0.2417313158259529
window_glm,november,2025-11-03,13.708333015441895,45.6875,0.0,0.2754052951038773
window_glm,november,2025-11-03,13.416666984558105,45.60416793823242,1.0,0.5059340802617475
window_glm,november,2025-11-03,13.541666984558105,45.64583206176758,4.0,0.5809776722545706
window_glm,november,2025-11-03,13.625,45.6875,0.0,0.2850309959546522
window_glm,november,2025-11-03,13.208333015441895,45.60416793823242,0.0,0.2860155521514319
